District,Block,State,ASSAM AND BENGAL PLAIN  HOT SUBHUMID  TO HUMID  (INCLUSION  OF PERHUMID) ECO-REGION,CENTRAL HIGHLANDS ( MALWA )  GUJARAT PLAIN AND KATHIAWAR PENINSULA  SEMI-ARID ECO-REGION,CENTRAL HIGHLANDS (MALWA AND BUNDELKHAND)  HOT SUBHUMID (DRY) ECO-REGION,DECCAN PLATEAU  (TELANGANA) AND EASTERN GHATS  HOT SEMI ARID ECO-REGION,DECCAN PLATU  HOT SEMI-ARID ECO-REGION,EASTERN COASTAL PLAIN  HOT SUBHUMID TO SEMI-ARID EGO-REGION,EASTERN GHATS AND TAMIL NADU UPLANDS AND DECCAN (K ARNATAKA) PLATEAU  HOT SEMI-ARID ECO-REGION,EASTERN HIMALAYAS  WARM PERHUMID ECO-REGION,EASTERN PLAIN  HOT SUBAUMID (MOIST) ECO-REGION,EASTERN PLATEAU (CHHATTISGARH REGION),EASTERN PLATEAU (CHHOTANAGPUR) AND EASTERN GHATS  HOT SUBHUMID ECO-REGION,KARNATAKA PLATEAU (RAYALSEEMA AS INCLUSION),WESTERN GHATS AND COASTAL PLAIN  HOT HUMID-PERHUMID ECO-REGION,zones_list,zone_count,is_shared,zone_label,display_color
Alluri Sitharama Raju,Addateegala,Andhra Pradesh,0.0,0.0,0.0,0.0,0.0,0.0,0.0,0.0,0.0,0.0,578.8482319668863,0.0,0.0,Eastern Plateau (Chhotanagpur) & Eastern Ghats (Subhumid),1,False,Eastern Plateau (Chhotanagpur) & Eastern Ghats (Subhumid),#5cb7aa
Alluri Sitharama Raju,Ananthagiri,Andhra Pradesh,0.0,0.0,0.0,0.0,0.0,0.0,0.0,0.0,0.0,0.0,909.3162344403744,0.0,0.0,Eastern Plateau (Chhotanagpur) & Eastern Ghats (Subhumid),1,False,Eastern Plateau (Chhotanagpur) & Eastern Ghats (Subhumid),#5cb7aa
Alluri Sitharama Raju,Araku Valley,Andhra Pradesh,0.0,0.0,0.0,0.0,0.0,0.0,0.0,0.0,0.0,0.0,381.5437981477436,0.0,0.0,Eastern Plateau (Chhotanagpur) & Eastern Ghats (Subhumid),1,False,Eastern Plateau (Chhotanagpur) & Eastern Ghats (Subhumid),#5cb7aa
Alluri Sitharama Raju,Chintapalle,Andhra Pradesh,0.0,0.0,0.0,0.0,0.0,0.0,0.0,0.0,0.0,0.0,756.8105902181297,0.0,0.0,Eastern Plateau (Chhotanagpur) & Eastern Ghats (Subhumid),1,False,Eastern Plateau (Chhotanagpur) & Eastern Ghats (Subhumid),#5cb7aa
Alluri Sitharama Raju,Chintur,Andhra Pradesh,0.0,0.0,0.0,347.333243046514,0.0,0.0,0.0,0.0,0.0,0.0,805.6641012587113,0.0,0.0,Deccan Plateau (Telangana) & Eastern Ghats (Semi-Arid); Eastern Plateau (Chhotanagpur) & Eastern Ghats (Subhumid),2,True,Shared: Deccan Plateau (Telangana) & Eastern Ghats (Semi-Arid) + Eastern Plateau (Chhotanagpur) & Eastern Ghats (Subhumid),#888888
Alluri Sitharama Raju,Devipatnam,Andhra Pradesh,0.0,0.0,0.0,30.2122597756765,0.0,0.0,0.0,0.0,0.0,0.0,405.8128508739391,0.0,0.0,Deccan Plateau (Telangana) & Eastern Ghats (Semi-Arid); Eastern Plateau (Chhotanagpur) & Eastern Ghats (Subhumid),2,True,Shared: Deccan Plateau (Telangana) & Eastern Ghats (Semi-Arid) + Eastern Plateau (Chhotanagpur) & Eastern Ghats (Subhumid),#888888
Alluri Sitharama Raju,Dumbriguda,Andhra Pradesh,0.0,0.0,0.0,0.0,0.0,0.0,0.0,0.0,0.0,0.0,360.9617294683309,0.0,0.0,Eastern Plateau (Chhotanagpur) & Eastern Ghats (Subhumid),1,False,Eastern Plateau (Chhotanagpur) & Eastern Ghats (Subhumid),#5cb7aa
Alluri Sitharama Raju,G.Madugula,Andhra Pradesh,0.0,0.0,0.0,0.0,0.0,0.0,0.0,0.0,0.0,0.0,659.2198962251549,0.0,0.0,Eastern Plateau (Chhotanagpur) & Eastern Ghats (Subhumid),1,False,Eastern Plateau (Chhotanagpur) & Eastern Ghats (Subhumid),#5cb7aa
Alluri Sitharama Raju,Gangavaram,Andhra Pradesh,0.0,0.0,0.0,0.0,0.0,0.0,0.0,0.0,0.0,0.0,363.9175296723794,0.0,0.0,Eastern Plateau (Chhotanagpur) & Eastern Ghats (Subhumid),1,False,Eastern Plateau (Chhotanagpur) & Eastern Ghats (Subhumid),#5cb7aa
Alluri Sitharama Raju,Gudem Kotha Veedhi,Andhra Pradesh,0.0,0.0,0.0,0.0,0.0,0.0,0.0,0.0,0.0,0.0,978.7636411247928,0.0,0.0,Eastern Plateau (Chhotanagpur) & Eastern Ghats (Subhumid),1,False,Eastern Plateau (Chhotanagpur) & Eastern Ghats (Subhumid),#5cb7aa
Alluri Sitharama Raju,Hukumpeta,Andhra Pradesh,0.0,0.0,0.0,0.0,0.0,0.0,0.0,0.0,0.0,0.0,499.3228441666482,0.0,0.0,Eastern Plateau (Chhotanagpur) & Eastern Ghats (Subhumid),1,False,Eastern Plateau (Chhotanagpur) & Eastern Ghats (Subhumid),#5cb7aa
Alluri Sitharama Raju,Koyyuru,Andhra Pradesh,0.0,0.0,0.0,0.0,0.0,0.0,0.0,0.0,0.0,0.0,1143.845160290506,0.0,0.0,Eastern Plateau (Chhotanagpur) & Eastern Ghats (Subhumid),1,False,Eastern Plateau (Chhotanagpur) & Eastern Ghats (Subhumid),#5cb7aa
Alluri Sitharama Raju,Kunavaram,Andhra Pradesh,0.0,0.0,0.0,216.14225849197533,0.0,0.0,0.0,0.0,0.0,0.0,26.338211502633506,0.0,0.0,Deccan Plateau (Telangana) & Eastern Ghats (Semi-Arid); Eastern Plateau (Chhotanagpur) & Eastern Ghats (Subhumid),2,True,Shared: Deccan Plateau (Telangana) & Eastern Ghats (Semi-Arid) + Eastern Plateau (Chhotanagpur) & Eastern Ghats (Subhumid),#888888
Alluri Sitharama Raju,Maredumilli,Andhra Pradesh,0.0,0.0,0.0,0.0,0.0,0.0,0.0,0.0,0.0,0.0,1061.7277194756512,0.0,0.0,Eastern Plateau (Chhotanagpur) & Eastern Ghats (Subhumid),1,False,Eastern Plateau (Chhotanagpur) & Eastern Ghats (Subhumid),#5cb7aa
Alluri Sitharama Raju,Munchingi Puttu,Andhra Pradesh,0.0,0.0,0.0,0.0,0.0,0.0,0.0,0.0,0.0,0.0,581.9661915003579,0.0,0.0,Eastern Plateau (Chhotanagpur) & Eastern Ghats (Subhumid),1,False,Eastern Plateau (Chhotanagpur) & Eastern Ghats (Subhumid),#5cb7aa
Alluri Sitharama Raju,Nellipaka,Andhra Pradesh,0.0,0.0,0.0,364.9059745343504,0.0,0.0,0.0,0.0,0.0,0.0,0.0,0.0,0.0,Deccan Plateau (Telangana) & Eastern Ghats (Semi-Arid),1,False,Deccan Plateau (Telangana) & Eastern Ghats (Semi-Arid),#fece7c
Alluri Sitharama Raju,Paderu,Andhra Pradesh,0.0,0.0,0.0,0.0,0.0,0.0,0.0,0.0,0.0,0.0,456.4887837466714,0.0,0.0,Eastern Plateau (Chhotanagpur) & Eastern Ghats (Subhumid),1,False,Eastern Plateau (Chhotanagpur) & Eastern Ghats (Subhumid),#5cb7aa
Alluri Sitharama Raju,Peda Bayalu,Andhra Pradesh,0.0,0.0,0.0,0.0,0.0,0.0,0.0,0.0,0.0,0.0,578.1463107771082,0.0,0.0,Eastern Plateau (Chhotanagpur) & Eastern Ghats (Subhumid),1,False,Eastern Plateau (Chhotanagpur) & Eastern Ghats (Subhumid),#5cb7aa
Alluri Sitharama Raju,Rajavommangi,Andhra Pradesh,0.0,0.0,0.0,0.0,0.0,0.0,0.0,0.0,0.0,0.0,481.0263806307703,0.0,0.0,Eastern Plateau (Chhotanagpur) & Eastern Ghats (Subhumid),1,False,Eastern Plateau (Chhotanagpur) & Eastern Ghats (Subhumid),#5cb7aa
Alluri Sitharama Raju,Rampachodavaram,Andhra Pradesh,0.0,0.0,0.0,0.0,0.0,0.0,0.0,0.0,0.0,0.0,483.34236490561017,0.0,0.0,Eastern Plateau (Chhotanagpur) & Eastern Ghats (Subhumid),1,False,Eastern Plateau (Chhotanagpur) & Eastern Ghats (Subhumid),#5cb7aa
Alluri Sitharama Raju,Vararamachandrapuram,Andhra Pradesh,0.0,0.0,0.0,363.6017920217697,0.0,0.0,0.0,0.0,0.0,0.0,198.7762624682794,0.0,0.0,Deccan Plateau (Telangana) & Eastern Ghats (Semi-Arid); Eastern Plateau (Chhotanagpur) & Eastern Ghats (Subhumid),2,True,Shared: Deccan Plateau (Telangana) & Eastern Ghats (Semi-Arid) + Eastern Plateau (Chhotanagpur) & Eastern Ghats (Subhumid),#888888
Alluri Sitharama Raju,Y.Ramavaram,Andhra Pradesh,0.0,0.0,0.0,0.0,0.0,0.0,0.0,0.0,0.0,0.0,987.1230763044392,0.0,0.0,Eastern Plateau (Chhotanagpur) & Eastern Ghats (Subhumid),1,False,Eastern Plateau (Chhotanagpur) & Eastern Ghats (Subhumid),#5cb7aa
Anakapalli,Anakapalle,Andhra Pradesh,0.0,0.0,0.0,0.0,0.0,203.5321322451845,0.0,0.0,0.0,0.0,0.0,0.0,0.0,Eastern Coastal Plain (Subhumid–Semi-Arid),1,False,Eastern Coastal Plain (Subhumid–Semi-Arid),#fff1a8
Anakapalli,Atchutapuram,Andhra Pradesh,0.0,0.0,0.0,0.0,0.0,144.1868784415213,0.0,0.0,0.0,0.0,0.0,0.0,0.0,Eastern Coastal Plain (Subhumid–Semi-Arid),1,False,Eastern Coastal Plain (Subhumid–Semi-Arid),#fff1a8
Anakapalli,Butchayyapeta,Andhra Pradesh,0.0,0.0,0.0,0.0,0.0,205.28038546682484,0.0,0.0,0.0,0.0,1.6445394226252898,0.0,0.0,Eastern Coastal Plain (Subhumid–Semi-Arid); Eastern Plateau (Chhotanagpur) & Eastern Ghats (Subhumid),2,True,Shared: Eastern Coastal Plain (Subhumid–Semi-Arid) + Eastern Plateau (Chhotanagpur) & Eastern Ghats (Subhumid),#888888
Anakapalli,Cheedikada,Andhra Pradesh,0.0,0.0,0.0,0.0,0.0,51.25983994762655,0.0,0.0,0.0,0.0,91.04467287326626,0.0,0.0,Eastern Coastal Plain (Subhumid–Semi-Arid); Eastern Plateau (Chhotanagpur) & Eastern Ghats (Subhumid),2,True,Shared: Eastern Coastal Plain (Subhumid–Semi-Arid) + Eastern Plateau (Chhotanagpur) & Eastern Ghats (Subhumid),#888888
Anakapalli,Chodavaram,Andhra Pradesh,0.0,0.0,0.0,0.0,0.0,177.4255582514561,0.0,0.0,0.0,0.0,0.0,0.0,0.0,Eastern Coastal Plain (Subhumid–Semi-Arid),1,False,Eastern Coastal Plain (Subhumid–Semi-Arid),#fff1a8
Anakapalli,Devarapalle,Andhra Pradesh,0.0,0.0,0.0,0.0,0.0,82.23713512093951,0.0,0.0,0.0,0.0,118.48840271149676,0.0,0.0,Eastern Coastal Plain (Subhumid–Semi-Arid); Eastern Plateau (Chhotanagpur) & Eastern Ghats (Subhumid),2,True,Shared: Eastern Coastal Plain (Subhumid–Semi-Arid) + Eastern Plateau (Chhotanagpur) & Eastern Ghats (Subhumid),#888888
Anakapalli,Golugonda,Andhra Pradesh,0.0,0.0,0.0,0.0,0.0,38.16183763127904,0.0,0.0,0.0,0.0,228.9801140927024,0.0,0.0,Eastern Coastal Plain (Subhumid–Semi-Arid); Eastern Plateau (Chhotanagpur) & Eastern Ghats (Subhumid),2,True,Shared: Eastern Coastal Plain (Subhumid–Semi-Arid) + Eastern Plateau (Chhotanagpur) & Eastern Ghats (Subhumid),#888888
Anakapalli,K.Kotapadu,Andhra Pradesh,0.0,0.0,0.0,0.0,0.0,166.42681804445016,0.0,0.0,0.0,0.0,0.0,0.0,0.0,Eastern Coastal Plain (Subhumid–Semi-Arid),1,False,Eastern Coastal Plain (Subhumid–Semi-Arid),#fff1a8
Anakapalli,Kasimkota,Andhra Pradesh,0.0,0.0,0.0,0.0,0.0,155.3588850393074,0.0,0.0,0.0,0.0,0.0,0.0,0.0,Eastern Coastal Plain (Subhumid–Semi-Arid),1,False,Eastern Coastal Plain (Subhumid–Semi-Arid),#fff1a8
Anakapalli,Kotauratla,Andhra Pradesh,0.0,0.0,0.0,0.0,0.0,261.58431889426026,0.0,0.0,0.0,0.0,0.0,0.0,0.0,Eastern Coastal Plain (Subhumid–Semi-Arid),1,False,Eastern Coastal Plain (Subhumid–Semi-Arid),#fff1a8
Anakapalli,Madugula,Andhra Pradesh,0.0,0.0,0.0,0.0,0.0,21.45302754417335,0.0,0.0,0.0,0.0,182.96074605702967,0.0,0.0,Eastern Coastal Plain (Subhumid–Semi-Arid); Eastern Plateau (Chhotanagpur) & Eastern Ghats (Subhumid),2,True,Shared: Eastern Coastal Plain (Subhumid–Semi-Arid) + Eastern Plateau (Chhotanagpur) & Eastern Ghats (Subhumid),#888888
Anakapalli,Makavarapalem,Andhra Pradesh,0.0,0.0,0.0,0.0,0.0,177.75308956964054,0.0,0.0,0.0,0.0,0.0,0.0,0.0,Eastern Coastal Plain (Subhumid–Semi-Arid),1,False,Eastern Coastal Plain (Subhumid–Semi-Arid),#fff1a8
Anakapalli,Munagapaka,Andhra Pradesh,0.0,0.0,0.0,0.0,0.0,90.16147644766068,0.0,0.0,0.0,0.0,0.0,0.0,0.0,Eastern Coastal Plain (Subhumid–Semi-Arid),1,False,Eastern Coastal Plain (Subhumid–Semi-Arid),#fff1a8
Anakapalli,Nakkapalle,Andhra Pradesh,0.0,0.0,0.0,0.0,0.0,229.44249525912488,0.0,0.0,0.0,0.0,0.0,0.0,0.0,Eastern Coastal Plain (Subhumid–Semi-Arid),1,False,Eastern Coastal Plain (Subhumid–Semi-Arid),#fff1a8
Anakapalli,Narsipatnam,Andhra Pradesh,0.0,0.0,0.0,0.0,0.0,100.64935651814685,0.0,0.0,0.0,0.0,11.553033394275465,0.0,0.0,Eastern Coastal Plain (Subhumid–Semi-Arid); Eastern Plateau (Chhotanagpur) & Eastern Ghats (Subhumid),2,True,Shared: Eastern Coastal Plain (Subhumid–Semi-Arid) + Eastern Plateau (Chhotanagpur) & Eastern Ghats (Subhumid),#888888
Anakapalli,Nathavaram,Andhra Pradesh,0.0,0.0,0.0,0.0,0.0,227.70210873664632,0.0,0.0,0.0,0.0,88.13539168807641,0.0,0.0,Eastern Coastal Plain (Subhumid–Semi-Arid); Eastern Plateau (Chhotanagpur) & Eastern Ghats (Subhumid),2,True,Shared: Eastern Coastal Plain (Subhumid–Semi-Arid) + Eastern Plateau (Chhotanagpur) & Eastern Ghats (Subhumid),#888888
Anakapalli,Paravada,Andhra Pradesh,0.0,0.0,0.0,0.0,0.0,147.59474474274188,0.0,0.0,0.0,0.0,0.0,0.0,0.0,Eastern Coastal Plain (Subhumid–Semi-Arid),1,False,Eastern Coastal Plain (Subhumid–Semi-Arid),#fff1a8
Anakapalli,Payakaraopeta,Andhra Pradesh,0.0,0.0,0.0,0.0,0.0,141.91063226104373,0.0,0.0,0.0,0.0,0.0,0.0,0.0,Eastern Coastal Plain (Subhumid–Semi-Arid),1,False,Eastern Coastal Plain (Subhumid–Semi-Arid),#fff1a8
Anakapalli,Rambilli,Andhra Pradesh,0.0,0.0,0.0,0.0,0.0,170.55556186220878,0.0,0.0,0.0,0.0,0.0,0.0,0.0,Eastern Coastal Plain (Subhumid–Semi-Arid),1,False,Eastern Coastal Plain (Subhumid–Semi-Arid),#fff1a8
Anakapalli,Ravikamatham,Andhra Pradesh,0.0,0.0,0.0,0.0,0.0,154.57407558264595,0.0,0.0,0.0,0.0,101.41603340581923,0.0,0.0,Eastern Coastal Plain (Subhumid–Semi-Arid); Eastern Plateau (Chhotanagpur) & Eastern Ghats (Subhumid),2,True,Shared: Eastern Coastal Plain (Subhumid–Semi-Arid) + Eastern Plateau (Chhotanagpur) & Eastern Ghats (Subhumid),#888888
Anakapalli,Rolugunta,Andhra Pradesh,0.0,0.0,0.0,0.0,0.0,73.5869291228653,0.0,0.0,0.0,0.0,75.20623958031035,0.0,0.0,Eastern Coastal Plain (Subhumid–Semi-Arid); Eastern Plateau (Chhotanagpur) & Eastern Ghats (Subhumid),2,True,Shared: Eastern Coastal Plain (Subhumid–Semi-Arid) + Eastern Plateau (Chhotanagpur) & Eastern Ghats (Subhumid),#888888
Anakapalli,S.Rayavaram,Andhra Pradesh,0.0,0.0,0.0,0.0,0.0,183.33748155199947,0.0,0.0,0.0,0.0,0.0,0.0,0.0,Eastern Coastal Plain (Subhumid–Semi-Arid),1,False,Eastern Coastal Plain (Subhumid–Semi-Arid),#fff1a8
Anakapalli,Sabbavaram,Andhra Pradesh,0.0,0.0,0.0,0.0,0.0,173.51699037399842,0.0,0.0,0.0,0.0,0.0,0.0,0.0,Eastern Coastal Plain (Subhumid–Semi-Arid),1,False,Eastern Coastal Plain (Subhumid–Semi-Arid),#fff1a8
Anakapalli,Yelamanchili,Andhra Pradesh,0.0,0.0,0.0,0.0,0.0,183.9071954943402,0.0,0.0,0.0,0.0,0.0,0.0,0.0,Eastern Coastal Plain (Subhumid–Semi-Arid),1,False,Eastern Coastal Plain (Subhumid–Semi-Arid),#fff1a8
Anantapuramu,Anantapuramu,Andhra Pradesh,0.0,0.0,0.0,0.0,0.0,0.0,0.0,0.0,0.0,0.0,0.0,321.7399299798246,0.0,Karnataka Plateau (incl. Rayalaseema),1,False,Karnataka Plateau (incl. Rayalaseema),#3682ba
Anantapuramu,Atmakur,Andhra Pradesh,0.0,0.0,0.0,0.0,0.0,0.0,0.0,0.0,0.0,0.0,0.0,331.05297056089023,0.0,Karnataka Plateau (incl. Rayalaseema),1,False,Karnataka Plateau (incl. Rayalaseema),#3682ba
Anantapuramu,Beluguppa,Andhra Pradesh,0.0,0.0,0.0,0.0,0.0,0.0,0.0,0.0,0.0,0.0,0.0,365.2939312653076,0.0,Karnataka Plateau (incl. Rayalaseema),1,False,Karnataka Plateau (incl. Rayalaseema),#3682ba
Anantapuramu,Bommanahal,Andhra Pradesh,0.0,0.0,0.0,0.0,0.0,0.0,0.0,0.0,0.0,0.0,0.0,325.94933285812226,0.0,Karnataka Plateau (incl. Rayalaseema),1,False,Karnataka Plateau (incl. Rayalaseema),#3682ba
Anantapuramu,Brahmasamudram,Andhra Pradesh,0.0,0.0,0.0,0.0,0.0,0.0,0.0,0.0,0.0,0.0,0.0,312.2479947822534,0.0,Karnataka Plateau (incl. Rayalaseema),1,False,Karnataka Plateau (incl. Rayalaseema),#3682ba
Anantapuramu,Bukkaraya  Samudram,Andhra Pradesh,0.0,0.0,0.0,0.0,0.0,0.0,0.0,0.0,0.0,0.0,0.0,261.8359983082007,0.0,Karnataka Plateau (incl. Rayalaseema),1,False,Karnataka Plateau (incl. Rayalaseema),#3682ba
Anantapuramu,D.Hirehal,Andhra Pradesh,0.0,0.0,0.0,0.0,0.0,0.0,0.0,0.0,0.0,0.0,0.0,361.23570782122266,0.0,Karnataka Plateau (incl. Rayalaseema),1,False,Karnataka Plateau (incl. Rayalaseema),#3682ba
Anantapuramu,Garladinne,Andhra Pradesh,0.0,0.0,0.0,0.0,0.0,0.0,0.0,0.0,0.0,0.0,0.0,332.5184699022047,0.0,Karnataka Plateau (incl. Rayalaseema),1,False,Karnataka Plateau (incl. Rayalaseema),#3682ba
Anantapuramu,Gooty,Andhra Pradesh,0.0,0.0,0.0,41.70661716120538,0.0,0.0,0.0,0.0,0.0,0.0,0.0,274.9270593242063,0.0,Deccan Plateau (Telangana) & Eastern Ghats (Semi-Arid); Karnataka Plateau (incl. Rayalaseema),2,True,Shared: Deccan Plateau (Telangana) & Eastern Ghats (Semi-Arid) + Karnataka Plateau (incl. Rayalaseema),#888888
Anantapuramu,Gummagatta,Andhra Pradesh,0.0,0.0,0.0,0.0,0.0,0.0,0.0,0.0,0.0,0.0,0.0,262.3800015083484,0.0,Karnataka Plateau (incl. Rayalaseema),1,False,Karnataka Plateau (incl. Rayalaseema),#3682ba
Anantapuramu,Guntakal,Andhra Pradesh,0.0,0.0,0.0,12.727109169071747,0.0,0.0,0.0,0.0,0.0,0.0,0.0,410.7566550183345,0.0,Deccan Plateau (Telangana) & Eastern Ghats (Semi-Arid); Karnataka Plateau (incl. Rayalaseema),2,True,Shared: Deccan Plateau (Telangana) & Eastern Ghats (Semi-Arid) + Karnataka Plateau (incl. Rayalaseema),#888888
Anantapuramu,Kalyandurg,Andhra Pradesh,0.0,0.0,0.0,0.0,0.0,0.0,0.0,0.0,0.0,0.0,0.0,525.9854660990667,0.0,Karnataka Plateau (incl. Rayalaseema),1,False,Karnataka Plateau (incl. Rayalaseema),#3682ba
Anantapuramu,Kambadur,Andhra Pradesh,0.0,0.0,0.0,0.0,0.0,0.0,0.0,0.0,0.0,0.0,0.0,426.4950725634121,0.0,Karnataka Plateau (incl. Rayalaseema),1,False,Karnataka Plateau (incl. Rayalaseema),#3682ba
Anantapuramu,Kanekal,Andhra Pradesh,0.0,0.0,0.0,0.0,0.0,0.0,0.0,0.0,0.0,0.0,0.0,432.8441549470986,0.0,Karnataka Plateau (incl. Rayalaseema),1,False,Karnataka Plateau (incl. Rayalaseema),#3682ba
Anantapuramu,Kudair,Andhra Pradesh,0.0,0.0,0.0,0.0,0.0,0.0,0.0,0.0,0.0,0.0,0.0,413.5213549336036,0.0,Karnataka Plateau (incl. Rayalaseema),1,False,Karnataka Plateau (incl. Rayalaseema),#3682ba
Anantapuramu,Kundurpi,Andhra Pradesh,0.0,0.0,0.0,0.0,0.0,0.0,0.0,0.0,0.0,0.0,0.0,323.9316994903423,0.0,Karnataka Plateau (incl. Rayalaseema),1,False,Karnataka Plateau (incl. Rayalaseema),#3682ba
Anantapuramu,Narpala,Andhra Pradesh,0.0,0.0,0.0,0.0,0.0,0.0,0.0,0.0,0.0,0.0,0.0,282.89384823869966,0.0,Karnataka Plateau (incl. Rayalaseema),1,False,Karnataka Plateau (incl. Rayalaseema),#3682ba
Anantapuramu,Pamidi,Andhra Pradesh,0.0,0.0,0.0,0.0,0.0,0.0,0.0,0.0,0.0,0.0,0.0,298.3595102718519,0.0,Karnataka Plateau (incl. Rayalaseema),1,False,Karnataka Plateau (incl. Rayalaseema),#3682ba
Anantapuramu,Peddapappur,Andhra Pradesh,0.0,0.0,0.0,0.0,0.0,0.0,0.0,0.0,0.0,0.0,0.0,244.1119422314256,0.0,Karnataka Plateau (incl. Rayalaseema),1,False,Karnataka Plateau (incl. Rayalaseema),#3682ba
Anantapuramu,Peddavadugur,Andhra Pradesh,0.0,0.0,0.0,0.0,0.0,0.0,0.0,0.0,0.0,0.0,0.0,344.9211166960747,0.0,Karnataka Plateau (incl. Rayalaseema),1,False,Karnataka Plateau (incl. Rayalaseema),#3682ba
Anantapuramu,Putlur,Andhra Pradesh,0.0,0.0,0.0,0.0,0.0,0.0,0.0,0.0,0.0,0.0,0.0,371.578123939377,0.0,Karnataka Plateau (incl. Rayalaseema),1,False,Karnataka Plateau (incl. Rayalaseema),#3682ba
Anantapuramu,Raptadu,Andhra Pradesh,0.0,0.0,0.0,0.0,0.0,0.0,0.0,0.0,0.0,0.0,0.0,290.46565235000713,0.0,Karnataka Plateau (incl. Rayalaseema),1,False,Karnataka Plateau (incl. Rayalaseema),#3682ba
Anantapuramu,Rayadurg,Andhra Pradesh,0.0,0.0,0.0,0.0,0.0,0.0,0.0,0.0,0.0,0.0,0.0,360.7148322875673,0.0,Karnataka Plateau (incl. Rayalaseema),1,False,Karnataka Plateau (incl. Rayalaseema),#3682ba
Anantapuramu,Settur,Andhra Pradesh,0.0,0.0,0.0,0.0,0.0,0.0,0.0,0.0,0.0,0.0,0.0,332.47026843597973,0.0,Karnataka Plateau (incl. Rayalaseema),1,False,Karnataka Plateau (incl. Rayalaseema),#3682ba
Anantapuramu,Singanamala,Andhra Pradesh,0.0,0.0,0.0,0.0,0.0,0.0,0.0,0.0,0.0,0.0,0.0,345.5996596640851,0.0,Karnataka Plateau (incl. Rayalaseema),1,False,Karnataka Plateau (incl. Rayalaseema),#3682ba
Anantapuramu,Tadpatri,Andhra Pradesh,0.0,0.0,0.0,81.00483673175509,0.0,0.0,0.0,0.0,0.0,0.0,0.0,306.95796212355816,0.0,Deccan Plateau (Telangana) & Eastern Ghats (Semi-Arid); Karnataka Plateau (incl. Rayalaseema),2,True,Shared: Deccan Plateau (Telangana) & Eastern Ghats (Semi-Arid) + Karnataka Plateau (incl. Rayalaseema),#888888
Anantapuramu,Uravakonda,Andhra Pradesh,0.0,0.0,0.0,0.0,0.0,0.0,0.0,0.0,0.0,0.0,0.0,426.3237608680432,0.0,Karnataka Plateau (incl. Rayalaseema),1,False,Karnataka Plateau (incl. Rayalaseema),#3682ba
Anantapuramu,Vajrakarur,Andhra Pradesh,0.0,0.0,0.0,0.0,0.0,0.0,0.0,0.0,0.0,0.0,0.0,444.8576322718776,0.0,Karnataka Plateau (incl. Rayalaseema),1,False,Karnataka Plateau (incl. Rayalaseema),#3682ba
Anantapuramu,Vidapanakal,Andhra Pradesh,0.0,0.0,0.0,0.0,0.0,0.0,0.0,0.0,0.0,0.0,0.0,408.395045657314,0.0,Karnataka Plateau (incl. Rayalaseema),1,False,Karnataka Plateau (incl. Rayalaseema),#3682ba
Anantapuramu,Yadiki,Andhra Pradesh,0.0,0.0,0.0,67.59746133460833,0.0,0.0,0.0,0.0,0.0,0.0,0.0,301.7311075466779,0.0,Deccan Plateau (Telangana) & Eastern Ghats (Semi-Arid); Karnataka Plateau (incl. Rayalaseema),2,True,Shared: Deccan Plateau (Telangana) & Eastern Ghats (Semi-Arid) + Karnataka Plateau (incl. Rayalaseema),#888888
Anantapuramu,Yellanur,Andhra Pradesh,0.0,0.0,0.0,135.8341282785796,0.0,0.0,0.0,0.0,0.0,0.0,0.0,190.35212047319823,0.0,Deccan Plateau (Telangana) & Eastern Ghats (Semi-Arid); Karnataka Plateau (incl. Rayalaseema),2,True,Shared: Deccan Plateau (Telangana) & Eastern Ghats (Semi-Arid) + Karnataka Plateau (incl. Rayalaseema),#888888
Annamayya,B.Kothakota,Andhra Pradesh,0.0,0.0,0.0,0.0,0.0,0.0,300.2679774103324,0.0,0.0,0.0,0.0,0.0,0.0,"Eastern Ghats, TN Uplands & Deccan (Karnataka) Plateau (Semi-Arid)",1,False,"Eastern Ghats, TN Uplands & Deccan (Karnataka) Plateau (Semi-Arid)",#f4faad
Annamayya,Chinnamandem,Andhra Pradesh,0.0,0.0,0.0,198.37433404617167,0.0,0.0,11.249031015119398,0.0,0.0,0.0,0.0,0.0,0.0,"Deccan Plateau (Telangana) & Eastern Ghats (Semi-Arid); Eastern Ghats, TN Uplands & Deccan (Karnataka) Plateau (Semi-Arid)",2,True,"Shared: Deccan Plateau (Telangana) & Eastern Ghats (Semi-Arid) + Eastern Ghats, TN Uplands & Deccan (Karnataka) Plateau (Semi-Arid)",#888888
Annamayya,Chitvel,Andhra Pradesh,0.0,0.0,0.0,525.3624080670195,0.0,0.0,11.024452199253137,0.0,0.0,0.0,0.0,0.0,0.0,"Deccan Plateau (Telangana) & Eastern Ghats (Semi-Arid); Eastern Ghats, TN Uplands & Deccan (Karnataka) Plateau (Semi-Arid)",2,True,"Shared: Deccan Plateau (Telangana) & Eastern Ghats (Semi-Arid) + Eastern Ghats, TN Uplands & Deccan (Karnataka) Plateau (Semi-Arid)",#888888
Annamayya,Galiveedu,Andhra Pradesh,0.0,0.0,0.0,326.6882037469879,0.0,0.0,8.391532400312396,0.0,0.0,0.0,0.0,0.2119822332698838,0.0,"Deccan Plateau (Telangana) & Eastern Ghats (Semi-Arid); Eastern Ghats, TN Uplands & Deccan (Karnataka) Plateau (Semi-Arid); Karnataka Plateau (incl. Rayalaseema)",3,True,"Shared: Deccan Plateau (Telangana) & Eastern Ghats (Semi-Arid) + Eastern Ghats, TN Uplands & Deccan (Karnataka) Plateau (Semi-Arid) + Karnataka Plateau (incl. Rayalaseema)",#888888
Annamayya,Gurramkonda,Andhra Pradesh,0.0,0.0,0.0,6.602061073738544,0.0,0.0,257.2933512549515,0.0,0.0,0.0,0.0,0.0,0.0,"Deccan Plateau (Telangana) & Eastern Ghats (Semi-Arid); Eastern Ghats, TN Uplands & Deccan (Karnataka) Plateau (Semi-Arid)",2,True,"Shared: Deccan Plateau (Telangana) & Eastern Ghats (Semi-Arid) + Eastern Ghats, TN Uplands & Deccan (Karnataka) Plateau (Semi-Arid)",#888888
Annamayya,Kalakada,Andhra Pradesh,0.0,0.0,0.0,32.30354768369275,0.0,0.0,210.88031645939887,0.0,0.0,0.0,0.0,0.0,0.0,"Deccan Plateau (Telangana) & Eastern Ghats (Semi-Arid); Eastern Ghats, TN Uplands & Deccan (Karnataka) Plateau (Semi-Arid)",2,True,"Shared: Deccan Plateau (Telangana) & Eastern Ghats (Semi-Arid) + Eastern Ghats, TN Uplands & Deccan (Karnataka) Plateau (Semi-Arid)",#888888
Annamayya,Kalikiri,Andhra Pradesh,0.0,0.0,0.0,0.0,0.0,0.0,177.84323440145107,0.0,0.0,0.0,0.0,0.0,0.0,"Eastern Ghats, TN Uplands & Deccan (Karnataka) Plateau (Semi-Arid)",1,False,"Eastern Ghats, TN Uplands & Deccan (Karnataka) Plateau (Semi-Arid)",#f4faad
Annamayya,Kambhamvaripalle,Andhra Pradesh,0.0,0.0,0.0,4.736623896464825,0.0,0.0,302.79783548057,0.0,0.0,0.0,0.0,0.0,0.0,"Deccan Plateau (Telangana) & Eastern Ghats (Semi-Arid); Eastern Ghats, TN Uplands & Deccan (Karnataka) Plateau (Semi-Arid)",2,True,"Shared: Deccan Plateau (Telangana) & Eastern Ghats (Semi-Arid) + Eastern Ghats, TN Uplands & Deccan (Karnataka) Plateau (Semi-Arid)",#888888
Annamayya,Kodur,Andhra Pradesh,0.0,0.0,0.0,211.2843877804799,0.0,0.0,0.0,0.0,0.0,0.0,0.0,0.0,0.0,Deccan Plateau (Telangana) & Eastern Ghats (Semi-Arid),1,False,Deccan Plateau (Telangana) & Eastern Ghats (Semi-Arid),#fece7c
Annamayya,Kurabalakota,Andhra Pradesh,0.0,0.0,0.0,0.0,0.0,0.0,212.1906486412484,0.0,0.0,0.0,0.0,0.0,0.0,"Eastern Ghats, TN Uplands & Deccan (Karnataka) Plateau (Semi-Arid)",1,False,"Eastern Ghats, TN Uplands & Deccan (Karnataka) Plateau (Semi-Arid)",#f4faad
Annamayya,Lakkireddipalle,Andhra Pradesh,0.0,0.0,0.0,239.76389597403465,0.0,0.0,0.0,0.0,0.0,0.0,0.0,0.0,0.0,Deccan Plateau (Telangana) & Eastern Ghats (Semi-Arid),1,False,Deccan Plateau (Telangana) & Eastern Ghats (Semi-Arid),#fece7c
Annamayya,Madanapalle,Andhra Pradesh,0.0,0.0,0.0,0.0,0.0,0.0,335.43869938703926,0.0,0.0,0.0,0.0,0.0,0.0,"Eastern Ghats, TN Uplands & Deccan (Karnataka) Plateau (Semi-Arid)",1,False,"Eastern Ghats, TN Uplands & Deccan (Karnataka) Plateau (Semi-Arid)",#f4faad
Annamayya,Mulakalacheruvu,Andhra Pradesh,0.0,0.0,0.0,0.0,0.0,0.0,235.6107990150424,0.0,0.0,0.0,0.0,30.237897817437656,0.0,"Eastern Ghats, TN Uplands & Deccan (Karnataka) Plateau (Semi-Arid); Karnataka Plateau (incl. Rayalaseema)",2,True,"Shared: Eastern Ghats, TN Uplands & Deccan (Karnataka) Plateau (Semi-Arid) + Karnataka Plateau (incl. Rayalaseema)",#888888
Annamayya,Nandalur,Andhra Pradesh,0.0,0.0,0.0,315.19694194281936,0.0,0.0,0.0,0.0,0.0,0.0,0.0,0.0,0.0,Deccan Plateau (Telangana) & Eastern Ghats (Semi-Arid),1,False,Deccan Plateau (Telangana) & Eastern Ghats (Semi-Arid),#fece7c
Annamayya,Nimmanapalle,Andhra Pradesh,0.0,0.0,0.0,0.0,0.0,0.0,182.00352755658523,0.0,0.0,0.0,0.0,0.0,0.0,"Eastern Ghats, TN Uplands & Deccan (Karnataka) Plateau (Semi-Arid)",1,False,"Eastern Ghats, TN Uplands & Deccan (Karnataka) Plateau (Semi-Arid)",#f4faad
Annamayya,Obulavaripalle,Andhra Pradesh,0.0,0.0,0.0,1079.4283015009196,0.0,0.0,21.931928610318806,0.0,0.0,0.0,0.0,0.0,0.0,"Deccan Plateau (Telangana) & Eastern Ghats (Semi-Arid); Eastern Ghats, TN Uplands & Deccan (Karnataka) Plateau (Semi-Arid)",2,True,"Shared: Deccan Plateau (Telangana) & Eastern Ghats (Semi-Arid) + Eastern Ghats, TN Uplands & Deccan (Karnataka) Plateau (Semi-Arid)",#888888
Annamayya,Pedda Thippasamudram,Andhra Pradesh,0.0,0.0,0.0,0.0,0.0,0.0,252.21418231532903,0.0,0.0,0.0,0.0,41.08282810471129,0.0,"Eastern Ghats, TN Uplands & Deccan (Karnataka) Plateau (Semi-Arid); Karnataka Plateau (incl. Rayalaseema)",2,True,"Shared: Eastern Ghats, TN Uplands & Deccan (Karnataka) Plateau (Semi-Arid) + Karnataka Plateau (incl. Rayalaseema)",#888888
Annamayya,Peddamandyam,Andhra Pradesh,0.0,0.0,0.0,11.120299419103072,0.0,0.0,248.9371978651258,0.0,0.0,0.0,0.0,0.0,0.0,"Deccan Plateau (Telangana) & Eastern Ghats (Semi-Arid); Eastern Ghats, TN Uplands & Deccan (Karnataka) Plateau (Semi-Arid)",2,True,"Shared: Deccan Plateau (Telangana) & Eastern Ghats (Semi-Arid) + Eastern Ghats, TN Uplands & Deccan (Karnataka) Plateau (Semi-Arid)",#888888
Annamayya,Penagalur,Andhra Pradesh,0.0,0.0,0.0,313.6841726693817,0.0,0.0,0.0,0.0,0.0,0.0,0.0,0.0,0.0,Deccan Plateau (Telangana) & Eastern Ghats (Semi-Arid),1,False,Deccan Plateau (Telangana) & Eastern Ghats (Semi-Arid),#fece7c
Annamayya,Pileru,Andhra Pradesh,0.0,0.0,0.0,0.0,0.0,0.0,333.28827106906647,0.0,0.0,0.0,0.0,0.0,0.0,"Eastern Ghats, TN Uplands & Deccan (Karnataka) Plateau (Semi-Arid)",1,False,"Eastern Ghats, TN Uplands & Deccan (Karnataka) Plateau (Semi-Arid)",#f4faad
Annamayya,Pullampeta,Andhra Pradesh,0.0,0.0,0.0,207.55307105304183,0.0,0.0,0.0,0.0,0.0,0.0,0.0,0.0,0.0,Deccan Plateau (Telangana) & Eastern Ghats (Semi-Arid),1,False,Deccan Plateau (Telangana) & Eastern Ghats (Semi-Arid),#fece7c
Annamayya,Rajampet,Andhra Pradesh,0.0,0.0,0.0,348.821098834385,0.0,0.0,0.0,0.0,0.0,0.0,0.0,0.0,0.0,Deccan Plateau (Telangana) & Eastern Ghats (Semi-Arid),1,False,Deccan Plateau (Telangana) & Eastern Ghats (Semi-Arid),#fece7c
Annamayya,Ramapuram,Andhra Pradesh,0.0,0.0,0.0,211.36518971191205,0.0,0.0,0.0,0.0,0.0,0.0,0.0,0.0,0.0,Deccan Plateau (Telangana) & Eastern Ghats (Semi-Arid),1,False,Deccan Plateau (Telangana) & Eastern Ghats (Semi-Arid),#fece7c
Annamayya,Ramasamudram,Andhra Pradesh,0.0,0.0,0.0,0.0,0.0,0.0,214.6586533134168,0.0,0.0,0.0,0.0,0.0,0.0,"Eastern Ghats, TN Uplands & Deccan (Karnataka) Plateau (Semi-Arid)",1,False,"Eastern Ghats, TN Uplands & Deccan (Karnataka) Plateau (Semi-Arid)",#f4faad
Annamayya,Rayachoti,Andhra Pradesh,0.0,0.0,0.0,250.6648660496268,0.0,0.0,0.0,0.0,0.0,0.0,0.0,0.0,0.0,Deccan Plateau (Telangana) & Eastern Ghats (Semi-Arid),1,False,Deccan Plateau (Telangana) & Eastern Ghats (Semi-Arid),#fece7c
Annamayya,Sambepalle,Andhra Pradesh,0.0,0.0,0.0,254.74147193381984,0.0,0.0,5.568553390775083,0.0,0.0,0.0,0.0,0.0,0.0,"Deccan Plateau (Telangana) & Eastern Ghats (Semi-Arid); Eastern Ghats, TN Uplands & Deccan (Karnataka) Plateau (Semi-Arid)",2,True,"Shared: Deccan Plateau (Telangana) & Eastern Ghats (Semi-Arid) + Eastern Ghats, TN Uplands & Deccan (Karnataka) Plateau (Semi-Arid)",#888888
Annamayya,T Sundupalle,Andhra Pradesh,0.0,0.0,0.0,399.4731553954271,0.0,0.0,17.773959567573183,0.0,0.0,0.0,0.0,0.0,0.0,"Deccan Plateau (Telangana) & Eastern Ghats (Semi-Arid); Eastern Ghats, TN Uplands & Deccan (Karnataka) Plateau (Semi-Arid)",2,True,"Shared: Deccan Plateau (Telangana) & Eastern Ghats (Semi-Arid) + Eastern Ghats, TN Uplands & Deccan (Karnataka) Plateau (Semi-Arid)",#888888
Annamayya,Thamballapalle,Andhra Pradesh,0.0,0.0,0.0,0.0,0.0,0.0,382.6993631458925,0.0,0.0,0.0,0.0,5.186776504593974,0.0,"Eastern Ghats, TN Uplands & Deccan (Karnataka) Plateau (Semi-Arid); Karnataka Plateau (incl. Rayalaseema)",2,True,"Shared: Eastern Ghats, TN Uplands & Deccan (Karnataka) Plateau (Semi-Arid) + Karnataka Plateau (incl. Rayalaseema)",#888888
Annamayya,Vayalpad,Andhra Pradesh,0.0,0.0,0.0,0.0,0.0,0.0,266.0011935138299,0.0,0.0,0.0,0.0,0.0,0.0,"Eastern Ghats, TN Uplands & Deccan (Karnataka) Plateau (Semi-Arid)",1,False,"Eastern Ghats, TN Uplands & Deccan (Karnataka) Plateau (Semi-Arid)",#f4faad
Annamayya,Veeraballe,Andhra Pradesh,0.0,0.0,0.0,656.572128801957,0.0,0.0,0.0,0.0,0.0,0.0,0.0,0.0,0.0,Deccan Plateau (Telangana) & Eastern Ghats (Semi-Arid),1,False,Deccan Plateau (Telangana) & Eastern Ghats (Semi-Arid),#fece7c
Bapatla,Addanki,Andhra Pradesh,0.0,0.0,0.0,0.0,0.0,293.6759131398317,0.0,0.0,0.0,0.0,0.0,0.0,0.0,Eastern Coastal Plain (Subhumid–Semi-Arid),1,False,Eastern Coastal Plain (Subhumid–Semi-Arid),#fff1a8
Bapatla,Amruthalur,Andhra Pradesh,0.0,0.0,0.0,0.0,0.0,135.98139165404424,0.0,0.0,0.0,0.0,0.0,0.0,0.0,Eastern Coastal Plain (Subhumid–Semi-Arid),1,False,Eastern Coastal Plain (Subhumid–Semi-Arid),#fff1a8
Bapatla,Ballikurava,Andhra Pradesh,0.0,0.0,0.0,0.0,0.0,245.9943850238316,0.0,0.0,0.0,0.0,0.0,0.0,0.0,Eastern Coastal Plain (Subhumid–Semi-Arid),1,False,Eastern Coastal Plain (Subhumid–Semi-Arid),#fff1a8
Bapatla,Bapatla,Andhra Pradesh,0.0,0.0,0.0,0.0,0.0,271.8298890917279,0.0,0.0,0.0,0.0,0.0,0.0,0.0,Eastern Coastal Plain (Subhumid–Semi-Arid),1,False,Eastern Coastal Plain (Subhumid–Semi-Arid),#fff1a8
Bapatla,Bhattiprolu,Andhra Pradesh,0.0,0.0,0.0,0.0,0.0,104.51080286762912,0.0,0.0,0.0,0.0,0.0,0.0,0.0,Eastern Coastal Plain (Subhumid–Semi-Arid),1,False,Eastern Coastal Plain (Subhumid–Semi-Arid),#fff1a8
Bapatla,Cherukupalle,Andhra Pradesh,0.0,0.0,0.0,0.0,0.0,107.0554533070391,0.0,0.0,0.0,0.0,0.0,0.0,0.0,Eastern Coastal Plain (Subhumid–Semi-Arid),1,False,Eastern Coastal Plain (Subhumid–Semi-Arid),#fff1a8
Bapatla,Chinaganjam,Andhra Pradesh,0.0,0.0,0.0,0.0,0.0,188.22225172587764,0.0,0.0,0.0,0.0,0.0,0.0,0.0,Eastern Coastal Plain (Subhumid–Semi-Arid),1,False,Eastern Coastal Plain (Subhumid–Semi-Arid),#fff1a8
Bapatla,Chirala,Andhra Pradesh,0.0,0.0,0.0,0.0,0.0,113.31026893238696,0.0,0.0,0.0,0.0,0.0,0.0,0.0,Eastern Coastal Plain (Subhumid–Semi-Arid),1,False,Eastern Coastal Plain (Subhumid–Semi-Arid),#fff1a8
Bapatla,Inkollu,Andhra Pradesh,0.0,0.0,0.0,0.0,0.0,157.25371964721015,0.0,0.0,0.0,0.0,0.0,0.0,0.0,Eastern Coastal Plain (Subhumid–Semi-Arid),1,False,Eastern Coastal Plain (Subhumid–Semi-Arid),#fff1a8
Bapatla,Janakavarampanguluru,Andhra Pradesh,0.0,0.0,0.0,0.0,0.0,181.9575990848875,0.0,0.0,0.0,0.0,0.0,0.0,0.0,Eastern Coastal Plain (Subhumid–Semi-Arid),1,False,Eastern Coastal Plain (Subhumid–Semi-Arid),#fff1a8
Bapatla,Karamchedu,Andhra Pradesh,0.0,0.0,0.0,0.0,0.0,174.20238897373991,0.0,0.0,0.0,0.0,0.0,0.0,0.0,Eastern Coastal Plain (Subhumid–Semi-Arid),1,False,Eastern Coastal Plain (Subhumid–Semi-Arid),#fff1a8
Bapatla,Karlapalem,Andhra Pradesh,0.0,0.0,0.0,0.0,0.0,112.49777343830364,0.0,0.0,0.0,0.0,0.0,0.0,0.0,Eastern Coastal Plain (Subhumid–Semi-Arid),1,False,Eastern Coastal Plain (Subhumid–Semi-Arid),#fff1a8
Bapatla,Kollur,Andhra Pradesh,0.0,0.0,0.0,0.0,0.0,128.7453470487855,0.0,0.0,0.0,0.0,0.0,0.0,0.0,Eastern Coastal Plain (Subhumid–Semi-Arid),1,False,Eastern Coastal Plain (Subhumid–Semi-Arid),#fff1a8
Bapatla,Korisapadu,Andhra Pradesh,0.0,0.0,0.0,0.0,0.0,163.62202352678403,0.0,0.0,0.0,0.0,0.0,0.0,0.0,Eastern Coastal Plain (Subhumid–Semi-Arid),1,False,Eastern Coastal Plain (Subhumid–Semi-Arid),#fff1a8
Bapatla,Martur,Andhra Pradesh,0.0,0.0,0.0,0.0,0.0,193.99861959990773,0.0,0.0,0.0,0.0,0.0,0.0,0.0,Eastern Coastal Plain (Subhumid–Semi-Arid),1,False,Eastern Coastal Plain (Subhumid–Semi-Arid),#fff1a8
Bapatla,Nagaram,Andhra Pradesh,0.0,0.0,0.0,0.0,0.0,156.0009922780078,0.0,0.0,0.0,0.0,0.0,0.0,0.0,Eastern Coastal Plain (Subhumid–Semi-Arid),1,False,Eastern Coastal Plain (Subhumid–Semi-Arid),#fff1a8
Bapatla,Nizampatnam,Andhra Pradesh,0.0,0.0,0.0,0.0,0.0,288.19707446747475,0.0,0.0,0.0,0.0,0.0,0.0,0.0,Eastern Coastal Plain (Subhumid–Semi-Arid),1,False,Eastern Coastal Plain (Subhumid–Semi-Arid),#fff1a8
Bapatla,Parchur,Andhra Pradesh,0.0,0.0,0.0,0.0,0.0,240.8091354162197,0.0,0.0,0.0,0.0,0.0,0.0,0.0,Eastern Coastal Plain (Subhumid–Semi-Arid),1,False,Eastern Coastal Plain (Subhumid–Semi-Arid),#fff1a8
Bapatla,Pittalavanipalem,Andhra Pradesh,0.0,0.0,0.0,0.0,0.0,77.8529163360623,0.0,0.0,0.0,0.0,0.0,0.0,0.0,Eastern Coastal Plain (Subhumid–Semi-Arid),1,False,Eastern Coastal Plain (Subhumid–Semi-Arid),#fff1a8
Bapatla,Repalle,Andhra Pradesh,0.0,0.0,0.0,0.0,0.0,202.6484169098702,0.0,0.0,0.0,0.0,0.0,0.0,0.0,Eastern Coastal Plain (Subhumid–Semi-Arid),1,False,Eastern Coastal Plain (Subhumid–Semi-Arid),#fff1a8
Bapatla,Santhamaguluru,Andhra Pradesh,0.0,0.0,0.0,145.17744592075357,0.0,80.42743440462112,0.0,0.0,0.0,0.0,0.0,0.0,0.0,Deccan Plateau (Telangana) & Eastern Ghats (Semi-Arid); Eastern Coastal Plain (Subhumid–Semi-Arid),2,True,Shared: Deccan Plateau (Telangana) & Eastern Ghats (Semi-Arid) + Eastern Coastal Plain (Subhumid–Semi-Arid),#888888
Bapatla,Tsundur,Andhra Pradesh,0.0,0.0,0.0,0.0,0.0,114.31865710863404,0.0,0.0,0.0,0.0,0.0,0.0,0.0,Eastern Coastal Plain (Subhumid–Semi-Arid),1,False,Eastern Coastal Plain (Subhumid–Semi-Arid),#fff1a8
Bapatla,Vemuru,Andhra Pradesh,0.0,0.0,0.0,0.0,0.0,113.75031127043822,0.0,0.0,0.0,0.0,0.0,0.0,0.0,Eastern Coastal Plain (Subhumid–Semi-Arid),1,False,Eastern Coastal Plain (Subhumid–Semi-Arid),#fff1a8
Bapatla,Vetapalem,Andhra Pradesh,0.0,0.0,0.0,0.0,0.0,98.63011124705352,0.0,0.0,0.0,0.0,0.0,0.0,0.0,Eastern Coastal Plain (Subhumid–Semi-Arid),1,False,Eastern Coastal Plain (Subhumid–Semi-Arid),#fff1a8
Bapatla,Yeddanapudi,Andhra Pradesh,0.0,0.0,0.0,0.0,0.0,115.96384590759736,0.0,0.0,0.0,0.0,0.0,0.0,0.0,Eastern Coastal Plain (Subhumid–Semi-Arid),1,False,Eastern Coastal Plain (Subhumid–Semi-Arid),#fff1a8
Chittoor,Baireddipalle,Andhra Pradesh,0.0,0.0,0.0,0.0,0.0,0.0,257.49522388630095,0.0,0.0,0.0,0.0,0.0,0.0,"Eastern Ghats, TN Uplands & Deccan (Karnataka) Plateau (Semi-Arid)",1,False,"Eastern Ghats, TN Uplands & Deccan (Karnataka) Plateau (Semi-Arid)",#f4faad
Chittoor,Bangarupalem,Andhra Pradesh,0.0,0.0,0.0,0.0,0.0,0.0,398.1939826707765,0.0,0.0,0.0,0.0,0.0,0.0,"Eastern Ghats, TN Uplands & Deccan (Karnataka) Plateau (Semi-Arid)",1,False,"Eastern Ghats, TN Uplands & Deccan (Karnataka) Plateau (Semi-Arid)",#f4faad
Chittoor,Chittoor,Andhra Pradesh,0.0,0.0,0.0,0.0,0.0,0.0,211.49074066387112,0.0,0.0,0.0,0.0,0.0,0.0,"Eastern Ghats, TN Uplands & Deccan (Karnataka) Plateau (Semi-Arid)",1,False,"Eastern Ghats, TN Uplands & Deccan (Karnataka) Plateau (Semi-Arid)",#f4faad
Chittoor,Chowdepalle,Andhra Pradesh,0.0,0.0,0.0,0.0,0.0,0.0,263.6524411687241,0.0,0.0,0.0,0.0,0.0,0.0,"Eastern Ghats, TN Uplands & Deccan (Karnataka) Plateau (Semi-Arid)",1,False,"Eastern Ghats, TN Uplands & Deccan (Karnataka) Plateau (Semi-Arid)",#f4faad
Chittoor,Gangadharanellore,Andhra Pradesh,0.0,0.0,0.0,0.0,0.0,0.0,202.19732197243812,0.0,0.0,0.0,0.0,0.0,0.0,"Eastern Ghats, TN Uplands & Deccan (Karnataka) Plateau (Semi-Arid)",1,False,"Eastern Ghats, TN Uplands & Deccan (Karnataka) Plateau (Semi-Arid)",#f4faad
Chittoor,Gangavaram,Andhra Pradesh,0.0,0.0,0.0,0.0,0.0,0.0,237.84268889113144,0.0,0.0,0.0,0.0,0.0,0.0,"Eastern Ghats, TN Uplands & Deccan (Karnataka) Plateau (Semi-Arid)",1,False,"Eastern Ghats, TN Uplands & Deccan (Karnataka) Plateau (Semi-Arid)",#f4faad
Chittoor,Gudipala,Andhra Pradesh,0.0,0.0,0.0,0.0,0.0,0.0,180.53090468153087,0.0,0.0,0.0,0.0,0.0,0.0,"Eastern Ghats, TN Uplands & Deccan (Karnataka) Plateau (Semi-Arid)",1,False,"Eastern Ghats, TN Uplands & Deccan (Karnataka) Plateau (Semi-Arid)",#f4faad
Chittoor,Gudupalle,Andhra Pradesh,0.0,0.0,0.0,0.0,0.0,0.0,165.7562453731932,0.0,0.0,0.0,0.0,0.0,0.0,"Eastern Ghats, TN Uplands & Deccan (Karnataka) Plateau (Semi-Arid)",1,False,"Eastern Ghats, TN Uplands & Deccan (Karnataka) Plateau (Semi-Arid)",#f4faad
Chittoor,Irala,Andhra Pradesh,0.0,0.0,0.0,0.0,0.0,0.0,229.96288505335505,0.0,0.0,0.0,0.0,0.0,0.0,"Eastern Ghats, TN Uplands & Deccan (Karnataka) Plateau (Semi-Arid)",1,False,"Eastern Ghats, TN Uplands & Deccan (Karnataka) Plateau (Semi-Arid)",#f4faad
Chittoor,Karvetinagar,Andhra Pradesh,0.0,0.0,0.0,0.0,0.0,0.0,288.4791016660257,0.0,0.0,0.0,0.0,0.0,0.0,"Eastern Ghats, TN Uplands & Deccan (Karnataka) Plateau (Semi-Arid)",1,False,"Eastern Ghats, TN Uplands & Deccan (Karnataka) Plateau (Semi-Arid)",#f4faad
Chittoor,Kuppam,Andhra Pradesh,0.0,0.0,0.0,0.0,0.0,0.0,416.1514460918588,0.0,0.0,0.0,0.0,0.0,0.0,"Eastern Ghats, TN Uplands & Deccan (Karnataka) Plateau (Semi-Arid)",1,False,"Eastern Ghats, TN Uplands & Deccan (Karnataka) Plateau (Semi-Arid)",#f4faad
Chittoor,Nagari,Andhra Pradesh,0.0,0.0,0.0,0.0,0.0,0.0,160.39411288280326,0.0,0.0,0.0,0.0,0.0,0.0,"Eastern Ghats, TN Uplands & Deccan (Karnataka) Plateau (Semi-Arid)",1,False,"Eastern Ghats, TN Uplands & Deccan (Karnataka) Plateau (Semi-Arid)",#f4faad
Chittoor,Nindra,Andhra Pradesh,0.0,0.0,0.0,0.0,0.0,0.0,95.7922907125594,0.0,0.0,0.0,0.0,0.0,0.0,"Eastern Ghats, TN Uplands & Deccan (Karnataka) Plateau (Semi-Arid)",1,False,"Eastern Ghats, TN Uplands & Deccan (Karnataka) Plateau (Semi-Arid)",#f4faad
Chittoor,Palamaner,Andhra Pradesh,0.0,0.0,0.0,0.0,0.0,0.0,261.9203418131726,0.0,0.0,0.0,0.0,0.0,0.0,"Eastern Ghats, TN Uplands & Deccan (Karnataka) Plateau (Semi-Arid)",1,False,"Eastern Ghats, TN Uplands & Deccan (Karnataka) Plateau (Semi-Arid)",#f4faad
Chittoor,Palasamudram,Andhra Pradesh,0.0,0.0,0.0,0.0,0.0,0.0,215.50436690065607,0.0,0.0,0.0,0.0,0.0,0.0,"Eastern Ghats, TN Uplands & Deccan (Karnataka) Plateau (Semi-Arid)",1,False,"Eastern Ghats, TN Uplands & Deccan (Karnataka) Plateau (Semi-Arid)",#f4faad
Chittoor,Peddapanjani,Andhra Pradesh,0.0,0.0,0.0,0.0,0.0,0.0,244.5826543702339,0.0,0.0,0.0,0.0,0.0,0.0,"Eastern Ghats, TN Uplands & Deccan (Karnataka) Plateau (Semi-Arid)",1,False,"Eastern Ghats, TN Uplands & Deccan (Karnataka) Plateau (Semi-Arid)",#f4faad
Chittoor,Penumuru,Andhra Pradesh,0.0,0.0,0.0,0.0,0.0,0.0,136.37914981639247,0.0,0.0,0.0,0.0,0.0,0.0,"Eastern Ghats, TN Uplands & Deccan (Karnataka) Plateau (Semi-Arid)",1,False,"Eastern Ghats, TN Uplands & Deccan (Karnataka) Plateau (Semi-Arid)",#f4faad
Chittoor,Pulicherla,Andhra Pradesh,0.0,0.0,0.0,0.0,0.0,0.0,222.0895023611788,0.0,0.0,0.0,0.0,0.0,0.0,"Eastern Ghats, TN Uplands & Deccan (Karnataka) Plateau (Semi-Arid)",1,False,"Eastern Ghats, TN Uplands & Deccan (Karnataka) Plateau (Semi-Arid)",#f4faad
Chittoor,Punganur,Andhra Pradesh,0.0,0.0,0.0,0.0,0.0,0.0,281.82667205679434,0.0,0.0,0.0,0.0,0.0,0.0,"Eastern Ghats, TN Uplands & Deccan (Karnataka) Plateau (Semi-Arid)",1,False,"Eastern Ghats, TN Uplands & Deccan (Karnataka) Plateau (Semi-Arid)",#f4faad
Chittoor,Puthalapattu,Andhra Pradesh,0.0,0.0,0.0,0.0,0.0,0.0,184.6886267329224,0.0,0.0,0.0,0.0,0.0,0.0,"Eastern Ghats, TN Uplands & Deccan (Karnataka) Plateau (Semi-Arid)",1,False,"Eastern Ghats, TN Uplands & Deccan (Karnataka) Plateau (Semi-Arid)",#f4faad
Chittoor,Ramakuppam,Andhra Pradesh,0.0,0.0,0.0,0.0,0.0,0.0,295.0108895338357,0.0,0.0,0.0,0.0,0.0,0.0,"Eastern Ghats, TN Uplands & Deccan (Karnataka) Plateau (Semi-Arid)",1,False,"Eastern Ghats, TN Uplands & Deccan (Karnataka) Plateau (Semi-Arid)",#f4faad
Chittoor,Rompicherla,Andhra Pradesh,0.0,0.0,0.0,0.0,0.0,0.0,150.48345735293506,0.0,0.0,0.0,0.0,0.0,0.0,"Eastern Ghats, TN Uplands & Deccan (Karnataka) Plateau (Semi-Arid)",1,False,"Eastern Ghats, TN Uplands & Deccan (Karnataka) Plateau (Semi-Arid)",#f4faad
Chittoor,Santhipuram,Andhra Pradesh,0.0,0.0,0.0,0.0,0.0,0.0,172.91193012115332,0.0,0.0,0.0,0.0,0.0,0.0,"Eastern Ghats, TN Uplands & Deccan (Karnataka) Plateau (Semi-Arid)",1,False,"Eastern Ghats, TN Uplands & Deccan (Karnataka) Plateau (Semi-Arid)",#f4faad
Chittoor,Sodam,Andhra Pradesh,0.0,0.0,0.0,0.0,0.0,0.0,241.176439438302,0.0,0.0,0.0,0.0,0.0,0.0,"Eastern Ghats, TN Uplands & Deccan (Karnataka) Plateau (Semi-Arid)",1,False,"Eastern Ghats, TN Uplands & Deccan (Karnataka) Plateau (Semi-Arid)",#f4faad
Chittoor,Somala,Andhra Pradesh,0.0,0.0,0.0,0.0,0.0,0.0,485.04404339486456,0.0,0.0,0.0,0.0,0.0,0.0,"Eastern Ghats, TN Uplands & Deccan (Karnataka) Plateau (Semi-Arid)",1,False,"Eastern Ghats, TN Uplands & Deccan (Karnataka) Plateau (Semi-Arid)",#f4faad
Chittoor,Srirangarajapuram,Andhra Pradesh,0.0,0.0,0.0,0.0,0.0,0.0,147.276732108639,0.0,0.0,0.0,0.0,0.0,0.0,"Eastern Ghats, TN Uplands & Deccan (Karnataka) Plateau (Semi-Arid)",1,False,"Eastern Ghats, TN Uplands & Deccan (Karnataka) Plateau (Semi-Arid)",#f4faad
Chittoor,Thavanampalle,Andhra Pradesh,0.0,0.0,0.0,0.0,0.0,0.0,162.9241463288732,0.0,0.0,0.0,0.0,0.0,0.0,"Eastern Ghats, TN Uplands & Deccan (Karnataka) Plateau (Semi-Arid)",1,False,"Eastern Ghats, TN Uplands & Deccan (Karnataka) Plateau (Semi-Arid)",#f4faad
Chittoor,Vedurukuppam,Andhra Pradesh,0.0,0.0,0.0,0.0,0.0,0.0,221.85131484775897,0.0,0.0,0.0,0.0,0.0,0.0,"Eastern Ghats, TN Uplands & Deccan (Karnataka) Plateau (Semi-Arid)",1,False,"Eastern Ghats, TN Uplands & Deccan (Karnataka) Plateau (Semi-Arid)",#f4faad
Chittoor,Venkatagirikota,Andhra Pradesh,0.0,0.0,0.0,0.0,0.0,0.0,324.37306177664846,0.0,0.0,0.0,0.0,0.0,0.0,"Eastern Ghats, TN Uplands & Deccan (Karnataka) Plateau (Semi-Arid)",1,False,"Eastern Ghats, TN Uplands & Deccan (Karnataka) Plateau (Semi-Arid)",#f4faad
Chittoor,Vijayapuram,Andhra Pradesh,0.0,0.0,0.0,0.0,0.0,0.0,118.7553120990618,0.0,0.0,0.0,0.0,0.0,0.0,"Eastern Ghats, TN Uplands & Deccan (Karnataka) Plateau (Semi-Arid)",1,False,"Eastern Ghats, TN Uplands & Deccan (Karnataka) Plateau (Semi-Arid)",#f4faad
Chittoor,Yadamarri,Andhra Pradesh,0.0,0.0,0.0,0.0,0.0,0.0,169.90191058670683,0.0,0.0,0.0,0.0,0.0,0.0,"Eastern Ghats, TN Uplands & Deccan (Karnataka) Plateau (Semi-Arid)",1,False,"Eastern Ghats, TN Uplands & Deccan (Karnataka) Plateau (Semi-Arid)",#f4faad
East Godavari,Anaparthy,Andhra Pradesh,0.0,0.0,0.0,0.0,0.0,67.0315903350094,0.0,0.0,0.0,0.0,0.0,0.0,0.0,Eastern Coastal Plain (Subhumid–Semi-Arid),1,False,Eastern Coastal Plain (Subhumid–Semi-Arid),#fff1a8
East Godavari,Biccavolu,Andhra Pradesh,0.0,0.0,0.0,0.0,0.0,108.51897310145924,0.0,0.0,0.0,0.0,0.0,0.0,0.0,Eastern Coastal Plain (Subhumid–Semi-Arid),1,False,Eastern Coastal Plain (Subhumid–Semi-Arid),#fff1a8
East Godavari,Chagallu,Andhra Pradesh,0.0,0.0,0.0,120.8477222786862,0.0,0.0,0.0,0.0,0.0,0.0,0.0,0.0,0.0,Deccan Plateau (Telangana) & Eastern Ghats (Semi-Arid),1,False,Deccan Plateau (Telangana) & Eastern Ghats (Semi-Arid),#fece7c
East Godavari,Devarapalle,Andhra Pradesh,0.0,0.0,0.0,234.0949496746156,0.0,0.0,0.0,0.0,0.0,0.0,0.0,0.0,0.0,Deccan Plateau (Telangana) & Eastern Ghats (Semi-Arid),1,False,Deccan Plateau (Telangana) & Eastern Ghats (Semi-Arid),#fece7c
East Godavari,Gokavaram,Andhra Pradesh,0.0,0.0,0.0,0.0,0.0,0.0,0.0,0.0,0.0,0.0,239.76932450167368,0.0,0.0,Eastern Plateau (Chhotanagpur) & Eastern Ghats (Subhumid),1,False,Eastern Plateau (Chhotanagpur) & Eastern Ghats (Subhumid),#5cb7aa
East Godavari,Gopalapuram,Andhra Pradesh,0.0,0.0,0.0,237.04870617279383,0.0,0.0,0.0,0.0,0.0,0.0,0.0,0.0,0.0,Deccan Plateau (Telangana) & Eastern Ghats (Semi-Arid),1,False,Deccan Plateau (Telangana) & Eastern Ghats (Semi-Arid),#fece7c
East Godavari,Kadiam,Andhra Pradesh,0.0,0.0,0.0,0.0,0.0,73.3627641158276,0.0,0.0,0.0,0.0,0.0,0.0,0.0,Eastern Coastal Plain (Subhumid–Semi-Arid),1,False,Eastern Coastal Plain (Subhumid–Semi-Arid),#fff1a8
East Godavari,Korukonda,Andhra Pradesh,0.0,0.0,0.0,0.0,0.0,0.0,0.0,0.0,0.0,0.0,199.3629735429101,0.0,0.0,Eastern Plateau (Chhotanagpur) & Eastern Ghats (Subhumid),1,False,Eastern Plateau (Chhotanagpur) & Eastern Ghats (Subhumid),#5cb7aa
East Godavari,Kovvur,Andhra Pradesh,0.0,0.0,0.0,101.50213592272928,0.0,0.0,0.0,0.0,0.0,0.0,4.20299863209877,0.0,0.0,Deccan Plateau (Telangana) & Eastern Ghats (Semi-Arid); Eastern Plateau (Chhotanagpur) & Eastern Ghats (Subhumid),2,True,Shared: Deccan Plateau (Telangana) & Eastern Ghats (Semi-Arid) + Eastern Plateau (Chhotanagpur) & Eastern Ghats (Subhumid),#888888
East Godavari,Nallajerla,Andhra Pradesh,0.0,0.0,0.0,268.89018260105263,0.0,0.0,0.0,0.0,0.0,0.0,0.0,0.0,0.0,Deccan Plateau (Telangana) & Eastern Ghats (Semi-Arid),1,False,Deccan Plateau (Telangana) & Eastern Ghats (Semi-Arid),#fece7c
East Godavari,Nidadavole,Andhra Pradesh,0.0,0.0,0.0,117.77776509226427,0.0,27.748899738667777,0.0,0.0,0.0,0.0,0.0,0.0,0.0,Deccan Plateau (Telangana) & Eastern Ghats (Semi-Arid); Eastern Coastal Plain (Subhumid–Semi-Arid),2,True,Shared: Deccan Plateau (Telangana) & Eastern Ghats (Semi-Arid) + Eastern Coastal Plain (Subhumid–Semi-Arid),#888888
East Godavari,Peravali,Andhra Pradesh,0.0,0.0,0.0,0.0,0.0,85.66778990877472,0.0,0.0,0.0,0.0,0.0,0.0,0.0,Eastern Coastal Plain (Subhumid–Semi-Arid),1,False,Eastern Coastal Plain (Subhumid–Semi-Arid),#fff1a8
East Godavari,Rajahmundry (Rural),Andhra Pradesh,0.0,0.0,0.0,6.653303054771155,0.0,20.795058519808588,0.0,0.0,0.0,0.0,122.8963527678946,0.0,0.0,Deccan Plateau (Telangana) & Eastern Ghats (Semi-Arid); Eastern Coastal Plain (Subhumid–Semi-Arid); Eastern Plateau (Chhotanagpur) & Eastern Ghats (Subhumid),3,True,Shared: Deccan Plateau (Telangana) & Eastern Ghats (Semi-Arid) + Eastern Coastal Plain (Subhumid–Semi-Arid) + Eastern Plateau (Chhotanagpur) & Eastern Ghats (Subhumid),#888888
East Godavari,Rajahmundry (Urban),Andhra Pradesh,0.0,0.0,0.0,0.0,0.0,0.0,0.0,0.0,0.0,0.0,13.486503504185134,0.0,0.0,Eastern Plateau (Chhotanagpur) & Eastern Ghats (Subhumid),1,False,Eastern Plateau (Chhotanagpur) & Eastern Ghats (Subhumid),#5cb7aa
East Godavari,Rajanagaram,Andhra Pradesh,0.0,0.0,0.0,0.0,0.0,132.64685859703383,0.0,0.0,0.0,0.0,130.13463327096207,0.0,0.0,Eastern Coastal Plain (Subhumid–Semi-Arid); Eastern Plateau (Chhotanagpur) & Eastern Ghats (Subhumid),2,True,Shared: Eastern Coastal Plain (Subhumid–Semi-Arid) + Eastern Plateau (Chhotanagpur) & Eastern Ghats (Subhumid),#888888
East Godavari,Rangampeta,Andhra Pradesh,0.0,0.0,0.0,0.0,0.0,145.7419119055428,0.0,0.0,0.0,0.0,19.965538411652823,0.0,0.0,Eastern Coastal Plain (Subhumid–Semi-Arid); Eastern Plateau (Chhotanagpur) & Eastern Ghats (Subhumid),2,True,Shared: Eastern Coastal Plain (Subhumid–Semi-Arid) + Eastern Plateau (Chhotanagpur) & Eastern Ghats (Subhumid),#888888
East Godavari,Seethanagaram,Andhra Pradesh,0.0,0.0,0.0,48.168190693386016,0.0,0.0,0.0,0.0,0.0,0.0,170.25666363529282,0.0,0.0,Deccan Plateau (Telangana) & Eastern Ghats (Semi-Arid); Eastern Plateau (Chhotanagpur) & Eastern Ghats (Subhumid),2,True,Shared: Deccan Plateau (Telangana) & Eastern Ghats (Semi-Arid) + Eastern Plateau (Chhotanagpur) & Eastern Ghats (Subhumid),#888888
East Godavari,Tallapudi,Andhra Pradesh,0.0,0.0,0.0,96.1788224138714,0.0,0.0,0.0,0.0,0.0,0.0,0.0,0.0,0.0,Deccan Plateau (Telangana) & Eastern Ghats (Semi-Arid),1,False,Deccan Plateau (Telangana) & Eastern Ghats (Semi-Arid),#fece7c
East Godavari,Undrajavaram,Andhra Pradesh,0.0,0.0,0.0,0.1057074259344233,0.0,89.12384721340278,0.0,0.0,0.0,0.0,0.0,0.0,0.0,Deccan Plateau (Telangana) & Eastern Ghats (Semi-Arid); Eastern Coastal Plain (Subhumid–Semi-Arid),2,True,Shared: Deccan Plateau (Telangana) & Eastern Ghats (Semi-Arid) + Eastern Coastal Plain (Subhumid–Semi-Arid),#888888
Eluru,Agiripalle,Andhra Pradesh,0.0,0.0,0.0,245.99528375522536,0.0,0.0,0.0,0.0,0.0,0.0,0.0,0.0,0.0,Deccan Plateau (Telangana) & Eastern Ghats (Semi-Arid),1,False,Deccan Plateau (Telangana) & Eastern Ghats (Semi-Arid),#fece7c
Eluru,Bhimadole,Andhra Pradesh,0.0,0.0,0.0,225.09393464831604,0.0,0.0,0.0,0.0,0.0,0.0,0.0,0.0,0.0,Deccan Plateau (Telangana) & Eastern Ghats (Semi-Arid),1,False,Deccan Plateau (Telangana) & Eastern Ghats (Semi-Arid),#fece7c
Eluru,Buttayagudem,Andhra Pradesh,0.0,0.0,0.0,597.6115857850642,0.0,0.0,0.0,0.0,0.0,0.0,0.0,0.0,0.0,Deccan Plateau (Telangana) & Eastern Ghats (Semi-Arid),1,False,Deccan Plateau (Telangana) & Eastern Ghats (Semi-Arid),#fece7c
Eluru,Chatrai,Andhra Pradesh,0.0,0.0,0.0,260.4834939610284,0.0,0.0,0.0,0.0,0.0,0.0,0.0,0.0,0.0,Deccan Plateau (Telangana) & Eastern Ghats (Semi-Arid),1,False,Deccan Plateau (Telangana) & Eastern Ghats (Semi-Arid),#fece7c
Eluru,Chintalapudi,Andhra Pradesh,0.0,0.0,0.0,409.9542546056073,0.0,0.0,0.0,0.0,0.0,0.0,0.0,0.0,0.0,Deccan Plateau (Telangana) & Eastern Ghats (Semi-Arid),1,False,Deccan Plateau (Telangana) & Eastern Ghats (Semi-Arid),#fece7c
Eluru,Denduluru,Andhra Pradesh,0.0,0.0,0.0,205.9926250055668,0.0,0.0,0.0,0.0,0.0,0.0,0.0,0.0,0.0,Deccan Plateau (Telangana) & Eastern Ghats (Semi-Arid),1,False,Deccan Plateau (Telangana) & Eastern Ghats (Semi-Arid),#fece7c
Eluru,Dwaraka Tirumala,Andhra Pradesh,0.0,0.0,0.0,273.58386749176657,0.0,0.0,0.0,0.0,0.0,0.0,0.0,0.0,0.0,Deccan Plateau (Telangana) & Eastern Ghats (Semi-Arid),1,False,Deccan Plateau (Telangana) & Eastern Ghats (Semi-Arid),#fece7c
Eluru,Eluru,Andhra Pradesh,0.0,0.0,0.0,213.00110985135612,0.0,52.51538582104391,0.0,0.0,0.0,0.0,0.0,0.0,0.0,Deccan Plateau (Telangana) & Eastern Ghats (Semi-Arid); Eastern Coastal Plain (Subhumid–Semi-Arid),2,True,Shared: Deccan Plateau (Telangana) & Eastern Ghats (Semi-Arid) + Eastern Coastal Plain (Subhumid–Semi-Arid),#888888
Eluru,Ganapavaram,Andhra Pradesh,0.0,0.0,0.0,3.660868507326781,0.0,103.38615537933154,0.0,0.0,0.0,0.0,0.0,0.0,0.0,Deccan Plateau (Telangana) & Eastern Ghats (Semi-Arid); Eastern Coastal Plain (Subhumid–Semi-Arid),2,True,Shared: Deccan Plateau (Telangana) & Eastern Ghats (Semi-Arid) + Eastern Coastal Plain (Subhumid–Semi-Arid),#888888
Eluru,Jangareddigudem,Andhra Pradesh,0.0,0.0,0.0,258.2044845603259,0.0,0.0,0.0,0.0,0.0,0.0,0.0,0.0,0.0,Deccan Plateau (Telangana) & Eastern Ghats (Semi-Arid),1,False,Deccan Plateau (Telangana) & Eastern Ghats (Semi-Arid),#fece7c
Eluru,Jeelugu Milli,Andhra Pradesh,0.0,0.0,0.0,230.7228316636581,0.0,0.0,0.0,0.0,0.0,0.0,0.0,0.0,0.0,Deccan Plateau (Telangana) & Eastern Ghats (Semi-Arid),1,False,Deccan Plateau (Telangana) & Eastern Ghats (Semi-Arid),#fece7c
Eluru,Kaikalur,Andhra Pradesh,0.0,0.0,0.0,10.731451329347154,0.0,168.1997355897922,0.0,0.0,0.0,0.0,0.0,0.0,0.0,Deccan Plateau (Telangana) & Eastern Ghats (Semi-Arid); Eastern Coastal Plain (Subhumid–Semi-Arid),2,True,Shared: Deccan Plateau (Telangana) & Eastern Ghats (Semi-Arid) + Eastern Coastal Plain (Subhumid–Semi-Arid),#888888
Eluru,Kalidindi,Andhra Pradesh,0.0,0.0,0.0,0.0,0.0,196.35708649265464,0.0,0.0,0.0,0.0,0.0,0.0,0.0,Eastern Coastal Plain (Subhumid–Semi-Arid),1,False,Eastern Coastal Plain (Subhumid–Semi-Arid),#fff1a8
Eluru,Kamavarapukota,Andhra Pradesh,0.0,0.0,0.0,238.3342919321854,0.0,0.0,0.0,0.0,0.0,0.0,0.0,0.0,0.0,Deccan Plateau (Telangana) & Eastern Ghats (Semi-Arid),1,False,Deccan Plateau (Telangana) & Eastern Ghats (Semi-Arid),#fece7c
Eluru,Koyyalagudem,Andhra Pradesh,0.0,0.0,0.0,200.80227496762703,0.0,0.0,0.0,0.0,0.0,0.0,0.0,0.0,0.0,Deccan Plateau (Telangana) & Eastern Ghats (Semi-Arid),1,False,Deccan Plateau (Telangana) & Eastern Ghats (Semi-Arid),#fece7c
Eluru,Kukunoor,Andhra Pradesh,0.0,0.0,0.0,440.4667671424596,0.0,0.0,0.0,0.0,0.0,0.0,0.0,0.0,0.0,Deccan Plateau (Telangana) & Eastern Ghats (Semi-Arid),1,False,Deccan Plateau (Telangana) & Eastern Ghats (Semi-Arid),#fece7c
Eluru,Lingapalem,Andhra Pradesh,0.0,0.0,0.0,219.46699960907296,0.0,0.0,0.0,0.0,0.0,0.0,0.0,0.0,0.0,Deccan Plateau (Telangana) & Eastern Ghats (Semi-Arid),1,False,Deccan Plateau (Telangana) & Eastern Ghats (Semi-Arid),#fece7c
Eluru,Mandavalli,Andhra Pradesh,0.0,0.0,0.0,3.680207538253705,0.0,179.62744199514438,0.0,0.0,0.0,0.0,0.0,0.0,0.0,Deccan Plateau (Telangana) & Eastern Ghats (Semi-Arid); Eastern Coastal Plain (Subhumid–Semi-Arid),2,True,Shared: Deccan Plateau (Telangana) & Eastern Ghats (Semi-Arid) + Eastern Coastal Plain (Subhumid–Semi-Arid),#888888
Eluru,Mudinepalle,Andhra Pradesh,0.0,0.0,0.0,0.0,0.0,191.38479870769152,0.0,0.0,0.0,0.0,0.0,0.0,0.0,Eastern Coastal Plain (Subhumid–Semi-Arid),1,False,Eastern Coastal Plain (Subhumid–Semi-Arid),#fff1a8
Eluru,Musunuru,Andhra Pradesh,0.0,0.0,0.0,233.932939643845,0.0,0.0,0.0,0.0,0.0,0.0,0.0,0.0,0.0,Deccan Plateau (Telangana) & Eastern Ghats (Semi-Arid),1,False,Deccan Plateau (Telangana) & Eastern Ghats (Semi-Arid),#fece7c
Eluru,Nidamarru,Andhra Pradesh,0.0,0.0,0.0,81.46132134423497,0.0,46.20885985920474,0.0,0.0,0.0,0.0,0.0,0.0,0.0,Deccan Plateau (Telangana) & Eastern Ghats (Semi-Arid); Eastern Coastal Plain (Subhumid–Semi-Arid),2,True,Shared: Deccan Plateau (Telangana) & Eastern Ghats (Semi-Arid) + Eastern Coastal Plain (Subhumid–Semi-Arid),#888888
Eluru,Nuzvid,Andhra Pradesh,0.0,0.0,0.0,297.4452065969098,0.0,0.0,0.0,0.0,0.0,0.0,0.0,0.0,0.0,Deccan Plateau (Telangana) & Eastern Ghats (Semi-Arid),1,False,Deccan Plateau (Telangana) & Eastern Ghats (Semi-Arid),#fece7c
Eluru,Pedapadu,Andhra Pradesh,0.0,0.0,0.0,179.32947418629468,0.0,3.787017499175109,0.0,0.0,0.0,0.0,0.0,0.0,0.0,Deccan Plateau (Telangana) & Eastern Ghats (Semi-Arid); Eastern Coastal Plain (Subhumid–Semi-Arid),2,True,Shared: Deccan Plateau (Telangana) & Eastern Ghats (Semi-Arid) + Eastern Coastal Plain (Subhumid–Semi-Arid),#888888
Eluru,Pedavegi,Andhra Pradesh,0.0,0.0,0.0,284.99132742557987,0.0,0.0,0.0,0.0,0.0,0.0,0.0,0.0,0.0,Deccan Plateau (Telangana) & Eastern Ghats (Semi-Arid),1,False,Deccan Plateau (Telangana) & Eastern Ghats (Semi-Arid),#fece7c
Eluru,Polavaram,Andhra Pradesh,0.0,0.0,0.0,414.2589489673377,0.0,0.0,0.0,0.0,0.0,0.0,10.540980341867408,0.0,0.0,Deccan Plateau (Telangana) & Eastern Ghats (Semi-Arid); Eastern Plateau (Chhotanagpur) & Eastern Ghats (Subhumid),2,True,Shared: Deccan Plateau (Telangana) & Eastern Ghats (Semi-Arid) + Eastern Plateau (Chhotanagpur) & Eastern Ghats (Subhumid),#888888
Eluru,T.Narasapuram,Andhra Pradesh,0.0,0.0,0.0,284.88718250643257,0.0,0.0,0.0,0.0,0.0,0.0,0.0,0.0,0.0,Deccan Plateau (Telangana) & Eastern Ghats (Semi-Arid),1,False,Deccan Plateau (Telangana) & Eastern Ghats (Semi-Arid),#fece7c
Eluru,Ungutur,Andhra Pradesh,0.0,0.0,0.0,221.40220480413728,0.0,0.0,0.0,0.0,0.0,0.0,0.0,0.0,0.0,Deccan Plateau (Telangana) & Eastern Ghats (Semi-Arid),1,False,Deccan Plateau (Telangana) & Eastern Ghats (Semi-Arid),#fece7c
Eluru,Velairpadu,Andhra Pradesh,0.0,0.0,0.0,429.1542172813915,0.0,0.0,0.0,0.0,0.0,0.0,0.0,0.0,0.0,Deccan Plateau (Telangana) & Eastern Ghats (Semi-Arid),1,False,Deccan Plateau (Telangana) & Eastern Ghats (Semi-Arid),#fece7c
Guntur,Chebrolu,Andhra Pradesh,0.0,0.0,0.0,0.0,0.0,146.57571688526662,0.0,0.0,0.0,0.0,0.0,0.0,0.0,Eastern Coastal Plain (Subhumid–Semi-Arid),1,False,Eastern Coastal Plain (Subhumid–Semi-Arid),#fff1a8
Guntur,Duggirala,Andhra Pradesh,0.0,0.0,0.0,0.0496239728938077,0.0,144.28315279577038,0.0,0.0,0.0,0.0,0.0,0.0,0.0,Deccan Plateau (Telangana) & Eastern Ghats (Semi-Arid); Eastern Coastal Plain (Subhumid–Semi-Arid),2,True,Shared: Deccan Plateau (Telangana) & Eastern Ghats (Semi-Arid) + Eastern Coastal Plain (Subhumid–Semi-Arid),#888888
Guntur,Guntur Rural,Andhra Pradesh,0.0,0.0,0.0,58.777663317473205,0.0,101.54321779433457,0.0,0.0,0.0,0.0,0.0,0.0,0.0,Deccan Plateau (Telangana) & Eastern Ghats (Semi-Arid); Eastern Coastal Plain (Subhumid–Semi-Arid),2,True,Shared: Deccan Plateau (Telangana) & Eastern Ghats (Semi-Arid) + Eastern Coastal Plain (Subhumid–Semi-Arid),#888888
Guntur,Guntur Urban,Andhra Pradesh,0.0,0.0,0.0,2.249871792804688,0.0,44.81584589862469,0.0,0.0,0.0,0.0,0.0,0.0,0.0,Deccan Plateau (Telangana) & Eastern Ghats (Semi-Arid); Eastern Coastal Plain (Subhumid–Semi-Arid),2,True,Shared: Deccan Plateau (Telangana) & Eastern Ghats (Semi-Arid) + Eastern Coastal Plain (Subhumid–Semi-Arid),#888888
Guntur,Kakumanu,Andhra Pradesh,0.0,0.0,0.0,0.0,0.0,194.1670929820965,0.0,0.0,0.0,0.0,0.0,0.0,0.0,Eastern Coastal Plain (Subhumid–Semi-Arid),1,False,Eastern Coastal Plain (Subhumid–Semi-Arid),#fff1a8
Guntur,Kollipara,Andhra Pradesh,0.0,0.0,0.0,0.0,0.0,131.67933220364023,0.0,0.0,0.0,0.0,0.0,0.0,0.0,Eastern Coastal Plain (Subhumid–Semi-Arid),1,False,Eastern Coastal Plain (Subhumid–Semi-Arid),#fff1a8
Guntur,Mangalagiri,Andhra Pradesh,0.0,0.0,0.0,123.96200625054082,0.0,22.245999938683244,0.0,0.0,0.0,0.0,0.0,0.0,0.0,Deccan Plateau (Telangana) & Eastern Ghats (Semi-Arid); Eastern Coastal Plain (Subhumid–Semi-Arid),2,True,Shared: Deccan Plateau (Telangana) & Eastern Ghats (Semi-Arid) + Eastern Coastal Plain (Subhumid–Semi-Arid),#888888
Guntur,Medikonduru,Andhra Pradesh,0.0,0.0,0.0,144.08479654109442,0.0,2.338873272473393,0.0,0.0,0.0,0.0,0.0,0.0,0.0,Deccan Plateau (Telangana) & Eastern Ghats (Semi-Arid); Eastern Coastal Plain (Subhumid–Semi-Arid),2,True,Shared: Deccan Plateau (Telangana) & Eastern Ghats (Semi-Arid) + Eastern Coastal Plain (Subhumid–Semi-Arid),#888888
Guntur,Pedakakani,Andhra Pradesh,0.0,0.0,0.0,18.603696312583807,0.0,102.16480302162628,0.0,0.0,0.0,0.0,0.0,0.0,0.0,Deccan Plateau (Telangana) & Eastern Ghats (Semi-Arid); Eastern Coastal Plain (Subhumid–Semi-Arid),2,True,Shared: Deccan Plateau (Telangana) & Eastern Ghats (Semi-Arid) + Eastern Coastal Plain (Subhumid–Semi-Arid),#888888
Guntur,Pedanandipadu,Andhra Pradesh,0.0,0.0,0.0,0.0,0.0,154.91493238213477,0.0,0.0,0.0,0.0,0.0,0.0,0.0,Eastern Coastal Plain (Subhumid–Semi-Arid),1,False,Eastern Coastal Plain (Subhumid–Semi-Arid),#fff1a8
Guntur,Phirangipuram,Andhra Pradesh,0.0,0.0,0.0,158.74383687867163,0.0,2.51086696242666,0.0,0.0,0.0,0.0,0.0,0.0,0.0,Deccan Plateau (Telangana) & Eastern Ghats (Semi-Arid); Eastern Coastal Plain (Subhumid–Semi-Arid),2,True,Shared: Deccan Plateau (Telangana) & Eastern Ghats (Semi-Arid) + Eastern Coastal Plain (Subhumid–Semi-Arid),#888888
Guntur,Ponnur,Andhra Pradesh,0.0,0.0,0.0,0.0,0.0,188.09760578475385,0.0,0.0,0.0,0.0,0.0,0.0,0.0,Eastern Coastal Plain (Subhumid–Semi-Arid),1,False,Eastern Coastal Plain (Subhumid–Semi-Arid),#fff1a8
Guntur,Prathipadu,Andhra Pradesh,0.0,0.0,0.0,0.0,0.0,132.6599522182333,0.0,0.0,0.0,0.0,0.0,0.0,0.0,Eastern Coastal Plain (Subhumid–Semi-Arid),1,False,Eastern Coastal Plain (Subhumid–Semi-Arid),#fff1a8
Guntur,Tadepalle,Andhra Pradesh,0.0,0.0,0.0,86.93252029362097,0.0,0.0249349120560107,0.0,0.0,0.0,0.0,0.0,0.0,0.0,Deccan Plateau (Telangana) & Eastern Ghats (Semi-Arid); Eastern Coastal Plain (Subhumid–Semi-Arid),2,True,Shared: Deccan Plateau (Telangana) & Eastern Ghats (Semi-Arid) + Eastern Coastal Plain (Subhumid–Semi-Arid),#888888
Guntur,Tadikonda,Andhra Pradesh,0.0,0.0,0.0,211.2948606650305,0.0,0.0,0.0,0.0,0.0,0.0,0.0,0.0,0.0,Deccan Plateau (Telangana) & Eastern Ghats (Semi-Arid),1,False,Deccan Plateau (Telangana) & Eastern Ghats (Semi-Arid),#fece7c
Guntur,Tenali,Andhra Pradesh,0.0,0.0,0.0,0.0,0.0,138.49757945283702,0.0,0.0,0.0,0.0,0.0,0.0,0.0,Eastern Coastal Plain (Subhumid–Semi-Arid),1,False,Eastern Coastal Plain (Subhumid–Semi-Arid),#fff1a8
Guntur,Thullur,Andhra Pradesh,0.0,0.0,0.0,198.87672020316376,0.0,0.0,0.0,0.0,0.0,0.0,0.0,0.0,0.0,Deccan Plateau (Telangana) & Eastern Ghats (Semi-Arid),1,False,Deccan Plateau (Telangana) & Eastern Ghats (Semi-Arid),#fece7c
Guntur,Vatticherukuru,Andhra Pradesh,0.0,0.0,0.0,0.0,0.0,128.93840324088865,0.0,0.0,0.0,0.0,0.0,0.0,0.0,Eastern Coastal Plain (Subhumid–Semi-Arid),1,False,Eastern Coastal Plain (Subhumid–Semi-Arid),#fff1a8
Kakinada,Gandepalle,Andhra Pradesh,0.0,0.0,0.0,0.0,0.0,64.33117063391295,0.0,0.0,0.0,0.0,106.7981239276899,0.0,0.0,Eastern Coastal Plain (Subhumid–Semi-Arid); Eastern Plateau (Chhotanagpur) & Eastern Ghats (Subhumid),2,True,Shared: Eastern Coastal Plain (Subhumid–Semi-Arid) + Eastern Plateau (Chhotanagpur) & Eastern Ghats (Subhumid),#888888
Kakinada,Gollaprolu,Andhra Pradesh,0.0,0.0,0.0,0.0,0.0,140.0034722370361,0.0,0.0,0.0,0.0,0.0,0.0,0.0,Eastern Coastal Plain (Subhumid–Semi-Arid),1,False,Eastern Coastal Plain (Subhumid–Semi-Arid),#fff1a8
Kakinada,Jaggampeta,Andhra Pradesh,0.0,0.0,0.0,0.0,0.0,48.45799754238809,0.0,0.0,0.0,0.0,139.67054040439152,0.0,0.0,Eastern Coastal Plain (Subhumid–Semi-Arid); Eastern Plateau (Chhotanagpur) & Eastern Ghats (Subhumid),2,True,Shared: Eastern Coastal Plain (Subhumid–Semi-Arid) + Eastern Plateau (Chhotanagpur) & Eastern Ghats (Subhumid),#888888
Kakinada,Kajuluru,Andhra Pradesh,0.0,0.0,0.0,0.0,0.0,126.32487630193653,0.0,0.0,0.0,0.0,0.0,0.0,0.0,Eastern Coastal Plain (Subhumid–Semi-Arid),1,False,Eastern Coastal Plain (Subhumid–Semi-Arid),#fff1a8
Kakinada,Kakinada (Rural),Andhra Pradesh,0.0,0.0,0.0,0.0,0.0,87.27187856384336,0.0,0.0,0.0,0.0,0.0,0.0,0.0,Eastern Coastal Plain (Subhumid–Semi-Arid),1,False,Eastern Coastal Plain (Subhumid–Semi-Arid),#fff1a8
Kakinada,Kakinada (Urban),Andhra Pradesh,0.0,0.0,0.0,0.0,0.0,36.99067215877088,0.0,0.0,0.0,0.0,0.0,0.0,0.0,Eastern Coastal Plain (Subhumid–Semi-Arid),1,False,Eastern Coastal Plain (Subhumid–Semi-Arid),#fff1a8
Kakinada,Karapa,Andhra Pradesh,0.0,0.0,0.0,0.0,0.0,111.896832385603,0.0,0.0,0.0,0.0,0.0,0.0,0.0,Eastern Coastal Plain (Subhumid–Semi-Arid),1,False,Eastern Coastal Plain (Subhumid–Semi-Arid),#fff1a8
Kakinada,Kirlampudi,Andhra Pradesh,0.0,0.0,0.0,0.0,0.0,84.75544603797805,0.0,0.0,0.0,0.0,0.2373559515328003,0.0,0.0,Eastern Coastal Plain (Subhumid–Semi-Arid); Eastern Plateau (Chhotanagpur) & Eastern Ghats (Subhumid),2,True,Shared: Eastern Coastal Plain (Subhumid–Semi-Arid) + Eastern Plateau (Chhotanagpur) & Eastern Ghats (Subhumid),#888888
Kakinada,Kotananduru,Andhra Pradesh,0.0,0.0,0.0,0.0,0.0,121.7907625316162,0.0,0.0,0.0,0.0,0.0,0.0,0.0,Eastern Coastal Plain (Subhumid–Semi-Arid),1,False,Eastern Coastal Plain (Subhumid–Semi-Arid),#fff1a8
Kakinada,Kothapalle,Andhra Pradesh,0.0,0.0,0.0,0.0,0.0,117.17263196963889,0.0,0.0,0.0,0.0,0.0,0.0,0.0,Eastern Coastal Plain (Subhumid–Semi-Arid),1,False,Eastern Coastal Plain (Subhumid–Semi-Arid),#fff1a8
Kakinada,Pedapudi,Andhra Pradesh,0.0,0.0,0.0,0.0,0.0,116.9436930638256,0.0,0.0,0.0,0.0,0.0,0.0,0.0,Eastern Coastal Plain (Subhumid–Semi-Arid),1,False,Eastern Coastal Plain (Subhumid–Semi-Arid),#fff1a8
Kakinada,Peddapuram,Andhra Pradesh,0.0,0.0,0.0,0.0,0.0,162.1517573611418,0.0,0.0,0.0,0.0,0.0,0.0,0.0,Eastern Coastal Plain (Subhumid–Semi-Arid),1,False,Eastern Coastal Plain (Subhumid–Semi-Arid),#fff1a8
Kakinada,Pithapuram,Andhra Pradesh,0.0,0.0,0.0,0.0,0.0,137.77200784614922,0.0,0.0,0.0,0.0,0.0,0.0,0.0,Eastern Coastal Plain (Subhumid–Semi-Arid),1,False,Eastern Coastal Plain (Subhumid–Semi-Arid),#fff1a8
Kakinada,Prathipadu,Andhra Pradesh,0.0,0.0,0.0,0.0,0.0,247.33129264092125,0.0,0.0,0.0,0.0,54.08459408570498,0.0,0.0,Eastern Coastal Plain (Subhumid–Semi-Arid); Eastern Plateau (Chhotanagpur) & Eastern Ghats (Subhumid),2,True,Shared: Eastern Coastal Plain (Subhumid–Semi-Arid) + Eastern Plateau (Chhotanagpur) & Eastern Ghats (Subhumid),#888888
Kakinada,Rowthulapudi,Andhra Pradesh,0.0,0.0,0.0,0.0,0.0,253.6935738103588,0.0,0.0,0.0,0.0,24.92621563949785,0.0,0.0,Eastern Coastal Plain (Subhumid–Semi-Arid); Eastern Plateau (Chhotanagpur) & Eastern Ghats (Subhumid),2,True,Shared: Eastern Coastal Plain (Subhumid–Semi-Arid) + Eastern Plateau (Chhotanagpur) & Eastern Ghats (Subhumid),#888888
Kakinada,Samalkota,Andhra Pradesh,0.0,0.0,0.0,0.0,0.0,164.88103362110604,0.0,0.0,0.0,0.0,0.0,0.0,0.0,Eastern Coastal Plain (Subhumid–Semi-Arid),1,False,Eastern Coastal Plain (Subhumid–Semi-Arid),#fff1a8
Kakinada,Sankhavaram,Andhra Pradesh,0.0,0.0,0.0,0.0,0.0,184.15639451415709,0.0,0.0,0.0,0.0,11.075534442997784,0.0,0.0,Eastern Coastal Plain (Subhumid–Semi-Arid); Eastern Plateau (Chhotanagpur) & Eastern Ghats (Subhumid),2,True,Shared: Eastern Coastal Plain (Subhumid–Semi-Arid) + Eastern Plateau (Chhotanagpur) & Eastern Ghats (Subhumid),#888888
Kakinada,Thallarevu,Andhra Pradesh,0.0,0.0,0.0,0.0,0.0,339.78201303614327,0.0,0.0,0.0,0.0,0.0,0.0,0.0,Eastern Coastal Plain (Subhumid–Semi-Arid),1,False,Eastern Coastal Plain (Subhumid–Semi-Arid),#fff1a8
Kakinada,Thondangi,Andhra Pradesh,0.0,0.0,0.0,0.0,0.0,194.61686284169312,0.0,0.0,0.0,0.0,0.0,0.0,0.0,Eastern Coastal Plain (Subhumid–Semi-Arid),1,False,Eastern Coastal Plain (Subhumid–Semi-Arid),#fff1a8
Kakinada,Tuni,Andhra Pradesh,0.0,0.0,0.0,0.0,0.0,201.47799089726945,0.0,0.0,0.0,0.0,0.0,0.0,0.0,Eastern Coastal Plain (Subhumid–Semi-Arid),1,False,Eastern Coastal Plain (Subhumid–Semi-Arid),#fff1a8
Kakinada,Yeleswaram,Andhra Pradesh,0.0,0.0,0.0,0.0,0.0,38.90180482959807,0.0,0.0,0.0,0.0,124.75091895772998,0.0,0.0,Eastern Coastal Plain (Subhumid–Semi-Arid); Eastern Plateau (Chhotanagpur) & Eastern Ghats (Subhumid),2,True,Shared: Eastern Coastal Plain (Subhumid–Semi-Arid) + Eastern Plateau (Chhotanagpur) & Eastern Ghats (Subhumid),#888888
Kona Seema,Ainavilli,Andhra Pradesh,0.0,0.0,0.0,0.0,0.0,105.3224773073088,0.0,0.0,0.0,0.0,0.0,0.0,0.0,Eastern Coastal Plain (Subhumid–Semi-Arid),1,False,Eastern Coastal Plain (Subhumid–Semi-Arid),#fff1a8
Kona Seema,Alamuru,Andhra Pradesh,0.0,0.0,0.0,0.0,0.0,82.5141184108115,0.0,0.0,0.0,0.0,0.0,0.0,0.0,Eastern Coastal Plain (Subhumid–Semi-Arid),1,False,Eastern Coastal Plain (Subhumid–Semi-Arid),#fff1a8
Kona Seema,Allavaram,Andhra Pradesh,0.0,0.0,0.0,0.0,0.0,124.35284406361204,0.0,0.0,0.0,0.0,0.0,0.0,0.0,Eastern Coastal Plain (Subhumid–Semi-Arid),1,False,Eastern Coastal Plain (Subhumid–Semi-Arid),#fff1a8
Kona Seema,Amalapuram,Andhra Pradesh,0.0,0.0,0.0,0.0,0.0,89.29900096297293,0.0,0.0,0.0,0.0,0.0,0.0,0.0,Eastern Coastal Plain (Subhumid–Semi-Arid),1,False,Eastern Coastal Plain (Subhumid–Semi-Arid),#fff1a8
Kona Seema,Ambajipeta,Andhra Pradesh,0.0,0.0,0.0,0.0,0.0,57.971971234770514,0.0,0.0,0.0,0.0,0.0,0.0,0.0,Eastern Coastal Plain (Subhumid–Semi-Arid),1,False,Eastern Coastal Plain (Subhumid–Semi-Arid),#fff1a8
Kona Seema,Atreyapuram,Andhra Pradesh,0.0,0.0,0.0,3.900759526411163,0.0,180.493912885238,0.0,0.0,0.0,0.0,7.219241562627839,0.0,0.0,Deccan Plateau (Telangana) & Eastern Ghats (Semi-Arid); Eastern Coastal Plain (Subhumid–Semi-Arid); Eastern Plateau (Chhotanagpur) & Eastern Ghats (Subhumid),3,True,Shared: Deccan Plateau (Telangana) & Eastern Ghats (Semi-Arid) + Eastern Coastal Plain (Subhumid–Semi-Arid) + Eastern Plateau (Chhotanagpur) & Eastern Ghats (Subhumid),#888888
Kona Seema,I. Polavaram,Andhra Pradesh,0.0,0.0,0.0,0.0,0.0,108.22456545330428,0.0,0.0,0.0,0.0,0.0,0.0,0.0,Eastern Coastal Plain (Subhumid–Semi-Arid),1,False,Eastern Coastal Plain (Subhumid–Semi-Arid),#fff1a8
Kona Seema,Kapileswarapuram,Andhra Pradesh,0.0,0.0,0.0,0.0,0.0,137.3681030714859,0.0,0.0,0.0,0.0,0.0,0.0,0.0,Eastern Coastal Plain (Subhumid–Semi-Arid),1,False,Eastern Coastal Plain (Subhumid–Semi-Arid),#fff1a8
Kona Seema,Katrenikona,Andhra Pradesh,0.0,0.0,0.0,0.0,0.0,277.47206636614743,0.0,0.0,0.0,0.0,0.0,0.0,0.0,Eastern Coastal Plain (Subhumid–Semi-Arid),1,False,Eastern Coastal Plain (Subhumid–Semi-Arid),#fff1a8
Kona Seema,Kothapeta,Andhra Pradesh,0.0,0.0,0.0,0.0,0.0,83.6700020580961,0.0,0.0,0.0,0.0,0.0,0.0,0.0,Eastern Coastal Plain (Subhumid–Semi-Arid),1,False,Eastern Coastal Plain (Subhumid–Semi-Arid),#fff1a8
Kona Seema,Malikipuram,Andhra Pradesh,0.0,0.0,0.0,0.0,0.0,101.14285368091976,0.0,0.0,0.0,0.0,0.0,0.0,0.0,Eastern Coastal Plain (Subhumid–Semi-Arid),1,False,Eastern Coastal Plain (Subhumid–Semi-Arid),#fff1a8
Kona Seema,Mamidikuduru,Andhra Pradesh,0.0,0.0,0.0,0.0,0.0,92.5662091268438,0.0,0.0,0.0,0.0,0.0,0.0,0.0,Eastern Coastal Plain (Subhumid–Semi-Arid),1,False,Eastern Coastal Plain (Subhumid–Semi-Arid),#fff1a8
Kona Seema,Mandapeta,Andhra Pradesh,0.0,0.0,0.0,0.0,0.0,120.15112625802728,0.0,0.0,0.0,0.0,0.0,0.0,0.0,Eastern Coastal Plain (Subhumid–Semi-Arid),1,False,Eastern Coastal Plain (Subhumid–Semi-Arid),#fff1a8
Kona Seema,Mummidivaram,Andhra Pradesh,0.0,0.0,0.0,0.0,0.0,92.75809613934598,0.0,0.0,0.0,0.0,0.0,0.0,0.0,Eastern Coastal Plain (Subhumid–Semi-Arid),1,False,Eastern Coastal Plain (Subhumid–Semi-Arid),#fff1a8
Kona Seema,P.Gannavaram,Andhra Pradesh,0.0,0.0,0.0,0.0,0.0,129.31325126487138,0.0,0.0,0.0,0.0,0.0,0.0,0.0,Eastern Coastal Plain (Subhumid–Semi-Arid),1,False,Eastern Coastal Plain (Subhumid–Semi-Arid),#fff1a8
Kona Seema,Pamarru,Andhra Pradesh,0.0,0.0,0.0,0.0,0.0,102.2547560641613,0.0,0.0,0.0,0.0,0.0,0.0,0.0,Eastern Coastal Plain (Subhumid–Semi-Arid),1,False,Eastern Coastal Plain (Subhumid–Semi-Arid),#fff1a8
Kona Seema,Ramachandrapuram,Andhra Pradesh,0.0,0.0,0.0,0.0,0.0,116.47763645594524,0.0,0.0,0.0,0.0,0.0,0.0,0.0,Eastern Coastal Plain (Subhumid–Semi-Arid),1,False,Eastern Coastal Plain (Subhumid–Semi-Arid),#fff1a8
Kona Seema,Ravulapalem,Andhra Pradesh,0.0,0.0,0.0,0.0,0.0,71.92415825450801,0.0,0.0,0.0,0.0,0.0,0.0,0.0,Eastern Coastal Plain (Subhumid–Semi-Arid),1,False,Eastern Coastal Plain (Subhumid–Semi-Arid),#fff1a8
Kona Seema,Rayavaram,Andhra Pradesh,0.0,0.0,0.0,0.0,0.0,85.20410065131797,0.0,0.0,0.0,0.0,0.0,0.0,0.0,Eastern Coastal Plain (Subhumid–Semi-Arid),1,False,Eastern Coastal Plain (Subhumid–Semi-Arid),#fff1a8
Kona Seema,Razole,Andhra Pradesh,0.0,0.0,0.0,0.0,0.0,80.17568843728854,0.0,0.0,0.0,0.0,0.0,0.0,0.0,Eastern Coastal Plain (Subhumid–Semi-Arid),1,False,Eastern Coastal Plain (Subhumid–Semi-Arid),#fff1a8
Kona Seema,Sakhinetipalle,Andhra Pradesh,0.0,0.0,0.0,0.0,0.0,145.49582939160567,0.0,0.0,0.0,0.0,0.0,0.0,0.0,Eastern Coastal Plain (Subhumid–Semi-Arid),1,False,Eastern Coastal Plain (Subhumid–Semi-Arid),#fff1a8
Kona Seema,Uppalaguptam,Andhra Pradesh,0.0,0.0,0.0,0.0,0.0,127.52012086798156,0.0,0.0,0.0,0.0,0.0,0.0,0.0,Eastern Coastal Plain (Subhumid–Semi-Arid),1,False,Eastern Coastal Plain (Subhumid–Semi-Arid),#fff1a8
Krishna,Avanigadda,Andhra Pradesh,0.0,0.0,0.0,0.0,0.0,81.13996512540176,0.0,0.0,0.0,0.0,0.0,0.0,0.0,Eastern Coastal Plain (Subhumid–Semi-Arid),1,False,Eastern Coastal Plain (Subhumid–Semi-Arid),#fff1a8
Krishna,Bantumilli,Andhra Pradesh,0.0,0.0,0.0,0.0,0.0,139.76950574881144,0.0,0.0,0.0,0.0,0.0,0.0,0.0,Eastern Coastal Plain (Subhumid–Semi-Arid),1,False,Eastern Coastal Plain (Subhumid–Semi-Arid),#fff1a8
Krishna,Bapulapadu,Andhra Pradesh,0.0,0.0,0.0,238.5537200924269,0.0,2.93466635546298,0.0,0.0,0.0,0.0,0.0,0.0,0.0,Deccan Plateau (Telangana) & Eastern Ghats (Semi-Arid); Eastern Coastal Plain (Subhumid–Semi-Arid),2,True,Shared: Deccan Plateau (Telangana) & Eastern Ghats (Semi-Arid) + Eastern Coastal Plain (Subhumid–Semi-Arid),#888888
Krishna,Challapalle,Andhra Pradesh,0.0,0.0,0.0,0.0,0.0,102.2597542948805,0.0,0.0,0.0,0.0,0.0,0.0,0.0,Eastern Coastal Plain (Subhumid–Semi-Arid),1,False,Eastern Coastal Plain (Subhumid–Semi-Arid),#fff1a8
Krishna,Gannavaram,Andhra Pradesh,0.0,0.0,0.0,226.76207554025524,0.0,0.0,0.0,0.0,0.0,0.0,0.0,0.0,0.0,Deccan Plateau (Telangana) & Eastern Ghats (Semi-Arid),1,False,Deccan Plateau (Telangana) & Eastern Ghats (Semi-Arid),#fece7c
Krishna,Ghantasala,Andhra Pradesh,0.0,0.0,0.0,0.0,0.0,127.73211973890344,0.0,0.0,0.0,0.0,0.0,0.0,0.0,Eastern Coastal Plain (Subhumid–Semi-Arid),1,False,Eastern Coastal Plain (Subhumid–Semi-Arid),#fff1a8
Krishna,Gudivada,Andhra Pradesh,0.0,0.0,0.0,0.0,0.0,120.94134573382355,0.0,0.0,0.0,0.0,0.0,0.0,0.0,Eastern Coastal Plain (Subhumid–Semi-Arid),1,False,Eastern Coastal Plain (Subhumid–Semi-Arid),#fff1a8
Krishna,Gudlavalleru,Andhra Pradesh,0.0,0.0,0.0,0.0,0.0,134.57425600757102,0.0,0.0,0.0,0.0,0.0,0.0,0.0,Eastern Coastal Plain (Subhumid–Semi-Arid),1,False,Eastern Coastal Plain (Subhumid–Semi-Arid),#fff1a8
Krishna,Guduru,Andhra Pradesh,0.0,0.0,0.0,0.0,0.0,135.50573068666884,0.0,0.0,0.0,0.0,0.0,0.0,0.0,Eastern Coastal Plain (Subhumid–Semi-Arid),1,False,Eastern Coastal Plain (Subhumid–Semi-Arid),#fff1a8
Krishna,Kankipadu,Andhra Pradesh,0.0,0.0,0.0,34.195514090013454,0.0,84.2342597557445,0.0,0.0,0.0,0.0,0.0,0.0,0.0,Deccan Plateau (Telangana) & Eastern Ghats (Semi-Arid); Eastern Coastal Plain (Subhumid–Semi-Arid),2,True,Shared: Deccan Plateau (Telangana) & Eastern Ghats (Semi-Arid) + Eastern Coastal Plain (Subhumid–Semi-Arid),#888888
Krishna,Koduru,Andhra Pradesh,0.0,0.0,0.0,0.0,0.0,222.85937237388404,0.0,0.0,0.0,0.0,0.0,0.0,0.0,Eastern Coastal Plain (Subhumid–Semi-Arid),1,False,Eastern Coastal Plain (Subhumid–Semi-Arid),#fff1a8
Krishna,Kruthivennu,Andhra Pradesh,0.0,0.0,0.0,0.0,0.0,159.35989922409394,0.0,0.0,0.0,0.0,0.0,0.0,0.0,Eastern Coastal Plain (Subhumid–Semi-Arid),1,False,Eastern Coastal Plain (Subhumid–Semi-Arid),#fff1a8
Krishna,Machilipatnam,Andhra Pradesh,0.0,0.0,0.0,0.0,0.0,419.6443884438861,0.0,0.0,0.0,0.0,0.0,0.0,0.0,Eastern Coastal Plain (Subhumid–Semi-Arid),1,False,Eastern Coastal Plain (Subhumid–Semi-Arid),#fff1a8
Krishna,Mopidevi,Andhra Pradesh,0.0,0.0,0.0,0.0,0.0,94.4611651495655,0.0,0.0,0.0,0.0,0.0,0.0,0.0,Eastern Coastal Plain (Subhumid–Semi-Arid),1,False,Eastern Coastal Plain (Subhumid–Semi-Arid),#fff1a8
Krishna,Movva,Andhra Pradesh,0.0,0.0,0.0,0.0,0.0,155.5684811650851,0.0,0.0,0.0,0.0,0.0,0.0,0.0,Eastern Coastal Plain (Subhumid–Semi-Arid),1,False,Eastern Coastal Plain (Subhumid–Semi-Arid),#fff1a8
Krishna,Nagayalanka,Andhra Pradesh,0.0,0.0,0.0,0.0,0.0,397.64842799350816,0.0,0.0,0.0,0.0,0.0,0.0,0.0,Eastern Coastal Plain (Subhumid–Semi-Arid),1,False,Eastern Coastal Plain (Subhumid–Semi-Arid),#fff1a8
Krishna,Nandivada,Andhra Pradesh,0.0,0.0,0.0,6.828271906758892,0.0,168.64584929490175,0.0,0.0,0.0,0.0,0.0,0.0,0.0,Deccan Plateau (Telangana) & Eastern Ghats (Semi-Arid); Eastern Coastal Plain (Subhumid–Semi-Arid),2,True,Shared: Deccan Plateau (Telangana) & Eastern Ghats (Semi-Arid) + Eastern Coastal Plain (Subhumid–Semi-Arid),#888888
Krishna,Pamarru,Andhra Pradesh,0.0,0.0,0.0,0.0,0.0,132.64873242022918,0.0,0.0,0.0,0.0,0.0,0.0,0.0,Eastern Coastal Plain (Subhumid–Semi-Arid),1,False,Eastern Coastal Plain (Subhumid–Semi-Arid),#fff1a8
Krishna,Pamidimukkala,Andhra Pradesh,0.0,0.0,0.0,0.0,0.0,134.00345785786138,0.0,0.0,0.0,0.0,0.0,0.0,0.0,Eastern Coastal Plain (Subhumid–Semi-Arid),1,False,Eastern Coastal Plain (Subhumid–Semi-Arid),#fff1a8
Krishna,Pedana,Andhra Pradesh,0.0,0.0,0.0,0.0,0.0,154.53360743490475,0.0,0.0,0.0,0.0,0.0,0.0,0.0,Eastern Coastal Plain (Subhumid–Semi-Arid),1,False,Eastern Coastal Plain (Subhumid–Semi-Arid),#fff1a8
Krishna,Pedaparupudi,Andhra Pradesh,0.0,0.0,0.0,0.0,0.0,104.12618413793666,0.0,0.0,0.0,0.0,0.0,0.0,0.0,Eastern Coastal Plain (Subhumid–Semi-Arid),1,False,Eastern Coastal Plain (Subhumid–Semi-Arid),#fff1a8
Krishna,Penamaluru,Andhra Pradesh,0.0,0.0,0.0,61.02725669478568,0.0,25.685021284236864,0.0,0.0,0.0,0.0,0.0,0.0,0.0,Deccan Plateau (Telangana) & Eastern Ghats (Semi-Arid); Eastern Coastal Plain (Subhumid–Semi-Arid),2,True,Shared: Deccan Plateau (Telangana) & Eastern Ghats (Semi-Arid) + Eastern Coastal Plain (Subhumid–Semi-Arid),#888888
Krishna,Thotlavalluru,Andhra Pradesh,0.0,0.0,0.0,0.0,0.0,125.89298252590926,0.0,0.0,0.0,0.0,0.0,0.0,0.0,Eastern Coastal Plain (Subhumid–Semi-Arid),1,False,Eastern Coastal Plain (Subhumid–Semi-Arid),#fff1a8
Krishna,Unguturu,Andhra Pradesh,0.0,0.0,0.0,94.6655201295606,0.0,66.44772775001708,0.0,0.0,0.0,0.0,0.0,0.0,0.0,Deccan Plateau (Telangana) & Eastern Ghats (Semi-Arid); Eastern Coastal Plain (Subhumid–Semi-Arid),2,True,Shared: Deccan Plateau (Telangana) & Eastern Ghats (Semi-Arid) + Eastern Coastal Plain (Subhumid–Semi-Arid),#888888
Krishna,Vuyyuru,Andhra Pradesh,0.0,0.0,0.0,0.0,0.0,91.33337975835808,0.0,0.0,0.0,0.0,0.0,0.0,0.0,Eastern Coastal Plain (Subhumid–Semi-Arid),1,False,Eastern Coastal Plain (Subhumid–Semi-Arid),#fff1a8
Kurnool,Adoni,Andhra Pradesh,0.0,0.0,0.0,601.5399276935422,1.9893897411024093,0.0,0.0,0.0,0.0,0.0,0.0,0.0,0.0,Deccan Plateau (Telangana) & Eastern Ghats (Semi-Arid); Deccan Plateau (Semi-Arid),2,True,Shared: Deccan Plateau (Telangana) & Eastern Ghats (Semi-Arid) + Deccan Plateau (Semi-Arid),#888888
Kurnool,Alur,Andhra Pradesh,0.0,0.0,0.0,386.9845575389308,0.0,0.0,0.0,0.0,0.0,0.0,0.0,0.0,0.0,Deccan Plateau (Telangana) & Eastern Ghats (Semi-Arid),1,False,Deccan Plateau (Telangana) & Eastern Ghats (Semi-Arid),#fece7c
Kurnool,Aspari,Andhra Pradesh,0.0,0.0,0.0,462.091314446022,0.0,0.0,0.0,0.0,0.0,0.0,0.0,0.0,0.0,Deccan Plateau (Telangana) & Eastern Ghats (Semi-Arid),1,False,Deccan Plateau (Telangana) & Eastern Ghats (Semi-Arid),#fece7c
Kurnool,C.Belagal,Andhra Pradesh,0.0,0.0,0.0,236.3209361635584,0.0,0.0,0.0,0.0,0.0,0.0,0.0,0.0,0.0,Deccan Plateau (Telangana) & Eastern Ghats (Semi-Arid),1,False,Deccan Plateau (Telangana) & Eastern Ghats (Semi-Arid),#fece7c
Kurnool,Chippagiri,Andhra Pradesh,0.0,0.0,0.0,183.98209860287545,0.0,0.0,0.0,0.0,0.0,0.0,0.0,141.77809011175952,0.0,Deccan Plateau (Telangana) & Eastern Ghats (Semi-Arid); Karnataka Plateau (incl. Rayalaseema),2,True,Shared: Deccan Plateau (Telangana) & Eastern Ghats (Semi-Arid) + Karnataka Plateau (incl. Rayalaseema),#888888
Kurnool,Devanakonda,Andhra Pradesh,0.0,0.0,0.0,520.5592199563065,0.0,0.0,0.0,0.0,0.0,0.0,0.0,0.0,0.0,Deccan Plateau (Telangana) & Eastern Ghats (Semi-Arid),1,False,Deccan Plateau (Telangana) & Eastern Ghats (Semi-Arid),#fece7c
Kurnool,Gonegandla,Andhra Pradesh,0.0,0.0,0.0,299.06577354385,0.0,0.0,0.0,0.0,0.0,0.0,0.0,0.0,0.0,Deccan Plateau (Telangana) & Eastern Ghats (Semi-Arid),1,False,Deccan Plateau (Telangana) & Eastern Ghats (Semi-Arid),#fece7c
Kurnool,Gudur,Andhra Pradesh,0.0,0.0,0.0,175.90085662860454,0.0,0.0,0.0,0.0,0.0,0.0,0.0,0.0,0.0,Deccan Plateau (Telangana) & Eastern Ghats (Semi-Arid),1,False,Deccan Plateau (Telangana) & Eastern Ghats (Semi-Arid),#fece7c
Kurnool,Halaharvi,Andhra Pradesh,0.0,0.0,0.0,224.08116355457585,0.0,0.0,0.0,0.0,0.0,0.0,0.0,90.31922834701324,0.0,Deccan Plateau (Telangana) & Eastern Ghats (Semi-Arid); Karnataka Plateau (incl. Rayalaseema),2,True,Shared: Deccan Plateau (Telangana) & Eastern Ghats (Semi-Arid) + Karnataka Plateau (incl. Rayalaseema),#888888
Kurnool,Holagunda,Andhra Pradesh,0.0,0.0,0.0,331.77991634807233,1.5106553794014392,0.0,0.0,0.0,0.0,0.0,0.0,1.1210065589815734,0.0,Deccan Plateau (Telangana) & Eastern Ghats (Semi-Arid); Deccan Plateau (Semi-Arid); Karnataka Plateau (incl. Rayalaseema),3,True,Shared: Deccan Plateau (Telangana) & Eastern Ghats (Semi-Arid) + Deccan Plateau (Semi-Arid) + Karnataka Plateau (incl. Rayalaseema),#888888
Kurnool,Kallur,Andhra Pradesh,0.0,0.0,0.0,354.5295663180997,0.0,0.0,0.0,0.0,0.0,0.0,0.0,0.0,0.0,Deccan Plateau (Telangana) & Eastern Ghats (Semi-Arid),1,False,Deccan Plateau (Telangana) & Eastern Ghats (Semi-Arid),#fece7c
Kurnool,Kodumur,Andhra Pradesh,0.0,0.0,0.0,252.7772275070212,0.0,0.0,0.0,0.0,0.0,0.0,0.0,0.0,0.0,Deccan Plateau (Telangana) & Eastern Ghats (Semi-Arid),1,False,Deccan Plateau (Telangana) & Eastern Ghats (Semi-Arid),#fece7c
Kurnool,Kosigi,Andhra Pradesh,0.0,0.0,0.0,256.837740643682,0.0,0.0,0.0,0.0,0.0,0.0,0.0,0.0,0.0,Deccan Plateau (Telangana) & Eastern Ghats (Semi-Arid),1,False,Deccan Plateau (Telangana) & Eastern Ghats (Semi-Arid),#fece7c
Kurnool,Kowthalam,Andhra Pradesh,0.0,0.0,0.0,401.3463388587176,4.999356107932584,0.0,0.0,0.0,0.0,0.0,0.0,0.0,0.0,Deccan Plateau (Telangana) & Eastern Ghats (Semi-Arid); Deccan Plateau (Semi-Arid),2,True,Shared: Deccan Plateau (Telangana) & Eastern Ghats (Semi-Arid) + Deccan Plateau (Semi-Arid),#888888
Kurnool,Krishnagiri,Andhra Pradesh,0.0,0.0,0.0,435.50474085216536,0.0,0.0,0.0,0.0,0.0,0.0,0.0,0.0,0.0,Deccan Plateau (Telangana) & Eastern Ghats (Semi-Arid),1,False,Deccan Plateau (Telangana) & Eastern Ghats (Semi-Arid),#fece7c
Kurnool,Kurnool Rural,Andhra Pradesh,0.0,0.0,0.0,370.1992919946803,0.0,0.0,0.0,0.0,0.0,0.0,0.0,0.0,0.0,Deccan Plateau (Telangana) & Eastern Ghats (Semi-Arid),1,False,Deccan Plateau (Telangana) & Eastern Ghats (Semi-Arid),#fece7c
Kurnool,Kurnool Urban,Andhra Pradesh,0.0,0.0,0.0,17.467937401196327,0.0,0.0,0.0,0.0,0.0,0.0,0.0,0.0,0.0,Deccan Plateau (Telangana) & Eastern Ghats (Semi-Arid),1,False,Deccan Plateau (Telangana) & Eastern Ghats (Semi-Arid),#fece7c
Kurnool,Maddikera (East),Andhra Pradesh,0.0,0.0,0.0,252.3452519056752,0.0,0.0,0.0,0.0,0.0,0.0,0.0,1.4007152006933596,0.0,Deccan Plateau (Telangana) & Eastern Ghats (Semi-Arid); Karnataka Plateau (incl. Rayalaseema),2,True,Shared: Deccan Plateau (Telangana) & Eastern Ghats (Semi-Arid) + Karnataka Plateau (incl. Rayalaseema),#888888
Kurnool,Mantralayam,Andhra Pradesh,0.0,0.0,0.0,209.4189479852256,0.0,0.0,0.0,0.0,0.0,0.0,0.0,0.0,0.0,Deccan Plateau (Telangana) & Eastern Ghats (Semi-Arid),1,False,Deccan Plateau (Telangana) & Eastern Ghats (Semi-Arid),#fece7c
Kurnool,Nandavaram,Andhra Pradesh,0.0,0.0,0.0,290.18285801658226,0.0,0.0,0.0,0.0,0.0,0.0,0.0,0.0,0.0,Deccan Plateau (Telangana) & Eastern Ghats (Semi-Arid),1,False,Deccan Plateau (Telangana) & Eastern Ghats (Semi-Arid),#fece7c
Kurnool,Orvakal,Andhra Pradesh,0.0,0.0,0.0,399.3188514354384,0.0,0.0,0.0,0.0,0.0,0.0,0.0,0.0,0.0,Deccan Plateau (Telangana) & Eastern Ghats (Semi-Arid),1,False,Deccan Plateau (Telangana) & Eastern Ghats (Semi-Arid),#fece7c
Kurnool,Pattikonda,Andhra Pradesh,0.0,0.0,0.0,312.88792111891587,0.0,0.0,0.0,0.0,0.0,0.0,0.0,0.0,0.0,Deccan Plateau (Telangana) & Eastern Ghats (Semi-Arid),1,False,Deccan Plateau (Telangana) & Eastern Ghats (Semi-Arid),#fece7c
Kurnool,Pedda Kadubur,Andhra Pradesh,0.0,0.0,0.0,234.16287619090767,0.0,0.0,0.0,0.0,0.0,0.0,0.0,0.0,0.0,Deccan Plateau (Telangana) & Eastern Ghats (Semi-Arid),1,False,Deccan Plateau (Telangana) & Eastern Ghats (Semi-Arid),#fece7c
Kurnool,Tuggali,Andhra Pradesh,0.0,0.0,0.0,400.1052829066632,0.0,0.0,0.0,0.0,0.0,0.0,0.0,5.093853083319666,0.0,Deccan Plateau (Telangana) & Eastern Ghats (Semi-Arid); Karnataka Plateau (incl. Rayalaseema),2,True,Shared: Deccan Plateau (Telangana) & Eastern Ghats (Semi-Arid) + Karnataka Plateau (incl. Rayalaseema),#888888
Kurnool,Veldurthi,Andhra Pradesh,0.0,0.0,0.0,371.7323673239119,0.0,0.0,0.0,0.0,0.0,0.0,0.0,0.0,0.0,Deccan Plateau (Telangana) & Eastern Ghats (Semi-Arid),1,False,Deccan Plateau (Telangana) & Eastern Ghats (Semi-Arid),#fece7c
Kurnool,Yemmiganur,Andhra Pradesh,0.0,0.0,0.0,331.4224799820445,0.0,0.0,0.0,0.0,0.0,0.0,0.0,0.0,0.0,Deccan Plateau (Telangana) & Eastern Ghats (Semi-Arid),1,False,Deccan Plateau (Telangana) & Eastern Ghats (Semi-Arid),#fece7c
Manyam,Balijipeta,Andhra Pradesh,0.0,0.0,0.0,0.0,0.0,4.532157961323841,0.0,0.0,0.0,0.0,161.7557708796125,0.0,0.0,Eastern Coastal Plain (Subhumid–Semi-Arid); Eastern Plateau (Chhotanagpur) & Eastern Ghats (Subhumid),2,True,Shared: Eastern Coastal Plain (Subhumid–Semi-Arid) + Eastern Plateau (Chhotanagpur) & Eastern Ghats (Subhumid),#888888
Manyam,Bhamini,Andhra Pradesh,0.0,0.0,0.0,0.0,0.0,0.0,0.0,0.0,0.0,0.0,170.73921184309194,0.0,0.0,Eastern Plateau (Chhotanagpur) & Eastern Ghats (Subhumid),1,False,Eastern Plateau (Chhotanagpur) & Eastern Ghats (Subhumid),#5cb7aa
Manyam,Garugubilli,Andhra Pradesh,0.0,0.0,0.0,0.0,0.0,0.0,0.0,0.0,0.0,0.0,135.65272950886916,0.0,0.0,Eastern Plateau (Chhotanagpur) & Eastern Ghats (Subhumid),1,False,Eastern Plateau (Chhotanagpur) & Eastern Ghats (Subhumid),#5cb7aa
Manyam,Gummalakshmipuram,Andhra Pradesh,0.0,0.0,0.0,0.0,0.0,0.0,0.0,0.0,0.0,0.0,422.0096254092944,0.0,0.0,Eastern Plateau (Chhotanagpur) & Eastern Ghats (Subhumid),1,False,Eastern Plateau (Chhotanagpur) & Eastern Ghats (Subhumid),#5cb7aa
Manyam,Jiyyammavalasa,Andhra Pradesh,0.0,0.0,0.0,0.0,0.0,0.0,0.0,0.0,0.0,0.0,211.71393262537765,0.0,0.0,Eastern Plateau (Chhotanagpur) & Eastern Ghats (Subhumid),1,False,Eastern Plateau (Chhotanagpur) & Eastern Ghats (Subhumid),#5cb7aa
Manyam,Komarada,Andhra Pradesh,0.0,0.0,0.0,0.0,0.0,0.0,0.0,0.0,0.0,0.0,332.7156142451604,0.0,0.0,Eastern Plateau (Chhotanagpur) & Eastern Ghats (Subhumid),1,False,Eastern Plateau (Chhotanagpur) & Eastern Ghats (Subhumid),#5cb7aa
Manyam,Kurupam,Andhra Pradesh,0.0,0.0,0.0,0.0,0.0,0.0,0.0,0.0,0.0,0.0,375.8572105694074,0.0,0.0,Eastern Plateau (Chhotanagpur) & Eastern Ghats (Subhumid),1,False,Eastern Plateau (Chhotanagpur) & Eastern Ghats (Subhumid),#5cb7aa
Manyam,Makkuva,Andhra Pradesh,0.0,0.0,0.0,0.0,0.0,0.0,0.0,0.0,0.0,0.0,190.20076334041167,0.0,0.0,Eastern Plateau (Chhotanagpur) & Eastern Ghats (Subhumid),1,False,Eastern Plateau (Chhotanagpur) & Eastern Ghats (Subhumid),#5cb7aa
Manyam,Pachipenta,Andhra Pradesh,0.0,0.0,0.0,0.0,0.0,0.0,0.0,0.0,0.0,0.0,358.184842908469,0.0,0.0,Eastern Plateau (Chhotanagpur) & Eastern Ghats (Subhumid),1,False,Eastern Plateau (Chhotanagpur) & Eastern Ghats (Subhumid),#5cb7aa
Manyam,Palakonda,Andhra Pradesh,0.0,0.0,0.0,0.0,0.0,82.07263594798636,0.0,0.0,0.0,0.0,40.29709342235611,0.0,0.0,Eastern Coastal Plain (Subhumid–Semi-Arid); Eastern Plateau (Chhotanagpur) & Eastern Ghats (Subhumid),2,True,Shared: Eastern Coastal Plain (Subhumid–Semi-Arid) + Eastern Plateau (Chhotanagpur) & Eastern Ghats (Subhumid),#888888
Manyam,Parvathipuram,Andhra Pradesh,0.0,0.0,0.0,0.0,0.0,0.0,0.0,0.0,0.0,0.0,265.7714818629812,0.0,0.0,Eastern Plateau (Chhotanagpur) & Eastern Ghats (Subhumid),1,False,Eastern Plateau (Chhotanagpur) & Eastern Ghats (Subhumid),#5cb7aa
Manyam,Salur,Andhra Pradesh,0.0,0.0,0.0,0.0,0.0,0.0,0.0,0.0,0.0,0.0,500.0856903180168,0.0,0.0,Eastern Plateau (Chhotanagpur) & Eastern Ghats (Subhumid),1,False,Eastern Plateau (Chhotanagpur) & Eastern Ghats (Subhumid),#5cb7aa
Manyam,Seethampeta,Andhra Pradesh,0.0,0.0,0.0,0.0,0.0,193.5203858298277,0.0,0.0,0.0,0.0,306.5742337521934,0.0,0.0,Eastern Coastal Plain (Subhumid–Semi-Arid); Eastern Plateau (Chhotanagpur) & Eastern Ghats (Subhumid),2,True,Shared: Eastern Coastal Plain (Subhumid–Semi-Arid) + Eastern Plateau (Chhotanagpur) & Eastern Ghats (Subhumid),#888888
Manyam,Seethanagaram,Andhra Pradesh,0.0,0.0,0.0,0.0,0.0,0.0,0.0,0.0,0.0,0.0,167.1009633329022,0.0,0.0,Eastern Plateau (Chhotanagpur) & Eastern Ghats (Subhumid),1,False,Eastern Plateau (Chhotanagpur) & Eastern Ghats (Subhumid),#5cb7aa
Manyam,Veeraghattam,Andhra Pradesh,0.0,0.0,0.0,0.0,0.0,3.704330338181528,0.0,0.0,0.0,0.0,143.8399576909206,0.0,0.0,Eastern Coastal Plain (Subhumid–Semi-Arid); Eastern Plateau (Chhotanagpur) & Eastern Ghats (Subhumid),2,True,Shared: Eastern Coastal Plain (Subhumid–Semi-Arid) + Eastern Plateau (Chhotanagpur) & Eastern Ghats (Subhumid),#888888
Nandyal,Allagadda,Andhra Pradesh,0.0,0.0,0.0,276.272446908867,0.0,0.0,0.0,0.0,0.0,0.0,0.0,0.0,0.0,Deccan Plateau (Telangana) & Eastern Ghats (Semi-Arid),1,False,Deccan Plateau (Telangana) & Eastern Ghats (Semi-Arid),#fece7c
Nandyal,Atmakur,Andhra Pradesh,0.0,0.0,0.0,887.6989894587583,0.0,0.0,0.0,0.0,0.0,0.0,0.0,0.0,0.0,Deccan Plateau (Telangana) & Eastern Ghats (Semi-Arid),1,False,Deccan Plateau (Telangana) & Eastern Ghats (Semi-Arid),#fece7c
Nandyal,Banaganapalle,Andhra Pradesh,0.0,0.0,0.0,528.6562547276309,0.0,0.0,0.0,0.0,0.0,0.0,0.0,0.0,0.0,Deccan Plateau (Telangana) & Eastern Ghats (Semi-Arid),1,False,Deccan Plateau (Telangana) & Eastern Ghats (Semi-Arid),#fece7c
Nandyal,Bandi Atmakur,Andhra Pradesh,0.0,0.0,0.0,574.7394571878823,0.0,0.0,0.0,0.0,0.0,0.0,0.0,0.0,0.0,Deccan Plateau (Telangana) & Eastern Ghats (Semi-Arid),1,False,Deccan Plateau (Telangana) & Eastern Ghats (Semi-Arid),#fece7c
Nandyal,Bethamcherla,Andhra Pradesh,0.0,0.0,0.0,387.5111809238789,0.0,0.0,0.0,0.0,0.0,0.0,0.0,0.0,0.0,Deccan Plateau (Telangana) & Eastern Ghats (Semi-Arid),1,False,Deccan Plateau (Telangana) & Eastern Ghats (Semi-Arid),#fece7c
Nandyal,Chagalamarri,Andhra Pradesh,0.0,0.0,0.0,391.40476221257455,0.0,0.0,0.0,0.0,0.0,0.0,0.0,0.0,0.0,Deccan Plateau (Telangana) & Eastern Ghats (Semi-Arid),1,False,Deccan Plateau (Telangana) & Eastern Ghats (Semi-Arid),#fece7c
Nandyal,Dhone,Andhra Pradesh,0.0,0.0,0.0,548.8661891547968,0.0,0.0,0.0,0.0,0.0,0.0,0.0,0.0,0.0,Deccan Plateau (Telangana) & Eastern Ghats (Semi-Arid),1,False,Deccan Plateau (Telangana) & Eastern Ghats (Semi-Arid),#fece7c
Nandyal,Dornipadu,Andhra Pradesh,0.0,0.0,0.0,129.55168962941576,0.0,0.0,0.0,0.0,0.0,0.0,0.0,0.0,0.0,Deccan Plateau (Telangana) & Eastern Ghats (Semi-Arid),1,False,Deccan Plateau (Telangana) & Eastern Ghats (Semi-Arid),#fece7c
Nandyal,Gadivemula,Andhra Pradesh,0.0,0.0,0.0,246.14935432095905,0.0,0.0,0.0,0.0,0.0,0.0,0.0,0.0,0.0,Deccan Plateau (Telangana) & Eastern Ghats (Semi-Arid),1,False,Deccan Plateau (Telangana) & Eastern Ghats (Semi-Arid),#fece7c
Nandyal,Gospadu,Andhra Pradesh,0.0,0.0,0.0,145.1443224864244,0.0,0.0,0.0,0.0,0.0,0.0,0.0,0.0,0.0,Deccan Plateau (Telangana) & Eastern Ghats (Semi-Arid),1,False,Deccan Plateau (Telangana) & Eastern Ghats (Semi-Arid),#fece7c
Nandyal,Jupadu Bungalow,Andhra Pradesh,0.0,0.0,0.0,239.0310618839597,0.0,0.0,0.0,0.0,0.0,0.0,0.0,0.0,0.0,Deccan Plateau (Telangana) & Eastern Ghats (Semi-Arid),1,False,Deccan Plateau (Telangana) & Eastern Ghats (Semi-Arid),#fece7c
Nandyal,Koilkuntla,Andhra Pradesh,0.0,0.0,0.0,217.89561919254004,0.0,0.0,0.0,0.0,0.0,0.0,0.0,0.0,0.0,Deccan Plateau (Telangana) & Eastern Ghats (Semi-Arid),1,False,Deccan Plateau (Telangana) & Eastern Ghats (Semi-Arid),#fece7c
Nandyal,Kolimigundla,Andhra Pradesh,0.0,0.0,0.0,372.04218275815794,0.0,0.0,0.0,0.0,0.0,0.0,0.0,0.3419280514962051,0.0,Deccan Plateau (Telangana) & Eastern Ghats (Semi-Arid); Karnataka Plateau (incl. Rayalaseema),2,True,Shared: Deccan Plateau (Telangana) & Eastern Ghats (Semi-Arid) + Karnataka Plateau (incl. Rayalaseema),#888888
Nandyal,Kothapalle,Andhra Pradesh,0.0,0.0,0.0,657.1073103886256,0.0,0.0,0.0,0.0,0.0,0.0,0.0,0.0,0.0,Deccan Plateau (Telangana) & Eastern Ghats (Semi-Arid),1,False,Deccan Plateau (Telangana) & Eastern Ghats (Semi-Arid),#fece7c
Nandyal,Mahanandi,Andhra Pradesh,0.0,0.0,0.0,301.56720227151254,0.0,0.0,0.0,0.0,0.0,0.0,0.0,0.0,0.0,Deccan Plateau (Telangana) & Eastern Ghats (Semi-Arid),1,False,Deccan Plateau (Telangana) & Eastern Ghats (Semi-Arid),#fece7c
Nandyal,Midthur,Andhra Pradesh,0.0,0.0,0.0,326.0783623212941,0.0,0.0,0.0,0.0,0.0,0.0,0.0,0.0,0.0,Deccan Plateau (Telangana) & Eastern Ghats (Semi-Arid),1,False,Deccan Plateau (Telangana) & Eastern Ghats (Semi-Arid),#fece7c
Nandyal,Nandikotkur,Andhra Pradesh,0.0,0.0,0.0,188.86409466318543,0.0,0.0,0.0,0.0,0.0,0.0,0.0,0.0,0.0,Deccan Plateau (Telangana) & Eastern Ghats (Semi-Arid),1,False,Deccan Plateau (Telangana) & Eastern Ghats (Semi-Arid),#fece7c
Nandyal,Nandyal,Andhra Pradesh,0.0,0.0,0.0,234.33846358615955,0.0,0.0,0.0,0.0,0.0,0.0,0.0,0.0,0.0,Deccan Plateau (Telangana) & Eastern Ghats (Semi-Arid),1,False,Deccan Plateau (Telangana) & Eastern Ghats (Semi-Arid),#fece7c
Nandyal,Owk,Andhra Pradesh,0.0,0.0,0.0,549.0808299340144,0.0,0.0,0.0,0.0,0.0,0.0,0.0,0.0,0.0,Deccan Plateau (Telangana) & Eastern Ghats (Semi-Arid),1,False,Deccan Plateau (Telangana) & Eastern Ghats (Semi-Arid),#fece7c
Nandyal,Pagidyala,Andhra Pradesh,0.0,0.0,0.0,100.44176077532038,0.0,0.0,0.0,0.0,0.0,0.0,0.0,0.0,0.0,Deccan Plateau (Telangana) & Eastern Ghats (Semi-Arid),1,False,Deccan Plateau (Telangana) & Eastern Ghats (Semi-Arid),#fece7c
Nandyal,Pamulapadu,Andhra Pradesh,0.0,0.0,0.0,203.9583074552691,0.0,0.0,0.0,0.0,0.0,0.0,0.0,0.0,0.0,Deccan Plateau (Telangana) & Eastern Ghats (Semi-Arid),1,False,Deccan Plateau (Telangana) & Eastern Ghats (Semi-Arid),#fece7c
Nandyal,Panyam,Andhra Pradesh,0.0,0.0,0.0,546.0300570919684,0.0,0.0,0.0,0.0,0.0,0.0,0.0,0.0,0.0,Deccan Plateau (Telangana) & Eastern Ghats (Semi-Arid),1,False,Deccan Plateau (Telangana) & Eastern Ghats (Semi-Arid),#fece7c
Nandyal,Peapally,Andhra Pradesh,0.0,0.0,0.0,555.4016071130575,0.0,0.0,0.0,0.0,0.0,0.0,0.0,34.4617840531308,0.0,Deccan Plateau (Telangana) & Eastern Ghats (Semi-Arid); Karnataka Plateau (incl. Rayalaseema),2,True,Shared: Deccan Plateau (Telangana) & Eastern Ghats (Semi-Arid) + Karnataka Plateau (incl. Rayalaseema),#888888
Nandyal,Rudravaram,Andhra Pradesh,0.0,0.0,0.0,722.4277286161215,0.0,0.0,0.0,0.0,0.0,0.0,0.0,0.0,0.0,Deccan Plateau (Telangana) & Eastern Ghats (Semi-Arid),1,False,Deccan Plateau (Telangana) & Eastern Ghats (Semi-Arid),#fece7c
Nandyal,Sanjamala,Andhra Pradesh,0.0,0.0,0.0,305.76224893463046,0.0,0.0,0.0,0.0,0.0,0.0,0.0,0.0,0.0,Deccan Plateau (Telangana) & Eastern Ghats (Semi-Arid),1,False,Deccan Plateau (Telangana) & Eastern Ghats (Semi-Arid),#fece7c
Nandyal,Sirvel,Andhra Pradesh,0.0,0.0,0.0,189.88329968516527,0.0,0.0,0.0,0.0,0.0,0.0,0.0,0.0,0.0,Deccan Plateau (Telangana) & Eastern Ghats (Semi-Arid),1,False,Deccan Plateau (Telangana) & Eastern Ghats (Semi-Arid),#fece7c
Nandyal,Srisailam,Andhra Pradesh,0.0,0.0,0.0,101.32414225910756,0.0,0.0,0.0,0.0,0.0,0.0,0.0,0.0,0.0,Deccan Plateau (Telangana) & Eastern Ghats (Semi-Arid),1,False,Deccan Plateau (Telangana) & Eastern Ghats (Semi-Arid),#fece7c
Nandyal,Uyyalawada,Andhra Pradesh,0.0,0.0,0.0,217.91286855255817,0.0,0.0,0.0,0.0,0.0,0.0,0.0,0.0,0.0,Deccan Plateau (Telangana) & Eastern Ghats (Semi-Arid),1,False,Deccan Plateau (Telangana) & Eastern Ghats (Semi-Arid),#fece7c
Nandyal,Velgode,Andhra Pradesh,0.0,0.0,0.0,380.152686537279,0.0,0.0,0.0,0.0,0.0,0.0,0.0,0.0,0.0,Deccan Plateau (Telangana) & Eastern Ghats (Semi-Arid),1,False,Deccan Plateau (Telangana) & Eastern Ghats (Semi-Arid),#fece7c
NTR,A.Konduru,Andhra Pradesh,0.0,0.0,0.0,223.53444858191747,0.0,0.0,0.0,0.0,0.0,0.0,0.0,0.0,0.0,Deccan Plateau (Telangana) & Eastern Ghats (Semi-Arid),1,False,Deccan Plateau (Telangana) & Eastern Ghats (Semi-Arid),#fece7c
NTR,Chandarlapadu,Andhra Pradesh,0.0,0.0,0.0,262.37300877266,0.0,0.0,0.0,0.0,0.0,0.0,0.0,0.0,0.0,Deccan Plateau (Telangana) & Eastern Ghats (Semi-Arid),1,False,Deccan Plateau (Telangana) & Eastern Ghats (Semi-Arid),#fece7c
NTR,G.Konduru,Andhra Pradesh,0.0,0.0,0.0,291.52065446606,0.0,0.0,0.0,0.0,0.0,0.0,0.0,0.0,0.0,Deccan Plateau (Telangana) & Eastern Ghats (Semi-Arid),1,False,Deccan Plateau (Telangana) & Eastern Ghats (Semi-Arid),#fece7c
NTR,Gampalagudem,Andhra Pradesh,0.0,0.0,0.0,246.85816088954817,0.0,0.0,0.0,0.0,0.0,0.0,0.0,0.0,0.0,Deccan Plateau (Telangana) & Eastern Ghats (Semi-Arid),1,False,Deccan Plateau (Telangana) & Eastern Ghats (Semi-Arid),#fece7c
NTR,Ibrahimpatnam,Andhra Pradesh,0.0,0.0,0.0,189.3328011141743,0.0,0.0,0.0,0.0,0.0,0.0,0.0,0.0,0.0,Deccan Plateau (Telangana) & Eastern Ghats (Semi-Arid),1,False,Deccan Plateau (Telangana) & Eastern Ghats (Semi-Arid),#fece7c
NTR,Jaggayyapeta,Andhra Pradesh,0.0,0.0,0.0,300.5302592297922,0.0,0.0,0.0,0.0,0.0,0.0,0.0,0.0,0.0,Deccan Plateau (Telangana) & Eastern Ghats (Semi-Arid),1,False,Deccan Plateau (Telangana) & Eastern Ghats (Semi-Arid),#fece7c
NTR,Kanchikacherla,Andhra Pradesh,0.0,0.0,0.0,205.1096453036137,0.0,0.0,0.0,0.0,0.0,0.0,0.0,0.0,0.0,Deccan Plateau (Telangana) & Eastern Ghats (Semi-Arid),1,False,Deccan Plateau (Telangana) & Eastern Ghats (Semi-Arid),#fece7c
NTR,Mylavaram,Andhra Pradesh,0.0,0.0,0.0,223.0981932628601,0.0,0.0,0.0,0.0,0.0,0.0,0.0,0.0,0.0,Deccan Plateau (Telangana) & Eastern Ghats (Semi-Arid),1,False,Deccan Plateau (Telangana) & Eastern Ghats (Semi-Arid),#fece7c
NTR,Nandigama,Andhra Pradesh,0.0,0.0,0.0,202.73037697513732,0.0,0.0,0.0,0.0,0.0,0.0,0.0,0.0,0.0,Deccan Plateau (Telangana) & Eastern Ghats (Semi-Arid),1,False,Deccan Plateau (Telangana) & Eastern Ghats (Semi-Arid),#fece7c
NTR,Penuganchiprolu,Andhra Pradesh,0.0,0.0,0.0,179.78436447844092,0.0,0.0,0.0,0.0,0.0,0.0,0.0,0.0,0.0,Deccan Plateau (Telangana) & Eastern Ghats (Semi-Arid),1,False,Deccan Plateau (Telangana) & Eastern Ghats (Semi-Arid),#fece7c
NTR,Reddigudem,Andhra Pradesh,0.0,0.0,0.0,186.3519512884457,0.0,0.0,0.0,0.0,0.0,0.0,0.0,0.0,0.0,Deccan Plateau (Telangana) & Eastern Ghats (Semi-Arid),1,False,Deccan Plateau (Telangana) & Eastern Ghats (Semi-Arid),#fece7c
NTR,Tiruvuru,Andhra Pradesh,0.0,0.0,0.0,209.3242914842696,0.0,0.0,0.0,0.0,0.0,0.0,0.0,0.0,0.0,Deccan Plateau (Telangana) & Eastern Ghats (Semi-Arid),1,False,Deccan Plateau (Telangana) & Eastern Ghats (Semi-Arid),#fece7c
NTR,Vatsavai,Andhra Pradesh,0.0,0.0,0.0,210.98046171169665,0.0,0.0,0.0,0.0,0.0,0.0,0.0,0.0,0.0,Deccan Plateau (Telangana) & Eastern Ghats (Semi-Arid),1,False,Deccan Plateau (Telangana) & Eastern Ghats (Semi-Arid),#fece7c
NTR,Veerullapadu,Andhra Pradesh,0.0,0.0,0.0,229.1962318337393,0.0,0.0,0.0,0.0,0.0,0.0,0.0,0.0,0.0,Deccan Plateau (Telangana) & Eastern Ghats (Semi-Arid),1,False,Deccan Plateau (Telangana) & Eastern Ghats (Semi-Arid),#fece7c
NTR,Vijayawada (Rural),Andhra Pradesh,0.0,0.0,0.0,165.9315228482445,0.0,0.0,0.0,0.0,0.0,0.0,0.0,0.0,0.0,Deccan Plateau (Telangana) & Eastern Ghats (Semi-Arid),1,False,Deccan Plateau (Telangana) & Eastern Ghats (Semi-Arid),#fece7c
NTR,Vijayawada Central,Andhra Pradesh,0.0,0.0,0.0,20.30663032669268,0.0,0.0,0.0,0.0,0.0,0.0,0.0,0.0,0.0,Deccan Plateau (Telangana) & Eastern Ghats (Semi-Arid),1,False,Deccan Plateau (Telangana) & Eastern Ghats (Semi-Arid),#fece7c
NTR,Vijayawada East,Andhra Pradesh,0.0,0.0,0.0,9.755550827139515,0.0,0.0,0.0,0.0,0.0,0.0,0.0,0.0,0.0,Deccan Plateau (Telangana) & Eastern Ghats (Semi-Arid),1,False,Deccan Plateau (Telangana) & Eastern Ghats (Semi-Arid),#fece7c
NTR,Vijayawada North,Andhra Pradesh,0.0,0.0,0.0,17.823974274941794,0.0,0.0,0.0,0.0,0.0,0.0,0.0,0.0,0.0,Deccan Plateau (Telangana) & Eastern Ghats (Semi-Arid),1,False,Deccan Plateau (Telangana) & Eastern Ghats (Semi-Arid),#fece7c
NTR,Vijayawada West,Andhra Pradesh,0.0,0.0,0.0,14.223729268413924,0.0,0.0,0.0,0.0,0.0,0.0,0.0,0.0,0.0,Deccan Plateau (Telangana) & Eastern Ghats (Semi-Arid),1,False,Deccan Plateau (Telangana) & Eastern Ghats (Semi-Arid),#fece7c
NTR,Vissannapet,Andhra Pradesh,0.0,0.0,0.0,227.5357066977852,0.0,0.0,0.0,0.0,0.0,0.0,0.0,0.0,0.0,Deccan Plateau (Telangana) & Eastern Ghats (Semi-Arid),1,False,Deccan Plateau (Telangana) & Eastern Ghats (Semi-Arid),#fece7c
Palnadu,Amaravathi,Andhra Pradesh,0.0,0.0,0.0,233.66399608867405,0.0,0.0,0.0,0.0,0.0,0.0,0.0,0.0,0.0,Deccan Plateau (Telangana) & Eastern Ghats (Semi-Arid),1,False,Deccan Plateau (Telangana) & Eastern Ghats (Semi-Arid),#fece7c
Palnadu,Atchampet,Andhra Pradesh,0.0,0.0,0.0,233.6542063675644,0.0,0.0,0.0,0.0,0.0,0.0,0.0,0.0,0.0,Deccan Plateau (Telangana) & Eastern Ghats (Semi-Arid),1,False,Deccan Plateau (Telangana) & Eastern Ghats (Semi-Arid),#fece7c
Palnadu,Bellamkonda,Andhra Pradesh,0.0,0.0,0.0,385.65094904815015,0.0,0.0,0.0,0.0,0.0,0.0,0.0,0.0,0.0,Deccan Plateau (Telangana) & Eastern Ghats (Semi-Arid),1,False,Deccan Plateau (Telangana) & Eastern Ghats (Semi-Arid),#fece7c
Palnadu,Bollapalle,Andhra Pradesh,0.0,0.0,0.0,613.9623200451832,0.0,0.0,0.0,0.0,0.0,0.0,0.0,0.0,0.0,Deccan Plateau (Telangana) & Eastern Ghats (Semi-Arid),1,False,Deccan Plateau (Telangana) & Eastern Ghats (Semi-Arid),#fece7c
Palnadu,Chilakaluripet,Andhra Pradesh,0.0,0.0,0.0,0.5659884128627607,0.0,229.87745279196625,0.0,0.0,0.0,0.0,0.0,0.0,0.0,Deccan Plateau (Telangana) & Eastern Ghats (Semi-Arid); Eastern Coastal Plain (Subhumid–Semi-Arid),2,True,Shared: Deccan Plateau (Telangana) & Eastern Ghats (Semi-Arid) + Eastern Coastal Plain (Subhumid–Semi-Arid),#888888
Palnadu,Dachepalle,Andhra Pradesh,0.0,0.0,0.0,310.85736537491863,0.0,0.0,0.0,0.0,0.0,0.0,0.0,0.0,0.0,Deccan Plateau (Telangana) & Eastern Ghats (Semi-Arid),1,False,Deccan Plateau (Telangana) & Eastern Ghats (Semi-Arid),#fece7c
Palnadu,Durgi,Andhra Pradesh,0.0,0.0,0.0,418.0319818207215,0.0,0.0,0.0,0.0,0.0,0.0,0.0,0.0,0.0,Deccan Plateau (Telangana) & Eastern Ghats (Semi-Arid),1,False,Deccan Plateau (Telangana) & Eastern Ghats (Semi-Arid),#fece7c
Palnadu,Edlapadu,Andhra Pradesh,0.0,0.0,0.0,10.454378093922994,0.0,192.05160676608585,0.0,0.0,0.0,0.0,0.0,0.0,0.0,Deccan Plateau (Telangana) & Eastern Ghats (Semi-Arid); Eastern Coastal Plain (Subhumid–Semi-Arid),2,True,Shared: Deccan Plateau (Telangana) & Eastern Ghats (Semi-Arid) + Eastern Coastal Plain (Subhumid–Semi-Arid),#888888
Palnadu,Gurazala,Andhra Pradesh,0.0,0.0,0.0,290.8856217904712,0.0,0.0,0.0,0.0,0.0,0.0,0.0,0.0,0.0,Deccan Plateau (Telangana) & Eastern Ghats (Semi-Arid),1,False,Deccan Plateau (Telangana) & Eastern Ghats (Semi-Arid),#fece7c
Palnadu,Ipur,Andhra Pradesh,0.0,0.0,0.0,361.4527818644041,0.0,0.0,0.0,0.0,0.0,0.0,0.0,0.0,0.0,Deccan Plateau (Telangana) & Eastern Ghats (Semi-Arid),1,False,Deccan Plateau (Telangana) & Eastern Ghats (Semi-Arid),#fece7c
Palnadu,Karempudi,Andhra Pradesh,0.0,0.0,0.0,263.2118275757582,0.0,0.0,0.0,0.0,0.0,0.0,0.0,0.0,0.0,Deccan Plateau (Telangana) & Eastern Ghats (Semi-Arid),1,False,Deccan Plateau (Telangana) & Eastern Ghats (Semi-Arid),#fece7c
Palnadu,Krosuru,Andhra Pradesh,0.0,0.0,0.0,178.70796951711066,0.0,0.0,0.0,0.0,0.0,0.0,0.0,0.0,0.0,Deccan Plateau (Telangana) & Eastern Ghats (Semi-Arid),1,False,Deccan Plateau (Telangana) & Eastern Ghats (Semi-Arid),#fece7c
Palnadu,Machavaram,Andhra Pradesh,0.0,0.0,0.0,222.2870236639432,0.0,0.0,0.0,0.0,0.0,0.0,0.0,0.0,0.0,Deccan Plateau (Telangana) & Eastern Ghats (Semi-Arid),1,False,Deccan Plateau (Telangana) & Eastern Ghats (Semi-Arid),#fece7c
Palnadu,Macherla,Andhra Pradesh,0.0,0.0,0.0,406.1372461833766,0.0,0.0,0.0,0.0,0.0,0.0,0.0,0.0,0.0,Deccan Plateau (Telangana) & Eastern Ghats (Semi-Arid),1,False,Deccan Plateau (Telangana) & Eastern Ghats (Semi-Arid),#fece7c
Palnadu,Muppalla,Andhra Pradesh,0.0,0.0,0.0,144.47915828442555,0.0,0.0,0.0,0.0,0.0,0.0,0.0,0.0,0.0,Deccan Plateau (Telangana) & Eastern Ghats (Semi-Arid),1,False,Deccan Plateau (Telangana) & Eastern Ghats (Semi-Arid),#fece7c
Palnadu,Nadendla,Andhra Pradesh,0.0,0.0,0.0,85.87920071289209,0.0,94.25776552447869,0.0,0.0,0.0,0.0,0.0,0.0,0.0,Deccan Plateau (Telangana) & Eastern Ghats (Semi-Arid); Eastern Coastal Plain (Subhumid–Semi-Arid),2,True,Shared: Deccan Plateau (Telangana) & Eastern Ghats (Semi-Arid) + Eastern Coastal Plain (Subhumid–Semi-Arid),#888888
Palnadu,Narasaraopet,Andhra Pradesh,0.0,0.0,0.0,243.057503589608,0.0,11.173576479258736,0.0,0.0,0.0,0.0,0.0,0.0,0.0,Deccan Plateau (Telangana) & Eastern Ghats (Semi-Arid); Eastern Coastal Plain (Subhumid–Semi-Arid),2,True,Shared: Deccan Plateau (Telangana) & Eastern Ghats (Semi-Arid) + Eastern Coastal Plain (Subhumid–Semi-Arid),#888888
Palnadu,Nekarikallu,Andhra Pradesh,0.0,0.0,0.0,283.876618688923,0.0,0.0,0.0,0.0,0.0,0.0,0.0,0.0,0.0,Deccan Plateau (Telangana) & Eastern Ghats (Semi-Arid),1,False,Deccan Plateau (Telangana) & Eastern Ghats (Semi-Arid),#fece7c
Palnadu,Nuzendla,Andhra Pradesh,0.0,0.0,0.0,377.5104475833808,0.0,7.448742185878959,0.0,0.0,0.0,0.0,0.0,0.0,0.0,Deccan Plateau (Telangana) & Eastern Ghats (Semi-Arid); Eastern Coastal Plain (Subhumid–Semi-Arid),2,True,Shared: Deccan Plateau (Telangana) & Eastern Ghats (Semi-Arid) + Eastern Coastal Plain (Subhumid–Semi-Arid),#888888
Palnadu,Pedakurapadu,Andhra Pradesh,0.0,0.0,0.0,153.18357819885324,0.0,0.0,0.0,0.0,0.0,0.0,0.0,0.0,0.0,Deccan Plateau (Telangana) & Eastern Ghats (Semi-Arid),1,False,Deccan Plateau (Telangana) & Eastern Ghats (Semi-Arid),#fece7c
Palnadu,Piduguralla,Andhra Pradesh,0.0,0.0,0.0,280.64126503203954,0.0,0.0,0.0,0.0,0.0,0.0,0.0,0.0,0.0,Deccan Plateau (Telangana) & Eastern Ghats (Semi-Arid),1,False,Deccan Plateau (Telangana) & Eastern Ghats (Semi-Arid),#fece7c
Palnadu,Rajupalem,Andhra Pradesh,0.0,0.0,0.0,174.1367094132917,0.0,0.0,0.0,0.0,0.0,0.0,0.0,0.0,0.0,Deccan Plateau (Telangana) & Eastern Ghats (Semi-Arid),1,False,Deccan Plateau (Telangana) & Eastern Ghats (Semi-Arid),#fece7c
Palnadu,Rentachintala,Andhra Pradesh,0.0,0.0,0.0,211.6280882730828,0.0,0.0,0.0,0.0,0.0,0.0,0.0,0.0,0.0,Deccan Plateau (Telangana) & Eastern Ghats (Semi-Arid),1,False,Deccan Plateau (Telangana) & Eastern Ghats (Semi-Arid),#fece7c
Palnadu,Rompicherla,Andhra Pradesh,0.0,0.0,0.0,250.7823773326516,0.0,0.0,0.0,0.0,0.0,0.0,0.0,0.0,0.0,Deccan Plateau (Telangana) & Eastern Ghats (Semi-Arid),1,False,Deccan Plateau (Telangana) & Eastern Ghats (Semi-Arid),#fece7c
Palnadu,Sattenapalle,Andhra Pradesh,0.0,0.0,0.0,260.96706598967444,0.0,0.0,0.0,0.0,0.0,0.0,0.0,0.0,0.0,Deccan Plateau (Telangana) & Eastern Ghats (Semi-Arid),1,False,Deccan Plateau (Telangana) & Eastern Ghats (Semi-Arid),#fece7c
Palnadu,Savalyapuram,Andhra Pradesh,0.0,0.0,0.0,163.79556440030157,0.0,0.0,0.0,0.0,0.0,0.0,0.0,0.0,0.0,Deccan Plateau (Telangana) & Eastern Ghats (Semi-Arid),1,False,Deccan Plateau (Telangana) & Eastern Ghats (Semi-Arid),#fece7c
Palnadu,Veldurthi,Andhra Pradesh,0.0,0.0,0.0,568.9368642947779,0.0,0.0,0.0,0.0,0.0,0.0,0.0,0.0,0.0,Deccan Plateau (Telangana) & Eastern Ghats (Semi-Arid),1,False,Deccan Plateau (Telangana) & Eastern Ghats (Semi-Arid),#fece7c
Palnadu,Vinukonda,Andhra Pradesh,0.0,0.0,0.0,287.6118447395561,0.0,18.04377421047086,0.0,0.0,0.0,0.0,0.0,0.0,0.0,Deccan Plateau (Telangana) & Eastern Ghats (Semi-Arid); Eastern Coastal Plain (Subhumid–Semi-Arid),2,True,Shared: Deccan Plateau (Telangana) & Eastern Ghats (Semi-Arid) + Eastern Coastal Plain (Subhumid–Semi-Arid),#888888
Prakasam,Ardhaveedu,Andhra Pradesh,0.0,0.0,0.0,276.7770020595366,0.0,0.0,0.0,0.0,0.0,0.0,0.0,0.0,0.0,Deccan Plateau (Telangana) & Eastern Ghats (Semi-Arid),1,False,Deccan Plateau (Telangana) & Eastern Ghats (Semi-Arid),#fece7c
Prakasam,Bestawaripeta,Andhra Pradesh,0.0,0.0,0.0,678.0250198611008,0.0,0.0,0.0,0.0,0.0,0.0,0.0,0.0,0.0,Deccan Plateau (Telangana) & Eastern Ghats (Semi-Arid),1,False,Deccan Plateau (Telangana) & Eastern Ghats (Semi-Arid),#fece7c
Prakasam,Chandrasekhara Puram,Andhra Pradesh,0.0,0.0,0.0,618.0038854362999,0.0,0.0,0.0,0.0,0.0,0.0,0.0,0.0,0.0,Deccan Plateau (Telangana) & Eastern Ghats (Semi-Arid),1,False,Deccan Plateau (Telangana) & Eastern Ghats (Semi-Arid),#fece7c
Prakasam,Chimakurthi,Andhra Pradesh,0.0,0.0,0.0,0.0,0.0,316.9146503247998,0.0,0.0,0.0,0.0,0.0,0.0,0.0,Eastern Coastal Plain (Subhumid–Semi-Arid),1,False,Eastern Coastal Plain (Subhumid–Semi-Arid),#fff1a8
Prakasam,Cumbum,Andhra Pradesh,0.0,0.0,0.0,142.75163244661604,0.0,0.0,0.0,0.0,0.0,0.0,0.0,0.0,0.0,Deccan Plateau (Telangana) & Eastern Ghats (Semi-Arid),1,False,Deccan Plateau (Telangana) & Eastern Ghats (Semi-Arid),#fece7c
Prakasam,Darsi,Andhra Pradesh,0.0,0.0,0.0,358.9200331011165,0.0,35.05758302156115,0.0,0.0,0.0,0.0,0.0,0.0,0.0,Deccan Plateau (Telangana) & Eastern Ghats (Semi-Arid); Eastern Coastal Plain (Subhumid–Semi-Arid),2,True,Shared: Deccan Plateau (Telangana) & Eastern Ghats (Semi-Arid) + Eastern Coastal Plain (Subhumid–Semi-Arid),#888888
Prakasam,Donakonda,Andhra Pradesh,0.0,0.0,0.0,358.5306536025732,0.0,0.0,0.0,0.0,0.0,0.0,0.0,0.0,0.0,Deccan Plateau (Telangana) & Eastern Ghats (Semi-Arid),1,False,Deccan Plateau (Telangana) & Eastern Ghats (Semi-Arid),#fece7c
Prakasam,Dornala,Andhra Pradesh,0.0,0.0,0.0,944.4723064611272,0.0,0.0,0.0,0.0,0.0,0.0,0.0,0.0,0.0,Deccan Plateau (Telangana) & Eastern Ghats (Semi-Arid),1,False,Deccan Plateau (Telangana) & Eastern Ghats (Semi-Arid),#fece7c
Prakasam,Giddalur,Andhra Pradesh,0.0,0.0,0.0,1409.8035152901266,0.0,0.0,0.0,0.0,0.0,0.0,0.0,0.0,0.0,Deccan Plateau (Telangana) & Eastern Ghats (Semi-Arid),1,False,Deccan Plateau (Telangana) & Eastern Ghats (Semi-Arid),#fece7c
Prakasam,Hanumanthunipadu,Andhra Pradesh,0.0,0.0,0.0,373.51608476873446,0.0,0.0,0.0,0.0,0.0,0.0,0.0,0.0,0.0,Deccan Plateau (Telangana) & Eastern Ghats (Semi-Arid),1,False,Deccan Plateau (Telangana) & Eastern Ghats (Semi-Arid),#fece7c
Prakasam,Kanigiri,Andhra Pradesh,0.0,0.0,0.0,556.7057299246138,0.0,0.0,0.0,0.0,0.0,0.0,0.0,0.0,0.0,Deccan Plateau (Telangana) & Eastern Ghats (Semi-Arid),1,False,Deccan Plateau (Telangana) & Eastern Ghats (Semi-Arid),#fece7c
Prakasam,Komarolu,Andhra Pradesh,0.0,0.0,0.0,279.2875350664524,0.0,0.0,0.0,0.0,0.0,0.0,0.0,0.0,0.0,Deccan Plateau (Telangana) & Eastern Ghats (Semi-Arid),1,False,Deccan Plateau (Telangana) & Eastern Ghats (Semi-Arid),#fece7c
Prakasam,Konakanamitla,Andhra Pradesh,0.0,0.0,0.0,461.8439021326423,0.0,0.0,0.0,0.0,0.0,0.0,0.0,0.0,0.0,Deccan Plateau (Telangana) & Eastern Ghats (Semi-Arid),1,False,Deccan Plateau (Telangana) & Eastern Ghats (Semi-Arid),#fece7c
Prakasam,Kondapi,Andhra Pradesh,0.0,0.0,0.0,0.0,0.0,223.9065736482333,0.0,0.0,0.0,0.0,0.0,0.0,0.0,Eastern Coastal Plain (Subhumid–Semi-Arid),1,False,Eastern Coastal Plain (Subhumid–Semi-Arid),#fff1a8
Prakasam,Kotha Patnam,Andhra Pradesh,0.0,0.0,0.0,0.0,0.0,176.32725465914115,0.0,0.0,0.0,0.0,0.0,0.0,0.0,Eastern Coastal Plain (Subhumid–Semi-Arid),1,False,Eastern Coastal Plain (Subhumid–Semi-Arid),#fff1a8
Prakasam,Kurichedu,Andhra Pradesh,0.0,0.0,0.0,326.75934409413617,0.0,0.0,0.0,0.0,0.0,0.0,0.0,0.0,0.0,Deccan Plateau (Telangana) & Eastern Ghats (Semi-Arid),1,False,Deccan Plateau (Telangana) & Eastern Ghats (Semi-Arid),#fece7c
Prakasam,Maddipadu,Andhra Pradesh,0.0,0.0,0.0,0.0,0.0,181.2001286219921,0.0,0.0,0.0,0.0,0.0,0.0,0.0,Eastern Coastal Plain (Subhumid–Semi-Arid),1,False,Eastern Coastal Plain (Subhumid–Semi-Arid),#fff1a8
Prakasam,Markapur,Andhra Pradesh,0.0,0.0,0.0,335.0445859883178,0.0,0.0,0.0,0.0,0.0,0.0,0.0,0.0,0.0,Deccan Plateau (Telangana) & Eastern Ghats (Semi-Arid),1,False,Deccan Plateau (Telangana) & Eastern Ghats (Semi-Arid),#fece7c
Prakasam,Marripudi,Andhra Pradesh,0.0,0.0,0.0,352.4810938798093,0.0,97.91478694438156,0.0,0.0,0.0,0.0,0.0,0.0,0.0,Deccan Plateau (Telangana) & Eastern Ghats (Semi-Arid); Eastern Coastal Plain (Subhumid–Semi-Arid),2,True,Shared: Deccan Plateau (Telangana) & Eastern Ghats (Semi-Arid) + Eastern Coastal Plain (Subhumid–Semi-Arid),#888888
Prakasam,Mundlamuru,Andhra Pradesh,0.0,0.0,0.0,124.84851177270748,0.0,211.95855433239527,0.0,0.0,0.0,0.0,0.0,0.0,0.0,Deccan Plateau (Telangana) & Eastern Ghats (Semi-Arid); Eastern Coastal Plain (Subhumid–Semi-Arid),2,True,Shared: Deccan Plateau (Telangana) & Eastern Ghats (Semi-Arid) + Eastern Coastal Plain (Subhumid–Semi-Arid),#888888
Prakasam,Naguluppalapadu,Andhra Pradesh,0.0,0.0,0.0,0.0,0.0,267.59941717531973,0.0,0.0,0.0,0.0,0.0,0.0,0.0,Eastern Coastal Plain (Subhumid–Semi-Arid),1,False,Eastern Coastal Plain (Subhumid–Semi-Arid),#fff1a8
Prakasam,Ongole,Andhra Pradesh,0.0,0.0,0.0,0.0,0.0,212.7905469328812,0.0,0.0,0.0,0.0,0.0,0.0,0.0,Eastern Coastal Plain (Subhumid–Semi-Arid),1,False,Eastern Coastal Plain (Subhumid–Semi-Arid),#fff1a8
Prakasam,Pamur,Andhra Pradesh,0.0,0.0,0.0,441.2495957710942,0.0,0.0,0.0,0.0,0.0,0.0,0.0,0.0,0.0,Deccan Plateau (Telangana) & Eastern Ghats (Semi-Arid),1,False,Deccan Plateau (Telangana) & Eastern Ghats (Semi-Arid),#fece7c
Prakasam,Peda  Araveedu,Andhra Pradesh,0.0,0.0,0.0,298.6973654415997,0.0,0.0,0.0,0.0,0.0,0.0,0.0,0.0,0.0,Deccan Plateau (Telangana) & Eastern Ghats (Semi-Arid),1,False,Deccan Plateau (Telangana) & Eastern Ghats (Semi-Arid),#fece7c
Prakasam,Pedacherlo Palle,Andhra Pradesh,0.0,0.0,0.0,385.7467604101788,0.0,0.0,0.0,0.0,0.0,0.0,0.0,0.0,0.0,Deccan Plateau (Telangana) & Eastern Ghats (Semi-Arid),1,False,Deccan Plateau (Telangana) & Eastern Ghats (Semi-Arid),#fece7c
Prakasam,Podili,Andhra Pradesh,0.0,0.0,0.0,292.99010641941345,0.0,24.352159960886723,0.0,0.0,0.0,0.0,0.0,0.0,0.0,Deccan Plateau (Telangana) & Eastern Ghats (Semi-Arid); Eastern Coastal Plain (Subhumid–Semi-Arid),2,True,Shared: Deccan Plateau (Telangana) & Eastern Ghats (Semi-Arid) + Eastern Coastal Plain (Subhumid–Semi-Arid),#888888
Prakasam,Ponnaluru,Andhra Pradesh,0.0,0.0,0.0,100.15168103492464,0.0,218.3022784483667,0.0,0.0,0.0,0.0,0.0,0.0,0.0,Deccan Plateau (Telangana) & Eastern Ghats (Semi-Arid); Eastern Coastal Plain (Subhumid–Semi-Arid),2,True,Shared: Deccan Plateau (Telangana) & Eastern Ghats (Semi-Arid) + Eastern Coastal Plain (Subhumid–Semi-Arid),#888888
Prakasam,Pullalacheruvu,Andhra Pradesh,0.0,0.0,0.0,708.8265987979572,0.0,0.0,0.0,0.0,0.0,0.0,0.0,0.0,0.0,Deccan Plateau (Telangana) & Eastern Ghats (Semi-Arid),1,False,Deccan Plateau (Telangana) & Eastern Ghats (Semi-Arid),#fece7c
Prakasam,Racherla,Andhra Pradesh,0.0,0.0,0.0,283.8759851580064,0.0,0.0,0.0,0.0,0.0,0.0,0.0,0.0,0.0,Deccan Plateau (Telangana) & Eastern Ghats (Semi-Arid),1,False,Deccan Plateau (Telangana) & Eastern Ghats (Semi-Arid),#fece7c
Prakasam,Santhanuthala Padu,Andhra Pradesh,0.0,0.0,0.0,0.0,0.0,224.5325666885907,0.0,0.0,0.0,0.0,0.0,0.0,0.0,Eastern Coastal Plain (Subhumid–Semi-Arid),1,False,Eastern Coastal Plain (Subhumid–Semi-Arid),#fff1a8
Prakasam,Singarayakonda,Andhra Pradesh,0.0,0.0,0.0,0.0,0.0,118.3344766437381,0.0,0.0,0.0,0.0,0.0,0.0,0.0,Eastern Coastal Plain (Subhumid–Semi-Arid),1,False,Eastern Coastal Plain (Subhumid–Semi-Arid),#fff1a8
Prakasam,Tangutur,Andhra Pradesh,0.0,0.0,0.0,0.0,0.0,222.40252166054347,0.0,0.0,0.0,0.0,0.0,0.0,0.0,Eastern Coastal Plain (Subhumid–Semi-Arid),1,False,Eastern Coastal Plain (Subhumid–Semi-Arid),#fff1a8
Prakasam,Tarlupadu,Andhra Pradesh,0.0,0.0,0.0,331.82780471746906,0.0,0.0,0.0,0.0,0.0,0.0,0.0,0.0,0.0,Deccan Plateau (Telangana) & Eastern Ghats (Semi-Arid),1,False,Deccan Plateau (Telangana) & Eastern Ghats (Semi-Arid),#fece7c
Prakasam,Thallur,Andhra Pradesh,0.0,0.0,0.0,24.65260112418638,0.0,201.0407852577934,0.0,0.0,0.0,0.0,0.0,0.0,0.0,Deccan Plateau (Telangana) & Eastern Ghats (Semi-Arid); Eastern Coastal Plain (Subhumid–Semi-Arid),2,True,Shared: Deccan Plateau (Telangana) & Eastern Ghats (Semi-Arid) + Eastern Coastal Plain (Subhumid–Semi-Arid),#888888
Prakasam,Tripuranthakam,Andhra Pradesh,0.0,0.0,0.0,303.1801460233538,0.0,0.0,0.0,0.0,0.0,0.0,0.0,0.0,0.0,Deccan Plateau (Telangana) & Eastern Ghats (Semi-Arid),1,False,Deccan Plateau (Telangana) & Eastern Ghats (Semi-Arid),#fece7c
Prakasam,Veligandla,Andhra Pradesh,0.0,0.0,0.0,393.5435033645214,0.0,0.0,0.0,0.0,0.0,0.0,0.0,0.0,0.0,Deccan Plateau (Telangana) & Eastern Ghats (Semi-Arid),1,False,Deccan Plateau (Telangana) & Eastern Ghats (Semi-Arid),#fece7c
Prakasam,Yerragondapalem,Andhra Pradesh,0.0,0.0,0.0,1334.7389806688934,0.0,0.0,0.0,0.0,0.0,0.0,0.0,0.0,0.0,Deccan Plateau (Telangana) & Eastern Ghats (Semi-Arid),1,False,Deccan Plateau (Telangana) & Eastern Ghats (Semi-Arid),#fece7c
Prakasam,Zarugumilli,Andhra Pradesh,0.0,0.0,0.0,0.0,0.0,198.71348811938628,0.0,0.0,0.0,0.0,0.0,0.0,0.0,Eastern Coastal Plain (Subhumid–Semi-Arid),1,False,Eastern Coastal Plain (Subhumid–Semi-Arid),#fff1a8
S.P.S.Nellore,Allur,Andhra Pradesh,0.0,0.0,0.0,0.0,0.0,199.23461595346325,0.0,0.0,0.0,0.0,0.0,0.0,0.0,Eastern Coastal Plain (Subhumid–Semi-Arid),1,False,Eastern Coastal Plain (Subhumid–Semi-Arid),#fff1a8
S.P.S.Nellore,Ananthasagaram,Andhra Pradesh,0.0,0.0,0.0,331.02844675216096,0.0,0.0,0.0,0.0,0.0,0.0,0.0,0.0,0.0,Deccan Plateau (Telangana) & Eastern Ghats (Semi-Arid),1,False,Deccan Plateau (Telangana) & Eastern Ghats (Semi-Arid),#fece7c
S.P.S.Nellore,Anumasamudrampeta,Andhra Pradesh,0.0,0.0,0.0,247.23719696011608,0.0,68.90503449097656,0.0,0.0,0.0,0.0,0.0,0.0,0.0,Deccan Plateau (Telangana) & Eastern Ghats (Semi-Arid); Eastern Coastal Plain (Subhumid–Semi-Arid),2,True,Shared: Deccan Plateau (Telangana) & Eastern Ghats (Semi-Arid) + Eastern Coastal Plain (Subhumid–Semi-Arid),#888888
S.P.S.Nellore,Atmakur,Andhra Pradesh,0.0,0.0,0.0,316.1071132192026,0.0,0.0,0.0,0.0,0.0,0.0,0.0,0.0,0.0,Deccan Plateau (Telangana) & Eastern Ghats (Semi-Arid),1,False,Deccan Plateau (Telangana) & Eastern Ghats (Semi-Arid),#fece7c
S.P.S.Nellore,Bogole,Andhra Pradesh,0.0,0.0,0.0,0.0,0.0,189.3434621779821,0.0,0.0,0.0,0.0,0.0,0.0,0.0,Eastern Coastal Plain (Subhumid–Semi-Arid),1,False,Eastern Coastal Plain (Subhumid–Semi-Arid),#fff1a8
S.P.S.Nellore,Buchireddipalem,Andhra Pradesh,0.0,0.0,0.0,0.0,0.0,127.30873768920958,0.0,0.0,0.0,0.0,0.0,0.0,0.0,Eastern Coastal Plain (Subhumid–Semi-Arid),1,False,Eastern Coastal Plain (Subhumid–Semi-Arid),#fff1a8
S.P.S.Nellore,Chejerla,Andhra Pradesh,0.0,0.0,0.0,333.35446842843,0.0,0.0,0.0,0.0,0.0,0.0,0.0,0.0,0.0,Deccan Plateau (Telangana) & Eastern Ghats (Semi-Arid),1,False,Deccan Plateau (Telangana) & Eastern Ghats (Semi-Arid),#fece7c
S.P.S.Nellore,Dagadarthi,Andhra Pradesh,0.0,0.0,0.0,0.0,0.0,272.58906773691893,0.0,0.0,0.0,0.0,0.0,0.0,0.0,Eastern Coastal Plain (Subhumid–Semi-Arid),1,False,Eastern Coastal Plain (Subhumid–Semi-Arid),#fff1a8
S.P.S.Nellore,Duttalur,Andhra Pradesh,0.0,0.0,0.0,279.81350110839554,0.0,0.0,0.0,0.0,0.0,0.0,0.0,0.0,0.0,Deccan Plateau (Telangana) & Eastern Ghats (Semi-Arid),1,False,Deccan Plateau (Telangana) & Eastern Ghats (Semi-Arid),#fece7c
S.P.S.Nellore,Gudluru,Andhra Pradesh,0.0,0.0,0.0,0.0,0.0,277.6708141642374,0.0,0.0,0.0,0.0,0.0,0.0,0.0,Eastern Coastal Plain (Subhumid–Semi-Arid),1,False,Eastern Coastal Plain (Subhumid–Semi-Arid),#fff1a8
S.P.S.Nellore,Indukurpet,Andhra Pradesh,0.0,0.0,0.0,0.0,0.0,143.65742026638355,0.0,0.0,0.0,0.0,0.0,0.0,0.0,Eastern Coastal Plain (Subhumid–Semi-Arid),1,False,Eastern Coastal Plain (Subhumid–Semi-Arid),#fff1a8
S.P.S.Nellore,Jaladanki,Andhra Pradesh,0.0,0.0,0.0,0.0,0.0,332.8229052354693,0.0,0.0,0.0,0.0,0.0,0.0,0.0,Eastern Coastal Plain (Subhumid–Semi-Arid),1,False,Eastern Coastal Plain (Subhumid–Semi-Arid),#fff1a8
S.P.S.Nellore,Kaligiri,Andhra Pradesh,0.0,0.0,0.0,196.3012938057525,0.0,227.8446383990756,0.0,0.0,0.0,0.0,0.0,0.0,0.0,Deccan Plateau (Telangana) & Eastern Ghats (Semi-Arid); Eastern Coastal Plain (Subhumid–Semi-Arid),2,True,Shared: Deccan Plateau (Telangana) & Eastern Ghats (Semi-Arid) + Eastern Coastal Plain (Subhumid–Semi-Arid),#888888
S.P.S.Nellore,Kaluvoya,Andhra Pradesh,0.0,0.0,0.0,410.0972726198428,0.0,0.0,0.0,0.0,0.0,0.0,0.0,0.0,0.0,Deccan Plateau (Telangana) & Eastern Ghats (Semi-Arid),1,False,Deccan Plateau (Telangana) & Eastern Ghats (Semi-Arid),#fece7c
S.P.S.Nellore,Kandukur,Andhra Pradesh,0.0,0.0,0.0,0.0,0.0,239.88673023973075,0.0,0.0,0.0,0.0,0.0,0.0,0.0,Eastern Coastal Plain (Subhumid–Semi-Arid),1,False,Eastern Coastal Plain (Subhumid–Semi-Arid),#fff1a8
S.P.S.Nellore,Kavali,Andhra Pradesh,0.0,0.0,0.0,0.0,0.0,356.5673353675823,0.0,0.0,0.0,0.0,0.0,0.0,0.0,Eastern Coastal Plain (Subhumid–Semi-Arid),1,False,Eastern Coastal Plain (Subhumid–Semi-Arid),#fff1a8
S.P.S.Nellore,Kodavalur,Andhra Pradesh,0.0,0.0,0.0,0.0,0.0,120.34770694939772,0.0,0.0,0.0,0.0,0.0,0.0,0.0,Eastern Coastal Plain (Subhumid–Semi-Arid),1,False,Eastern Coastal Plain (Subhumid–Semi-Arid),#fff1a8
S.P.S.Nellore,Kondapuram,Andhra Pradesh,0.0,0.0,0.0,250.4209970163525,0.0,147.0825273708128,0.0,0.0,0.0,0.0,0.0,0.0,0.0,Deccan Plateau (Telangana) & Eastern Ghats (Semi-Arid); Eastern Coastal Plain (Subhumid–Semi-Arid),2,True,Shared: Deccan Plateau (Telangana) & Eastern Ghats (Semi-Arid) + Eastern Coastal Plain (Subhumid–Semi-Arid),#888888
S.P.S.Nellore,Kovur,Andhra Pradesh,0.0,0.0,0.0,0.0,0.0,93.60387914986516,0.0,0.0,0.0,0.0,0.0,0.0,0.0,Eastern Coastal Plain (Subhumid–Semi-Arid),1,False,Eastern Coastal Plain (Subhumid–Semi-Arid),#fff1a8
S.P.S.Nellore,Lingasamudram,Andhra Pradesh,0.0,0.0,0.0,77.61722034849387,0.0,158.9673874982067,0.0,0.0,0.0,0.0,0.0,0.0,0.0,Deccan Plateau (Telangana) & Eastern Ghats (Semi-Arid); Eastern Coastal Plain (Subhumid–Semi-Arid),2,True,Shared: Deccan Plateau (Telangana) & Eastern Ghats (Semi-Arid) + Eastern Coastal Plain (Subhumid–Semi-Arid),#888888
S.P.S.Nellore,Manubolu,Andhra Pradesh,0.0,0.0,0.0,18.776171058381024,0.0,223.4842658160969,0.0,0.0,0.0,0.0,0.0,0.0,0.0,Deccan Plateau (Telangana) & Eastern Ghats (Semi-Arid); Eastern Coastal Plain (Subhumid–Semi-Arid),2,True,Shared: Deccan Plateau (Telangana) & Eastern Ghats (Semi-Arid) + Eastern Coastal Plain (Subhumid–Semi-Arid),#888888
S.P.S.Nellore,Marripadu,Andhra Pradesh,0.0,0.0,0.0,606.7393905756263,0.0,0.0,0.0,0.0,0.0,0.0,0.0,0.0,0.0,Deccan Plateau (Telangana) & Eastern Ghats (Semi-Arid),1,False,Deccan Plateau (Telangana) & Eastern Ghats (Semi-Arid),#fece7c
S.P.S.Nellore,Muthukur,Andhra Pradesh,0.0,0.0,0.0,0.0,0.0,169.30109164936437,0.0,0.0,0.0,0.0,0.0,0.0,0.0,Eastern Coastal Plain (Subhumid–Semi-Arid),1,False,Eastern Coastal Plain (Subhumid–Semi-Arid),#fff1a8
S.P.S.Nellore,Nellore Rural,Andhra Pradesh,0.0,0.0,0.0,3.449382602070473,0.0,305.7079547341003,0.0,0.0,0.0,0.0,0.0,0.0,0.0,Deccan Plateau (Telangana) & Eastern Ghats (Semi-Arid); Eastern Coastal Plain (Subhumid–Semi-Arid),2,True,Shared: Deccan Plateau (Telangana) & Eastern Ghats (Semi-Arid) + Eastern Coastal Plain (Subhumid–Semi-Arid),#888888
S.P.S.Nellore,Nellore Urban,Andhra Pradesh,0.0,0.0,0.0,0.0,0.0,68.59439094501923,0.0,0.0,0.0,0.0,0.0,0.0,0.0,Eastern Coastal Plain (Subhumid–Semi-Arid),1,False,Eastern Coastal Plain (Subhumid–Semi-Arid),#fff1a8
S.P.S.Nellore,Podalakur,Andhra Pradesh,0.0,0.0,0.0,421.2910824851551,0.0,46.98960354381911,0.0,0.0,0.0,0.0,0.0,0.0,0.0,Deccan Plateau (Telangana) & Eastern Ghats (Semi-Arid); Eastern Coastal Plain (Subhumid–Semi-Arid),2,True,Shared: Deccan Plateau (Telangana) & Eastern Ghats (Semi-Arid) + Eastern Coastal Plain (Subhumid–Semi-Arid),#888888
S.P.S.Nellore,Rapur,Andhra Pradesh,0.0,0.0,0.0,592.8071786038821,0.0,0.0,0.0,0.0,0.0,0.0,0.0,0.0,0.0,Deccan Plateau (Telangana) & Eastern Ghats (Semi-Arid),1,False,Deccan Plateau (Telangana) & Eastern Ghats (Semi-Arid),#fece7c
S.P.S.Nellore,Sangam,Andhra Pradesh,0.0,0.0,0.0,61.01815596513814,0.0,162.0492005840859,0.0,0.0,0.0,0.0,0.0,0.0,0.0,Deccan Plateau (Telangana) & Eastern Ghats (Semi-Arid); Eastern Coastal Plain (Subhumid–Semi-Arid),2,True,Shared: Deccan Plateau (Telangana) & Eastern Ghats (Semi-Arid) + Eastern Coastal Plain (Subhumid–Semi-Arid),#888888
S.P.S.Nellore,Seetharamapuram,Andhra Pradesh,0.0,0.0,0.0,305.58681426329684,0.0,0.0,0.0,0.0,0.0,0.0,0.0,0.0,0.0,Deccan Plateau (Telangana) & Eastern Ghats (Semi-Arid),1,False,Deccan Plateau (Telangana) & Eastern Ghats (Semi-Arid),#fece7c
S.P.S.Nellore,Sydapuram,Andhra Pradesh,0.0,0.0,0.0,369.4663174353639,0.0,0.0,0.0,0.0,0.0,0.0,0.0,0.0,0.0,Deccan Plateau (Telangana) & Eastern Ghats (Semi-Arid),1,False,Deccan Plateau (Telangana) & Eastern Ghats (Semi-Arid),#fece7c
S.P.S.Nellore,Thotapalligudur,Andhra Pradesh,0.0,0.0,0.0,0.0,0.0,167.20200796468208,0.0,0.0,0.0,0.0,0.0,0.0,0.0,Eastern Coastal Plain (Subhumid–Semi-Arid),1,False,Eastern Coastal Plain (Subhumid–Semi-Arid),#fff1a8
S.P.S.Nellore,Udayagiri,Andhra Pradesh,0.0,0.0,0.0,537.5058649931276,0.0,0.0,0.0,0.0,0.0,0.0,0.0,0.0,0.0,Deccan Plateau (Telangana) & Eastern Ghats (Semi-Arid),1,False,Deccan Plateau (Telangana) & Eastern Ghats (Semi-Arid),#fece7c
S.P.S.Nellore,Ulavapadu,Andhra Pradesh,0.0,0.0,0.0,0.0,0.0,194.6057084746619,0.0,0.0,0.0,0.0,0.0,0.0,0.0,Eastern Coastal Plain (Subhumid–Semi-Arid),1,False,Eastern Coastal Plain (Subhumid–Semi-Arid),#fff1a8
S.P.S.Nellore,Varikuntapadu,Andhra Pradesh,0.0,0.0,0.0,384.3127637851773,0.0,0.0,0.0,0.0,0.0,0.0,0.0,0.0,0.0,Deccan Plateau (Telangana) & Eastern Ghats (Semi-Arid),1,False,Deccan Plateau (Telangana) & Eastern Ghats (Semi-Arid),#fece7c
S.P.S.Nellore,Venkatachalam,Andhra Pradesh,0.0,0.0,0.0,0.0,0.0,347.2335106917821,0.0,0.0,0.0,0.0,0.0,0.0,0.0,Eastern Coastal Plain (Subhumid–Semi-Arid),1,False,Eastern Coastal Plain (Subhumid–Semi-Arid),#fff1a8
S.P.S.Nellore,Vidavalur,Andhra Pradesh,0.0,0.0,0.0,0.0,0.0,166.48196167714136,0.0,0.0,0.0,0.0,0.0,0.0,0.0,Eastern Coastal Plain (Subhumid–Semi-Arid),1,False,Eastern Coastal Plain (Subhumid–Semi-Arid),#fff1a8
S.P.S.Nellore,Vinjamur,Andhra Pradesh,0.0,0.0,0.0,305.5717794137987,0.0,0.0,0.0,0.0,0.0,0.0,0.0,0.0,0.0,Deccan Plateau (Telangana) & Eastern Ghats (Semi-Arid),1,False,Deccan Plateau (Telangana) & Eastern Ghats (Semi-Arid),#fece7c
S.P.S.Nellore,Voletivaripalem,Andhra Pradesh,0.0,0.0,0.0,106.10837063414864,0.0,186.87556331159607,0.0,0.0,0.0,0.0,0.0,0.0,0.0,Deccan Plateau (Telangana) & Eastern Ghats (Semi-Arid); Eastern Coastal Plain (Subhumid–Semi-Arid),2,True,Shared: Deccan Plateau (Telangana) & Eastern Ghats (Semi-Arid) + Eastern Coastal Plain (Subhumid–Semi-Arid),#888888
Sri Satyasai,Agali,Andhra Pradesh,0.0,0.0,0.0,0.0,0.0,0.0,4.911574966952431,0.0,0.0,0.0,0.0,127.23334897829156,0.0,"Eastern Ghats, TN Uplands & Deccan (Karnataka) Plateau (Semi-Arid); Karnataka Plateau (incl. Rayalaseema)",2,True,"Shared: Eastern Ghats, TN Uplands & Deccan (Karnataka) Plateau (Semi-Arid) + Karnataka Plateau (incl. Rayalaseema)",#888888
Sri Satyasai,Amadagur,Andhra Pradesh,0.0,0.0,0.0,0.0,0.0,0.0,1.5639532396002256,0.0,0.0,0.0,0.0,273.30260640894454,0.0,"Eastern Ghats, TN Uplands & Deccan (Karnataka) Plateau (Semi-Arid); Karnataka Plateau (incl. Rayalaseema)",2,True,"Shared: Eastern Ghats, TN Uplands & Deccan (Karnataka) Plateau (Semi-Arid) + Karnataka Plateau (incl. Rayalaseema)",#888888
Sri Satyasai,Amarapuram,Andhra Pradesh,0.0,0.0,0.0,0.0,0.0,0.0,4.806334600712026,0.0,0.0,0.0,0.0,241.13898420862373,0.0,"Eastern Ghats, TN Uplands & Deccan (Karnataka) Plateau (Semi-Arid); Karnataka Plateau (incl. Rayalaseema)",2,True,"Shared: Eastern Ghats, TN Uplands & Deccan (Karnataka) Plateau (Semi-Arid) + Karnataka Plateau (incl. Rayalaseema)",#888888
Sri Satyasai,Bathalapalle,Andhra Pradesh,0.0,0.0,0.0,0.0,0.0,0.0,0.0,0.0,0.0,0.0,0.0,244.54691523260283,0.0,Karnataka Plateau (incl. Rayalaseema),1,False,Karnataka Plateau (incl. Rayalaseema),#3682ba
Sri Satyasai,Bukkapatnam,Andhra Pradesh,0.0,0.0,0.0,0.0,0.0,0.0,0.0,0.0,0.0,0.0,0.0,310.4497203526316,0.0,Karnataka Plateau (incl. Rayalaseema),1,False,Karnataka Plateau (incl. Rayalaseema),#3682ba
Sri Satyasai,Chennekothapalle,Andhra Pradesh,0.0,0.0,0.0,0.0,0.0,0.0,0.0,0.0,0.0,0.0,0.0,378.81972226235024,0.0,Karnataka Plateau (incl. Rayalaseema),1,False,Karnataka Plateau (incl. Rayalaseema),#3682ba
Sri Satyasai,Chilamathur,Andhra Pradesh,0.0,0.0,0.0,0.0,0.0,0.0,1.3666254638788211,0.0,0.0,0.0,0.0,254.2107051244164,0.0,"Eastern Ghats, TN Uplands & Deccan (Karnataka) Plateau (Semi-Arid); Karnataka Plateau (incl. Rayalaseema)",2,True,"Shared: Eastern Ghats, TN Uplands & Deccan (Karnataka) Plateau (Semi-Arid) + Karnataka Plateau (incl. Rayalaseema)",#888888
Sri Satyasai,Dharmavaram,Andhra Pradesh,0.0,0.0,0.0,0.0,0.0,0.0,0.0,0.0,0.0,0.0,0.0,400.4738389129971,0.0,Karnataka Plateau (incl. Rayalaseema),1,False,Karnataka Plateau (incl. Rayalaseema),#3682ba
Sri Satyasai,Gandlapenta,Andhra Pradesh,0.0,0.0,0.0,0.0,0.0,0.0,0.0,0.0,0.0,0.0,0.0,235.3343880826233,0.0,Karnataka Plateau (incl. Rayalaseema),1,False,Karnataka Plateau (incl. Rayalaseema),#3682ba
Sri Satyasai,Gorantla,Andhra Pradesh,0.0,0.0,0.0,0.0,0.0,0.0,0.0,0.0,0.0,0.0,0.0,372.72757836151817,0.0,Karnataka Plateau (incl. Rayalaseema),1,False,Karnataka Plateau (incl. Rayalaseema),#3682ba
Sri Satyasai,Gudibanda,Andhra Pradesh,0.0,0.0,0.0,0.0,0.0,0.0,0.310319824137432,0.0,0.0,0.0,0.0,247.9514017535407,0.0,"Eastern Ghats, TN Uplands & Deccan (Karnataka) Plateau (Semi-Arid); Karnataka Plateau (incl. Rayalaseema)",2,True,"Shared: Eastern Ghats, TN Uplands & Deccan (Karnataka) Plateau (Semi-Arid) + Karnataka Plateau (incl. Rayalaseema)",#888888
Sri Satyasai,Hindupur,Andhra Pradesh,0.0,0.0,0.0,0.0,0.0,0.0,1.5326929768616078,0.0,0.0,0.0,0.0,211.8455118826844,0.0,"Eastern Ghats, TN Uplands & Deccan (Karnataka) Plateau (Semi-Arid); Karnataka Plateau (incl. Rayalaseema)",2,True,"Shared: Eastern Ghats, TN Uplands & Deccan (Karnataka) Plateau (Semi-Arid) + Karnataka Plateau (incl. Rayalaseema)",#888888
Sri Satyasai,Kadiri,Andhra Pradesh,0.0,0.0,0.0,0.0,0.0,0.0,0.0,0.0,0.0,0.0,0.0,240.14630895454,0.0,Karnataka Plateau (incl. Rayalaseema),1,False,Karnataka Plateau (incl. Rayalaseema),#3682ba
Sri Satyasai,Kanaganapalle,Andhra Pradesh,0.0,0.0,0.0,0.0,0.0,0.0,0.0,0.0,0.0,0.0,0.0,495.721276371804,0.0,Karnataka Plateau (incl. Rayalaseema),1,False,Karnataka Plateau (incl. Rayalaseema),#3682ba
Sri Satyasai,Kothacheruvu,Andhra Pradesh,0.0,0.0,0.0,0.0,0.0,0.0,0.0,0.0,0.0,0.0,0.0,217.68887695104465,0.0,Karnataka Plateau (incl. Rayalaseema),1,False,Karnataka Plateau (incl. Rayalaseema),#3682ba
Sri Satyasai,Lepakshi,Andhra Pradesh,0.0,0.0,0.0,0.0,0.0,0.0,0.641844251196004,0.0,0.0,0.0,0.0,163.86568065292673,0.0,"Eastern Ghats, TN Uplands & Deccan (Karnataka) Plateau (Semi-Arid); Karnataka Plateau (incl. Rayalaseema)",2,True,"Shared: Eastern Ghats, TN Uplands & Deccan (Karnataka) Plateau (Semi-Arid) + Karnataka Plateau (incl. Rayalaseema)",#888888
Sri Satyasai,Madakasira,Andhra Pradesh,0.0,0.0,0.0,0.0,0.0,0.0,1.409786272297344,0.0,0.0,0.0,0.0,356.37489225399645,0.0,"Eastern Ghats, TN Uplands & Deccan (Karnataka) Plateau (Semi-Arid); Karnataka Plateau (incl. Rayalaseema)",2,True,"Shared: Eastern Ghats, TN Uplands & Deccan (Karnataka) Plateau (Semi-Arid) + Karnataka Plateau (incl. Rayalaseema)",#888888
Sri Satyasai,Mudigubba,Andhra Pradesh,0.0,0.0,0.0,0.0,0.0,0.0,0.0,0.0,0.0,0.0,0.0,565.3250592786242,0.0,Karnataka Plateau (incl. Rayalaseema),1,False,Karnataka Plateau (incl. Rayalaseema),#3682ba
Sri Satyasai,Nallacheruvu,Andhra Pradesh,0.0,0.0,0.0,0.0,0.0,0.0,0.0,0.0,0.0,0.0,0.0,203.54833015294776,0.0,Karnataka Plateau (incl. Rayalaseema),1,False,Karnataka Plateau (incl. Rayalaseema),#3682ba
Sri Satyasai,Nallamada,Andhra Pradesh,0.0,0.0,0.0,0.0,0.0,0.0,0.0,0.0,0.0,0.0,0.0,285.1343762430646,0.0,Karnataka Plateau (incl. Rayalaseema),1,False,Karnataka Plateau (incl. Rayalaseema),#3682ba
Sri Satyasai,Nambulipulikunta,Andhra Pradesh,0.0,0.0,0.0,31.07811347503771,0.0,0.0,13.126679296064,0.0,0.0,0.0,0.0,344.57649022459293,0.0,"Deccan Plateau (Telangana) & Eastern Ghats (Semi-Arid); Eastern Ghats, TN Uplands & Deccan (Karnataka) Plateau (Semi-Arid); Karnataka Plateau (incl. Rayalaseema)",3,True,"Shared: Deccan Plateau (Telangana) & Eastern Ghats (Semi-Arid) + Eastern Ghats, TN Uplands & Deccan (Karnataka) Plateau (Semi-Arid) + Karnataka Plateau (incl. Rayalaseema)",#888888
Sri Satyasai,Obuladevaracheruvu,Andhra Pradesh,0.0,0.0,0.0,0.0,0.0,0.0,0.094592218501705,0.0,0.0,0.0,0.0,282.56046270484745,0.0,"Eastern Ghats, TN Uplands & Deccan (Karnataka) Plateau (Semi-Arid); Karnataka Plateau (incl. Rayalaseema)",2,True,"Shared: Eastern Ghats, TN Uplands & Deccan (Karnataka) Plateau (Semi-Arid) + Karnataka Plateau (incl. Rayalaseema)",#888888
Sri Satyasai,Parigi,Andhra Pradesh,0.0,0.0,0.0,0.0,0.0,0.0,0.3476512325112226,0.0,0.0,0.0,0.0,168.34670638979054,0.0,"Eastern Ghats, TN Uplands & Deccan (Karnataka) Plateau (Semi-Arid); Karnataka Plateau (incl. Rayalaseema)",2,True,"Shared: Eastern Ghats, TN Uplands & Deccan (Karnataka) Plateau (Semi-Arid) + Karnataka Plateau (incl. Rayalaseema)",#888888
Sri Satyasai,Penukonda,Andhra Pradesh,0.0,0.0,0.0,0.0,0.0,0.0,0.0,0.0,0.0,0.0,0.0,346.25868551133334,0.0,Karnataka Plateau (incl. Rayalaseema),1,False,Karnataka Plateau (incl. Rayalaseema),#3682ba
Sri Satyasai,Puttaparthi,Andhra Pradesh,0.0,0.0,0.0,0.0,0.0,0.0,0.0,0.0,0.0,0.0,0.0,317.58639523956015,0.0,Karnataka Plateau (incl. Rayalaseema),1,False,Karnataka Plateau (incl. Rayalaseema),#3682ba
Sri Satyasai,Ramagiri,Andhra Pradesh,0.0,0.0,0.0,0.0,0.0,0.0,0.0,0.0,0.0,0.0,0.0,363.4035067693648,0.0,Karnataka Plateau (incl. Rayalaseema),1,False,Karnataka Plateau (incl. Rayalaseema),#3682ba
Sri Satyasai,Roddam,Andhra Pradesh,0.0,0.0,0.0,0.0,0.0,0.0,0.0,0.0,0.0,0.0,0.0,386.0916773492832,0.0,Karnataka Plateau (incl. Rayalaseema),1,False,Karnataka Plateau (incl. Rayalaseema),#3682ba
Sri Satyasai,Rolla,Andhra Pradesh,0.0,0.0,0.0,0.0,0.0,0.0,2.183278154442957,0.0,0.0,0.0,0.0,169.38658666662337,0.0,"Eastern Ghats, TN Uplands & Deccan (Karnataka) Plateau (Semi-Arid); Karnataka Plateau (incl. Rayalaseema)",2,True,"Shared: Eastern Ghats, TN Uplands & Deccan (Karnataka) Plateau (Semi-Arid) + Karnataka Plateau (incl. Rayalaseema)",#888888
Sri Satyasai,Somandepalle,Andhra Pradesh,0.0,0.0,0.0,0.0,0.0,0.0,0.0,0.0,0.0,0.0,0.0,238.4278570698252,0.0,Karnataka Plateau (incl. Rayalaseema),1,False,Karnataka Plateau (incl. Rayalaseema),#3682ba
Sri Satyasai,Tadimarri,Andhra Pradesh,0.0,0.0,0.0,0.0,0.0,0.0,0.0,0.0,0.0,0.0,0.0,273.19117977090167,0.0,Karnataka Plateau (incl. Rayalaseema),1,False,Karnataka Plateau (incl. Rayalaseema),#3682ba
Sri Satyasai,Talupula,Andhra Pradesh,0.0,0.0,0.0,15.233699724068874,0.0,0.0,0.0,0.0,0.0,0.0,0.0,469.9097028378624,0.0,Deccan Plateau (Telangana) & Eastern Ghats (Semi-Arid); Karnataka Plateau (incl. Rayalaseema),2,True,Shared: Deccan Plateau (Telangana) & Eastern Ghats (Semi-Arid) + Karnataka Plateau (incl. Rayalaseema),#888888
Sri Satyasai,Tanakal,Andhra Pradesh,0.0,0.0,0.0,0.0,0.0,0.0,5.847772342619538,0.0,0.0,0.0,0.0,305.2310161102311,0.0,"Eastern Ghats, TN Uplands & Deccan (Karnataka) Plateau (Semi-Arid); Karnataka Plateau (incl. Rayalaseema)",2,True,"Shared: Eastern Ghats, TN Uplands & Deccan (Karnataka) Plateau (Semi-Arid) + Karnataka Plateau (incl. Rayalaseema)",#888888
Srikakulam,Amadalavalasa,Andhra Pradesh,0.0,0.0,0.0,0.0,0.0,122.7080829217343,0.0,0.0,0.0,0.0,0.0,0.0,0.0,Eastern Coastal Plain (Subhumid–Semi-Arid),1,False,Eastern Coastal Plain (Subhumid–Semi-Arid),#fff1a8
Srikakulam,Burja,Andhra Pradesh,0.0,0.0,0.0,0.0,0.0,143.45789542911714,0.0,0.0,0.0,0.0,0.0,0.0,0.0,Eastern Coastal Plain (Subhumid–Semi-Arid),1,False,Eastern Coastal Plain (Subhumid–Semi-Arid),#fff1a8
Srikakulam,Etcherla,Andhra Pradesh,0.0,0.0,0.0,0.0,0.0,191.10755116293555,0.0,0.0,0.0,0.0,0.0,0.0,0.0,Eastern Coastal Plain (Subhumid–Semi-Arid),1,False,Eastern Coastal Plain (Subhumid–Semi-Arid),#fff1a8
Srikakulam,Ganguvarisigadam,Andhra Pradesh,0.0,0.0,0.0,0.0,0.0,145.71870809098283,0.0,0.0,0.0,0.0,0.0,0.0,0.0,Eastern Coastal Plain (Subhumid–Semi-Arid),1,False,Eastern Coastal Plain (Subhumid–Semi-Arid),#fff1a8
Srikakulam,Gara,Andhra Pradesh,0.0,0.0,0.0,0.0,0.0,167.2257538901869,0.0,0.0,0.0,0.0,0.0,0.0,0.0,Eastern Coastal Plain (Subhumid–Semi-Arid),1,False,Eastern Coastal Plain (Subhumid–Semi-Arid),#fff1a8
Srikakulam,Hiramandalam,Andhra Pradesh,0.0,0.0,0.0,0.0,0.0,169.71447469438704,0.0,0.0,0.0,0.0,0.0,0.0,0.0,Eastern Coastal Plain (Subhumid–Semi-Arid),1,False,Eastern Coastal Plain (Subhumid–Semi-Arid),#fff1a8
Srikakulam,Ichchapuram,Andhra Pradesh,0.0,0.0,0.0,0.0,0.0,111.94528697557168,0.0,0.0,0.0,0.0,0.0,0.0,0.0,Eastern Coastal Plain (Subhumid–Semi-Arid),1,False,Eastern Coastal Plain (Subhumid–Semi-Arid),#fff1a8
Srikakulam,Jalumuru,Andhra Pradesh,0.0,0.0,0.0,0.0,0.0,154.82925404336515,0.0,0.0,0.0,0.0,0.0,0.0,0.0,Eastern Coastal Plain (Subhumid–Semi-Arid),1,False,Eastern Coastal Plain (Subhumid–Semi-Arid),#fff1a8
Srikakulam,Kanchili,Andhra Pradesh,0.0,0.0,0.0,0.0,0.0,197.3194522366194,0.0,0.0,0.0,0.0,0.0,0.0,0.0,Eastern Coastal Plain (Subhumid–Semi-Arid),1,False,Eastern Coastal Plain (Subhumid–Semi-Arid),#fff1a8
Srikakulam,Kaviti,Andhra Pradesh,0.0,0.0,0.0,0.0,0.0,124.91516322050956,0.0,0.0,0.0,0.0,0.0,0.0,0.0,Eastern Coastal Plain (Subhumid–Semi-Arid),1,False,Eastern Coastal Plain (Subhumid–Semi-Arid),#fff1a8
Srikakulam,Kotabommali,Andhra Pradesh,0.0,0.0,0.0,0.0,0.0,171.11849131521714,0.0,0.0,0.0,0.0,0.0,0.0,0.0,Eastern Coastal Plain (Subhumid–Semi-Arid),1,False,Eastern Coastal Plain (Subhumid–Semi-Arid),#fff1a8
Srikakulam,Kothuru,Andhra Pradesh,0.0,0.0,0.0,0.0,0.0,159.78319593798025,0.0,0.0,0.0,0.0,61.21800914668453,0.0,0.0,Eastern Coastal Plain (Subhumid–Semi-Arid); Eastern Plateau (Chhotanagpur) & Eastern Ghats (Subhumid),2,True,Shared: Eastern Coastal Plain (Subhumid–Semi-Arid) + Eastern Plateau (Chhotanagpur) & Eastern Ghats (Subhumid),#888888
Srikakulam,Lakshminarsupeta,Andhra Pradesh,0.0,0.0,0.0,0.0,0.0,73.49133591808756,0.0,0.0,0.0,0.0,0.0,0.0,0.0,Eastern Coastal Plain (Subhumid–Semi-Arid),1,False,Eastern Coastal Plain (Subhumid–Semi-Arid),#fff1a8
Srikakulam,Laveru,Andhra Pradesh,0.0,0.0,0.0,0.0,0.0,181.2079097690456,0.0,0.0,0.0,0.0,0.0,0.0,0.0,Eastern Coastal Plain (Subhumid–Semi-Arid),1,False,Eastern Coastal Plain (Subhumid–Semi-Arid),#fff1a8
Srikakulam,Mandasa,Andhra Pradesh,0.0,0.0,0.0,0.0,0.0,261.7645246815606,0.0,0.0,0.0,0.0,0.0,0.0,0.0,Eastern Coastal Plain (Subhumid–Semi-Arid),1,False,Eastern Coastal Plain (Subhumid–Semi-Arid),#fff1a8
Srikakulam,Meliaputti,Andhra Pradesh,0.0,0.0,0.0,0.0,0.0,248.97303967938765,0.0,0.0,0.0,0.0,0.0,0.0,0.0,Eastern Coastal Plain (Subhumid–Semi-Arid),1,False,Eastern Coastal Plain (Subhumid–Semi-Arid),#fff1a8
Srikakulam,Nandigam,Andhra Pradesh,0.0,0.0,0.0,0.0,0.0,198.7098705560404,0.0,0.0,0.0,0.0,0.0,0.0,0.0,Eastern Coastal Plain (Subhumid–Semi-Arid),1,False,Eastern Coastal Plain (Subhumid–Semi-Arid),#fff1a8
Srikakulam,Narasannapeta,Andhra Pradesh,0.0,0.0,0.0,0.0,0.0,134.72925647477106,0.0,0.0,0.0,0.0,0.0,0.0,0.0,Eastern Coastal Plain (Subhumid–Semi-Arid),1,False,Eastern Coastal Plain (Subhumid–Semi-Arid),#fff1a8
Srikakulam,Palasa,Andhra Pradesh,0.0,0.0,0.0,0.0,0.0,176.32408078212978,0.0,0.0,0.0,0.0,0.0,0.0,0.0,Eastern Coastal Plain (Subhumid–Semi-Arid),1,False,Eastern Coastal Plain (Subhumid–Semi-Arid),#fff1a8
Srikakulam,Pathapatnam,Andhra Pradesh,0.0,0.0,0.0,0.0,0.0,207.53096759092023,0.0,0.0,0.0,0.0,1.756720462087085,0.0,0.0,Eastern Coastal Plain (Subhumid–Semi-Arid); Eastern Plateau (Chhotanagpur) & Eastern Ghats (Subhumid),2,True,Shared: Eastern Coastal Plain (Subhumid–Semi-Arid) + Eastern Plateau (Chhotanagpur) & Eastern Ghats (Subhumid),#888888
Srikakulam,Polaki,Andhra Pradesh,0.0,0.0,0.0,0.0,0.0,150.88933673398182,0.0,0.0,0.0,0.0,0.0,0.0,0.0,Eastern Coastal Plain (Subhumid–Semi-Arid),1,False,Eastern Coastal Plain (Subhumid–Semi-Arid),#fff1a8
Srikakulam,Ponduru,Andhra Pradesh,0.0,0.0,0.0,0.0,0.0,131.41875596653395,0.0,0.0,0.0,0.0,0.0,0.0,0.0,Eastern Coastal Plain (Subhumid–Semi-Arid),1,False,Eastern Coastal Plain (Subhumid–Semi-Arid),#fff1a8
Srikakulam,Ranastalam,Andhra Pradesh,0.0,0.0,0.0,0.0,0.0,212.05263627540427,0.0,0.0,0.0,0.0,0.0,0.0,0.0,Eastern Coastal Plain (Subhumid–Semi-Arid),1,False,Eastern Coastal Plain (Subhumid–Semi-Arid),#fff1a8
Srikakulam,Santhabommali,Andhra Pradesh,0.0,0.0,0.0,0.0,0.0,192.2132160120817,0.0,0.0,0.0,0.0,0.0,0.0,0.0,Eastern Coastal Plain (Subhumid–Semi-Arid),1,False,Eastern Coastal Plain (Subhumid–Semi-Arid),#fff1a8
Srikakulam,Saravakota,Andhra Pradesh,0.0,0.0,0.0,0.0,0.0,193.18139847632648,0.0,0.0,0.0,0.0,0.0,0.0,0.0,Eastern Coastal Plain (Subhumid–Semi-Arid),1,False,Eastern Coastal Plain (Subhumid–Semi-Arid),#fff1a8
Srikakulam,Sarubujjili,Andhra Pradesh,0.0,0.0,0.0,0.0,0.0,89.3107829160144,0.0,0.0,0.0,0.0,0.0,0.0,0.0,Eastern Coastal Plain (Subhumid–Semi-Arid),1,False,Eastern Coastal Plain (Subhumid–Semi-Arid),#fff1a8
Srikakulam,Sompeta,Andhra Pradesh,0.0,0.0,0.0,0.0,0.0,120.91221397767627,0.0,0.0,0.0,0.0,0.0,0.0,0.0,Eastern Coastal Plain (Subhumid–Semi-Arid),1,False,Eastern Coastal Plain (Subhumid–Semi-Arid),#fff1a8
Srikakulam,Srikakulam,Andhra Pradesh,0.0,0.0,0.0,0.0,0.0,171.0160749574818,0.0,0.0,0.0,0.0,0.0,0.0,0.0,Eastern Coastal Plain (Subhumid–Semi-Arid),1,False,Eastern Coastal Plain (Subhumid–Semi-Arid),#fff1a8
Srikakulam,Tekkali,Andhra Pradesh,0.0,0.0,0.0,0.0,0.0,149.95853531061525,0.0,0.0,0.0,0.0,0.0,0.0,0.0,Eastern Coastal Plain (Subhumid–Semi-Arid),1,False,Eastern Coastal Plain (Subhumid–Semi-Arid),#fff1a8
Srikakulam,Vajrapukothuru,Andhra Pradesh,0.0,0.0,0.0,0.0,0.0,131.22344155215882,0.0,0.0,0.0,0.0,0.0,0.0,0.0,Eastern Coastal Plain (Subhumid–Semi-Arid),1,False,Eastern Coastal Plain (Subhumid–Semi-Arid),#fff1a8
Tirupati,Balayapalle,Andhra Pradesh,0.0,0.0,0.0,254.25987471695416,0.0,0.0,26.2332516761212,0.0,0.0,0.0,0.0,0.0,0.0,"Deccan Plateau (Telangana) & Eastern Ghats (Semi-Arid); Eastern Ghats, TN Uplands & Deccan (Karnataka) Plateau (Semi-Arid)",2,True,"Shared: Deccan Plateau (Telangana) & Eastern Ghats (Semi-Arid) + Eastern Ghats, TN Uplands & Deccan (Karnataka) Plateau (Semi-Arid)",#888888
Tirupati,Buchinaidu  Kandriga,Andhra Pradesh,0.0,0.0,0.0,0.0,0.0,0.0,144.45235647375372,0.0,0.0,0.0,0.0,0.0,0.0,"Eastern Ghats, TN Uplands & Deccan (Karnataka) Plateau (Semi-Arid)",1,False,"Eastern Ghats, TN Uplands & Deccan (Karnataka) Plateau (Semi-Arid)",#f4faad
Tirupati,Chandragiri,Andhra Pradesh,0.0,0.0,0.0,0.0,0.0,0.0,424.4766853988881,0.0,0.0,0.0,0.0,0.0,0.0,"Eastern Ghats, TN Uplands & Deccan (Karnataka) Plateau (Semi-Arid)",1,False,"Eastern Ghats, TN Uplands & Deccan (Karnataka) Plateau (Semi-Arid)",#f4faad
Tirupati,Chillakur,Andhra Pradesh,0.0,0.0,0.0,5.896703982970028,0.0,352.76042901705813,0.0,0.0,0.0,0.0,0.0,0.0,0.0,Deccan Plateau (Telangana) & Eastern Ghats (Semi-Arid); Eastern Coastal Plain (Subhumid–Semi-Arid),2,True,Shared: Deccan Plateau (Telangana) & Eastern Ghats (Semi-Arid) + Eastern Coastal Plain (Subhumid–Semi-Arid),#888888
Tirupati,Chinnagottigallu,Andhra Pradesh,0.0,0.0,0.0,0.0,0.0,0.0,135.70196805928498,0.0,0.0,0.0,0.0,0.0,0.0,"Eastern Ghats, TN Uplands & Deccan (Karnataka) Plateau (Semi-Arid)",1,False,"Eastern Ghats, TN Uplands & Deccan (Karnataka) Plateau (Semi-Arid)",#f4faad
Tirupati,Chittamur,Andhra Pradesh,0.0,0.0,0.0,0.0,0.0,291.8715578803984,0.0,0.0,0.0,0.0,0.0,0.0,0.0,Eastern Coastal Plain (Subhumid–Semi-Arid),1,False,Eastern Coastal Plain (Subhumid–Semi-Arid),#fff1a8
Tirupati,Dakkili,Andhra Pradesh,0.0,0.0,0.0,374.58903665447167,0.0,0.0,0.0,0.0,0.0,0.0,0.0,0.0,0.0,Deccan Plateau (Telangana) & Eastern Ghats (Semi-Arid),1,False,Deccan Plateau (Telangana) & Eastern Ghats (Semi-Arid),#fece7c
Tirupati,Doravarisatram,Andhra Pradesh,0.0,0.0,0.0,0.0,0.0,246.0228716512688,45.18438555584385,0.0,0.0,0.0,0.0,0.0,0.0,"Eastern Coastal Plain (Subhumid–Semi-Arid); Eastern Ghats, TN Uplands & Deccan (Karnataka) Plateau (Semi-Arid)",2,True,"Shared: Eastern Coastal Plain (Subhumid–Semi-Arid) + Eastern Ghats, TN Uplands & Deccan (Karnataka) Plateau (Semi-Arid)",#888888
Tirupati,Gudur,Andhra Pradesh,0.0,0.0,0.0,202.45568267691772,0.0,62.217273703571095,0.0,0.0,0.0,0.0,0.0,0.0,0.0,Deccan Plateau (Telangana) & Eastern Ghats (Semi-Arid); Eastern Coastal Plain (Subhumid–Semi-Arid),2,True,Shared: Deccan Plateau (Telangana) & Eastern Ghats (Semi-Arid) + Eastern Coastal Plain (Subhumid–Semi-Arid),#888888
Tirupati,K.V.B.Puram,Andhra Pradesh,0.0,0.0,0.0,0.0,0.0,0.0,522.5100260616471,0.0,0.0,0.0,0.0,0.0,0.0,"Eastern Ghats, TN Uplands & Deccan (Karnataka) Plateau (Semi-Arid)",1,False,"Eastern Ghats, TN Uplands & Deccan (Karnataka) Plateau (Semi-Arid)",#f4faad
Tirupati,Kota,Andhra Pradesh,0.0,0.0,0.0,0.0,0.0,194.2629242576112,0.0,0.0,0.0,0.0,0.0,0.0,0.0,Eastern Coastal Plain (Subhumid–Semi-Arid),1,False,Eastern Coastal Plain (Subhumid–Semi-Arid),#fff1a8
Tirupati,Nagalapuram,Andhra Pradesh,0.0,0.0,0.0,0.0,0.0,2.391901681125797,170.85819260361933,0.0,0.0,0.0,0.0,0.0,0.0,"Eastern Coastal Plain (Subhumid–Semi-Arid); Eastern Ghats, TN Uplands & Deccan (Karnataka) Plateau (Semi-Arid)",2,True,"Shared: Eastern Coastal Plain (Subhumid–Semi-Arid) + Eastern Ghats, TN Uplands & Deccan (Karnataka) Plateau (Semi-Arid)",#888888
Tirupati,Naidupet,Andhra Pradesh,0.0,0.0,0.0,42.02291300244582,0.0,137.38239890978426,1.2086333917025045,0.0,0.0,0.0,0.0,0.0,0.0,"Deccan Plateau (Telangana) & Eastern Ghats (Semi-Arid); Eastern Coastal Plain (Subhumid–Semi-Arid); Eastern Ghats, TN Uplands & Deccan (Karnataka) Plateau (Semi-Arid)",3,True,"Shared: Deccan Plateau (Telangana) & Eastern Ghats (Semi-Arid) + Eastern Coastal Plain (Subhumid–Semi-Arid) + Eastern Ghats, TN Uplands & Deccan (Karnataka) Plateau (Semi-Arid)",#888888
Tirupati,Narayanavanam,Andhra Pradesh,0.0,0.0,0.0,0.0,0.0,0.0,215.2461963664919,0.0,0.0,0.0,0.0,0.0,0.0,"Eastern Ghats, TN Uplands & Deccan (Karnataka) Plateau (Semi-Arid)",1,False,"Eastern Ghats, TN Uplands & Deccan (Karnataka) Plateau (Semi-Arid)",#f4faad
Tirupati,Ojili,Andhra Pradesh,0.0,0.0,0.0,163.50464407309477,0.0,94.83524285603544,1.9628527730217693,0.0,0.0,0.0,0.0,0.0,0.0,"Deccan Plateau (Telangana) & Eastern Ghats (Semi-Arid); Eastern Coastal Plain (Subhumid–Semi-Arid); Eastern Ghats, TN Uplands & Deccan (Karnataka) Plateau (Semi-Arid)",3,True,"Shared: Deccan Plateau (Telangana) & Eastern Ghats (Semi-Arid) + Eastern Coastal Plain (Subhumid–Semi-Arid) + Eastern Ghats, TN Uplands & Deccan (Karnataka) Plateau (Semi-Arid)",#888888
Tirupati,Pakala,Andhra Pradesh,0.0,0.0,0.0,0.0,0.0,0.0,200.1427527830957,0.0,0.0,0.0,0.0,0.0,0.0,"Eastern Ghats, TN Uplands & Deccan (Karnataka) Plateau (Semi-Arid)",1,False,"Eastern Ghats, TN Uplands & Deccan (Karnataka) Plateau (Semi-Arid)",#f4faad
Tirupati,Pellakur,Andhra Pradesh,0.0,0.0,0.0,11.982888874222548,0.0,20.74467670635649,159.71749530151507,0.0,0.0,0.0,0.0,0.0,0.0,"Deccan Plateau (Telangana) & Eastern Ghats (Semi-Arid); Eastern Coastal Plain (Subhumid–Semi-Arid); Eastern Ghats, TN Uplands & Deccan (Karnataka) Plateau (Semi-Arid)",3,True,"Shared: Deccan Plateau (Telangana) & Eastern Ghats (Semi-Arid) + Eastern Coastal Plain (Subhumid–Semi-Arid) + Eastern Ghats, TN Uplands & Deccan (Karnataka) Plateau (Semi-Arid)",#888888
Tirupati,Pichatur,Andhra Pradesh,0.0,0.0,0.0,0.0,0.0,0.6854618024792116,118.53094872050968,0.0,0.0,0.0,0.0,0.0,0.0,"Eastern Coastal Plain (Subhumid–Semi-Arid); Eastern Ghats, TN Uplands & Deccan (Karnataka) Plateau (Semi-Arid)",2,True,"Shared: Eastern Coastal Plain (Subhumid–Semi-Arid) + Eastern Ghats, TN Uplands & Deccan (Karnataka) Plateau (Semi-Arid)",#888888
Tirupati,Puttur,Andhra Pradesh,0.0,0.0,0.0,0.0,0.0,0.0,111.41305084382692,0.0,0.0,0.0,0.0,0.0,0.0,"Eastern Ghats, TN Uplands & Deccan (Karnataka) Plateau (Semi-Arid)",1,False,"Eastern Ghats, TN Uplands & Deccan (Karnataka) Plateau (Semi-Arid)",#f4faad
Tirupati,Ramachandrapuram,Andhra Pradesh,0.0,0.0,0.0,0.0,0.0,0.0,163.1552282539146,0.0,0.0,0.0,0.0,0.0,0.0,"Eastern Ghats, TN Uplands & Deccan (Karnataka) Plateau (Semi-Arid)",1,False,"Eastern Ghats, TN Uplands & Deccan (Karnataka) Plateau (Semi-Arid)",#f4faad
Tirupati,Renigunta,Andhra Pradesh,0.0,0.0,0.0,3.5973082078229583,0.0,0.0,223.9922335511204,0.0,0.0,0.0,0.0,0.0,0.0,"Deccan Plateau (Telangana) & Eastern Ghats (Semi-Arid); Eastern Ghats, TN Uplands & Deccan (Karnataka) Plateau (Semi-Arid)",2,True,"Shared: Deccan Plateau (Telangana) & Eastern Ghats (Semi-Arid) + Eastern Ghats, TN Uplands & Deccan (Karnataka) Plateau (Semi-Arid)",#888888
Tirupati,Satyavedu,Andhra Pradesh,0.0,0.0,0.0,0.0,0.0,26.83712809679872,235.3076275705978,0.0,0.0,0.0,0.0,0.0,0.0,"Eastern Coastal Plain (Subhumid–Semi-Arid); Eastern Ghats, TN Uplands & Deccan (Karnataka) Plateau (Semi-Arid)",2,True,"Shared: Eastern Coastal Plain (Subhumid–Semi-Arid) + Eastern Ghats, TN Uplands & Deccan (Karnataka) Plateau (Semi-Arid)",#888888
Tirupati,Srikalahasti,Andhra Pradesh,0.0,0.0,0.0,4.791523533646346,0.0,0.0,429.791945078236,0.0,0.0,0.0,0.0,0.0,0.0,"Deccan Plateau (Telangana) & Eastern Ghats (Semi-Arid); Eastern Ghats, TN Uplands & Deccan (Karnataka) Plateau (Semi-Arid)",2,True,"Shared: Deccan Plateau (Telangana) & Eastern Ghats (Semi-Arid) + Eastern Ghats, TN Uplands & Deccan (Karnataka) Plateau (Semi-Arid)",#888888
Tirupati,Sullurpeta,Andhra Pradesh,0.0,0.0,0.0,0.0,0.0,368.910011907461,66.44540605421801,0.0,0.0,0.0,0.0,0.0,0.0,"Eastern Coastal Plain (Subhumid–Semi-Arid); Eastern Ghats, TN Uplands & Deccan (Karnataka) Plateau (Semi-Arid)",2,True,"Shared: Eastern Coastal Plain (Subhumid–Semi-Arid) + Eastern Ghats, TN Uplands & Deccan (Karnataka) Plateau (Semi-Arid)",#888888
Tirupati,Tada,Andhra Pradesh,0.0,0.0,0.0,0.0,0.0,454.71937990110496,70.0827597405858,0.0,0.0,0.0,0.0,0.0,0.0,"Eastern Coastal Plain (Subhumid–Semi-Arid); Eastern Ghats, TN Uplands & Deccan (Karnataka) Plateau (Semi-Arid)",2,True,"Shared: Eastern Coastal Plain (Subhumid–Semi-Arid) + Eastern Ghats, TN Uplands & Deccan (Karnataka) Plateau (Semi-Arid)",#888888
Tirupati,Thottambedu,Andhra Pradesh,0.0,0.0,0.0,2.1512552153732787,0.0,0.0,208.2561425647872,0.0,0.0,0.0,0.0,0.0,0.0,"Deccan Plateau (Telangana) & Eastern Ghats (Semi-Arid); Eastern Ghats, TN Uplands & Deccan (Karnataka) Plateau (Semi-Arid)",2,True,"Shared: Deccan Plateau (Telangana) & Eastern Ghats (Semi-Arid) + Eastern Ghats, TN Uplands & Deccan (Karnataka) Plateau (Semi-Arid)",#888888
Tirupati,Tirupati (Rural),Andhra Pradesh,0.0,0.0,0.0,0.0,0.0,0.0,91.75941397808764,0.0,0.0,0.0,0.0,0.0,0.0,"Eastern Ghats, TN Uplands & Deccan (Karnataka) Plateau (Semi-Arid)",1,False,"Eastern Ghats, TN Uplands & Deccan (Karnataka) Plateau (Semi-Arid)",#f4faad
Tirupati,Tirupati (Urban),Andhra Pradesh,0.0,0.0,0.0,15.817119119221015,0.0,0.0,306.28255180405324,0.0,0.0,0.0,0.0,0.0,0.0,"Deccan Plateau (Telangana) & Eastern Ghats (Semi-Arid); Eastern Ghats, TN Uplands & Deccan (Karnataka) Plateau (Semi-Arid)",2,True,"Shared: Deccan Plateau (Telangana) & Eastern Ghats (Semi-Arid) + Eastern Ghats, TN Uplands & Deccan (Karnataka) Plateau (Semi-Arid)",#888888
Tirupati,Vadamalapeta,Andhra Pradesh,0.0,0.0,0.0,0.0,0.0,0.0,101.23711305320698,0.0,0.0,0.0,0.0,0.0,0.0,"Eastern Ghats, TN Uplands & Deccan (Karnataka) Plateau (Semi-Arid)",1,False,"Eastern Ghats, TN Uplands & Deccan (Karnataka) Plateau (Semi-Arid)",#f4faad
Tirupati,Vakadu,Andhra Pradesh,0.0,0.0,0.0,0.0,0.0,254.42159402254,0.0,0.0,0.0,0.0,0.0,0.0,0.0,Eastern Coastal Plain (Subhumid–Semi-Arid),1,False,Eastern Coastal Plain (Subhumid–Semi-Arid),#fff1a8
Tirupati,Varadaiahpalem,Andhra Pradesh,0.0,0.0,0.0,0.0,0.0,0.0,339.42699893118294,0.0,0.0,0.0,0.0,0.0,0.0,"Eastern Ghats, TN Uplands & Deccan (Karnataka) Plateau (Semi-Arid)",1,False,"Eastern Ghats, TN Uplands & Deccan (Karnataka) Plateau (Semi-Arid)",#f4faad
Tirupati,Venkatagiri,Andhra Pradesh,0.0,0.0,0.0,218.6446885713097,0.0,0.0,103.1734534081946,0.0,0.0,0.0,0.0,0.0,0.0,"Deccan Plateau (Telangana) & Eastern Ghats (Semi-Arid); Eastern Ghats, TN Uplands & Deccan (Karnataka) Plateau (Semi-Arid)",2,True,"Shared: Deccan Plateau (Telangana) & Eastern Ghats (Semi-Arid) + Eastern Ghats, TN Uplands & Deccan (Karnataka) Plateau (Semi-Arid)",#888888
Tirupati,Yerpedu,Andhra Pradesh,0.0,0.0,0.0,0.0,0.0,0.0,212.71610972335444,0.0,0.0,0.0,0.0,0.0,0.0,"Eastern Ghats, TN Uplands & Deccan (Karnataka) Plateau (Semi-Arid)",1,False,"Eastern Ghats, TN Uplands & Deccan (Karnataka) Plateau (Semi-Arid)",#f4faad
Tirupati,Yerravaripalem,Andhra Pradesh,0.0,0.0,0.0,28.8559159303944,0.0,0.0,332.7279478749162,0.0,0.0,0.0,0.0,0.0,0.0,"Deccan Plateau (Telangana) & Eastern Ghats (Semi-Arid); Eastern Ghats, TN Uplands & Deccan (Karnataka) Plateau (Semi-Arid)",2,True,"Shared: Deccan Plateau (Telangana) & Eastern Ghats (Semi-Arid) + Eastern Ghats, TN Uplands & Deccan (Karnataka) Plateau (Semi-Arid)",#888888
Visakhapatnam,Anandapuram,Andhra Pradesh,0.0,0.0,0.0,0.0,0.0,206.031075600003,0.0,0.0,0.0,0.0,0.0,0.0,0.0,Eastern Coastal Plain (Subhumid–Semi-Arid),1,False,Eastern Coastal Plain (Subhumid–Semi-Arid),#fff1a8
Visakhapatnam,Bheemunipatnam,Andhra Pradesh,0.0,0.0,0.0,0.0,0.0,159.8953438436375,0.0,0.0,0.0,0.0,0.0,0.0,0.0,Eastern Coastal Plain (Subhumid–Semi-Arid),1,False,Eastern Coastal Plain (Subhumid–Semi-Arid),#fff1a8
Visakhapatnam,Gajuwaka,Andhra Pradesh,0.0,0.0,0.0,0.0,0.0,96.952157297841,0.0,0.0,0.0,0.0,0.0,0.0,0.0,Eastern Coastal Plain (Subhumid–Semi-Arid),1,False,Eastern Coastal Plain (Subhumid–Semi-Arid),#fff1a8
Visakhapatnam,Gopalapatnam,Andhra Pradesh,0.0,0.0,0.0,0.0,0.0,23.9003909040861,0.0,0.0,0.0,0.0,0.0,0.0,0.0,Eastern Coastal Plain (Subhumid–Semi-Arid),1,False,Eastern Coastal Plain (Subhumid–Semi-Arid),#fff1a8
Visakhapatnam,Maharanipeta,Andhra Pradesh,0.0,0.0,0.0,0.0,0.0,50.45948317578648,0.0,0.0,0.0,0.0,0.0,0.0,0.0,Eastern Coastal Plain (Subhumid–Semi-Arid),1,False,Eastern Coastal Plain (Subhumid–Semi-Arid),#fff1a8
Visakhapatnam,Mulagada,Andhra Pradesh,0.0,0.0,0.0,0.0,0.0,11.66154903681542,0.0,0.0,0.0,0.0,0.0,0.0,0.0,Eastern Coastal Plain (Subhumid–Semi-Arid),1,False,Eastern Coastal Plain (Subhumid–Semi-Arid),#fff1a8
Visakhapatnam,Padmanabham,Andhra Pradesh,0.0,0.0,0.0,0.0,0.0,163.6295913233064,0.0,0.0,0.0,0.0,0.0,0.0,0.0,Eastern Coastal Plain (Subhumid–Semi-Arid),1,False,Eastern Coastal Plain (Subhumid–Semi-Arid),#fff1a8
Visakhapatnam,Pedagantyada,Andhra Pradesh,0.0,0.0,0.0,0.0,0.0,100.25184459170596,0.0,0.0,0.0,0.0,0.0,0.0,0.0,Eastern Coastal Plain (Subhumid–Semi-Arid),1,False,Eastern Coastal Plain (Subhumid–Semi-Arid),#fff1a8
Visakhapatnam,Pendurthi,Andhra Pradesh,0.0,0.0,0.0,0.0,0.0,123.7415842263536,0.0,0.0,0.0,0.0,0.0,0.0,0.0,Eastern Coastal Plain (Subhumid–Semi-Arid),1,False,Eastern Coastal Plain (Subhumid–Semi-Arid),#fff1a8
Visakhapatnam,Seethammadhara,Andhra Pradesh,0.0,0.0,0.0,0.0,0.0,4.378963490103465,0.0,0.0,0.0,0.0,0.0,0.0,0.0,Eastern Coastal Plain (Subhumid–Semi-Arid),1,False,Eastern Coastal Plain (Subhumid–Semi-Arid),#fff1a8
Visakhapatnam,Visakhapatnam (Rural),Andhra Pradesh,0.0,0.0,0.0,0.0,0.0,145.09689510816153,0.0,0.0,0.0,0.0,0.0,0.0,0.0,Eastern Coastal Plain (Subhumid–Semi-Arid),1,False,Eastern Coastal Plain (Subhumid–Semi-Arid),#fff1a8
Vizianagaram,Badangi,Andhra Pradesh,0.0,0.0,0.0,0.0,0.0,0.0,0.0,0.0,0.0,0.0,140.31387400573604,0.0,0.0,Eastern Plateau (Chhotanagpur) & Eastern Ghats (Subhumid),1,False,Eastern Plateau (Chhotanagpur) & Eastern Ghats (Subhumid),#5cb7aa
Vizianagaram,Bhogapuram,Andhra Pradesh,0.0,0.0,0.0,0.0,0.0,120.89690079508996,0.0,0.0,0.0,0.0,0.0,0.0,0.0,Eastern Coastal Plain (Subhumid–Semi-Arid),1,False,Eastern Coastal Plain (Subhumid–Semi-Arid),#fff1a8
Vizianagaram,Bobbili,Andhra Pradesh,0.0,0.0,0.0,0.0,0.0,0.0,0.0,0.0,0.0,0.0,252.1868983751216,0.0,0.0,Eastern Plateau (Chhotanagpur) & Eastern Ghats (Subhumid),1,False,Eastern Plateau (Chhotanagpur) & Eastern Ghats (Subhumid),#5cb7aa
Vizianagaram,Bondapalle,Andhra Pradesh,0.0,0.0,0.0,0.0,0.0,113.94547560242896,0.0,0.0,0.0,0.0,59.27674096252668,0.0,0.0,Eastern Coastal Plain (Subhumid–Semi-Arid); Eastern Plateau (Chhotanagpur) & Eastern Ghats (Subhumid),2,True,Shared: Eastern Coastal Plain (Subhumid–Semi-Arid) + Eastern Plateau (Chhotanagpur) & Eastern Ghats (Subhumid),#888888
Vizianagaram,Cheepurupalle,Andhra Pradesh,0.0,0.0,0.0,0.0,0.0,136.7540347561915,0.0,0.0,0.0,0.0,0.0,0.0,0.0,Eastern Coastal Plain (Subhumid–Semi-Arid),1,False,Eastern Coastal Plain (Subhumid–Semi-Arid),#fff1a8
Vizianagaram,Dattirajeru,Andhra Pradesh,0.0,0.0,0.0,0.0,0.0,12.886980347311058,0.0,0.0,0.0,0.0,150.95538967007954,0.0,0.0,Eastern Coastal Plain (Subhumid–Semi-Arid); Eastern Plateau (Chhotanagpur) & Eastern Ghats (Subhumid),2,True,Shared: Eastern Coastal Plain (Subhumid–Semi-Arid) + Eastern Plateau (Chhotanagpur) & Eastern Ghats (Subhumid),#888888
Vizianagaram,Denkada,Andhra Pradesh,0.0,0.0,0.0,0.0,0.0,155.55664902292582,0.0,0.0,0.0,0.0,0.0,0.0,0.0,Eastern Coastal Plain (Subhumid–Semi-Arid),1,False,Eastern Coastal Plain (Subhumid–Semi-Arid),#fff1a8
Vizianagaram,Gajapathinagaram,Andhra Pradesh,0.0,0.0,0.0,0.0,0.0,58.82176419389537,0.0,0.0,0.0,0.0,78.20753887490542,0.0,0.0,Eastern Coastal Plain (Subhumid–Semi-Arid); Eastern Plateau (Chhotanagpur) & Eastern Ghats (Subhumid),2,True,Shared: Eastern Coastal Plain (Subhumid–Semi-Arid) + Eastern Plateau (Chhotanagpur) & Eastern Ghats (Subhumid),#888888
Vizianagaram,Gantyada,Andhra Pradesh,0.0,0.0,0.0,0.0,0.0,174.89333939796757,0.0,0.0,0.0,0.0,36.62352940135614,0.0,0.0,Eastern Coastal Plain (Subhumid–Semi-Arid); Eastern Plateau (Chhotanagpur) & Eastern Ghats (Subhumid),2,True,Shared: Eastern Coastal Plain (Subhumid–Semi-Arid) + Eastern Plateau (Chhotanagpur) & Eastern Ghats (Subhumid),#888888
Vizianagaram,Garividi,Andhra Pradesh,0.0,0.0,0.0,0.0,0.0,160.46212853424632,0.0,0.0,0.0,0.0,0.0,0.0,0.0,Eastern Coastal Plain (Subhumid–Semi-Arid),1,False,Eastern Coastal Plain (Subhumid–Semi-Arid),#fff1a8
Vizianagaram,Gurla,Andhra Pradesh,0.0,0.0,0.0,0.0,0.0,180.110131459423,0.0,0.0,0.0,0.0,0.0,0.0,0.0,Eastern Coastal Plain (Subhumid–Semi-Arid),1,False,Eastern Coastal Plain (Subhumid–Semi-Arid),#fff1a8
Vizianagaram,Jami,Andhra Pradesh,0.0,0.0,0.0,0.0,0.0,140.94414897380554,0.0,0.0,0.0,0.0,0.0,0.0,0.0,Eastern Coastal Plain (Subhumid–Semi-Arid),1,False,Eastern Coastal Plain (Subhumid–Semi-Arid),#fff1a8
Vizianagaram,Kothavalasa,Andhra Pradesh,0.0,0.0,0.0,0.0,0.0,148.2624561003251,0.0,0.0,0.0,0.0,0.0,0.0,0.0,Eastern Coastal Plain (Subhumid–Semi-Arid),1,False,Eastern Coastal Plain (Subhumid–Semi-Arid),#fff1a8
Vizianagaram,Lakkavarapukota,Andhra Pradesh,0.0,0.0,0.0,0.0,0.0,135.50152629254808,0.0,0.0,0.0,0.0,0.0,0.0,0.0,Eastern Coastal Plain (Subhumid–Semi-Arid),1,False,Eastern Coastal Plain (Subhumid–Semi-Arid),#fff1a8
Vizianagaram,Mentada,Andhra Pradesh,0.0,0.0,0.0,0.0,0.0,0.0,0.0,0.0,0.0,0.0,172.11789448851147,0.0,0.0,Eastern Plateau (Chhotanagpur) & Eastern Ghats (Subhumid),1,False,Eastern Plateau (Chhotanagpur) & Eastern Ghats (Subhumid),#5cb7aa
Vizianagaram,Merakamudidam,Andhra Pradesh,0.0,0.0,0.0,0.0,0.0,132.7833534576978,0.0,0.0,0.0,0.0,60.54014189409387,0.0,0.0,Eastern Coastal Plain (Subhumid–Semi-Arid); Eastern Plateau (Chhotanagpur) & Eastern Ghats (Subhumid),2,True,Shared: Eastern Coastal Plain (Subhumid–Semi-Arid) + Eastern Plateau (Chhotanagpur) & Eastern Ghats (Subhumid),#888888
Vizianagaram,Nellimarla,Andhra Pradesh,0.0,0.0,0.0,0.0,0.0,148.72675929061836,0.0,0.0,0.0,0.0,0.0,0.0,0.0,Eastern Coastal Plain (Subhumid–Semi-Arid),1,False,Eastern Coastal Plain (Subhumid–Semi-Arid),#fff1a8
Vizianagaram,Pusapatirega,Andhra Pradesh,0.0,0.0,0.0,0.0,0.0,180.555078350424,0.0,0.0,0.0,0.0,0.0,0.0,0.0,Eastern Coastal Plain (Subhumid–Semi-Arid),1,False,Eastern Coastal Plain (Subhumid–Semi-Arid),#fff1a8
Vizianagaram,Rajam,Andhra Pradesh,0.0,0.0,0.0,0.0,0.0,142.29571818717912,0.0,0.0,0.0,0.0,0.0,0.0,0.0,Eastern Coastal Plain (Subhumid–Semi-Arid),1,False,Eastern Coastal Plain (Subhumid–Semi-Arid),#fff1a8
Vizianagaram,Ramabhadrapuram,Andhra Pradesh,0.0,0.0,0.0,0.0,0.0,0.0,0.0,0.0,0.0,0.0,143.29035194264975,0.0,0.0,Eastern Plateau (Chhotanagpur) & Eastern Ghats (Subhumid),1,False,Eastern Plateau (Chhotanagpur) & Eastern Ghats (Subhumid),#5cb7aa
Vizianagaram,Regidiamadalavalasa,Andhra Pradesh,0.0,0.0,0.0,0.0,0.0,157.47965754638162,0.0,0.0,0.0,0.0,9.320907210459149,0.0,0.0,Eastern Coastal Plain (Subhumid–Semi-Arid); Eastern Plateau (Chhotanagpur) & Eastern Ghats (Subhumid),2,True,Shared: Eastern Coastal Plain (Subhumid–Semi-Arid) + Eastern Plateau (Chhotanagpur) & Eastern Ghats (Subhumid),#888888
Vizianagaram,Santhakaviti,Andhra Pradesh,0.0,0.0,0.0,0.0,0.0,160.04078532408573,0.0,0.0,0.0,0.0,0.0,0.0,0.0,Eastern Coastal Plain (Subhumid–Semi-Arid),1,False,Eastern Coastal Plain (Subhumid–Semi-Arid),#fff1a8
Vizianagaram,Srungavarapukota,Andhra Pradesh,0.0,0.0,0.0,0.0,0.0,71.72245355279217,0.0,0.0,0.0,0.0,66.43401807533026,0.0,0.0,Eastern Coastal Plain (Subhumid–Semi-Arid); Eastern Plateau (Chhotanagpur) & Eastern Ghats (Subhumid),2,True,Shared: Eastern Coastal Plain (Subhumid–Semi-Arid) + Eastern Plateau (Chhotanagpur) & Eastern Ghats (Subhumid),#888888
Vizianagaram,Therlam,Andhra Pradesh,0.0,0.0,0.0,0.0,0.0,62.8460026994192,0.0,0.0,0.0,0.0,118.41593279078752,0.0,0.0,Eastern Coastal Plain (Subhumid–Semi-Arid); Eastern Plateau (Chhotanagpur) & Eastern Ghats (Subhumid),2,True,Shared: Eastern Coastal Plain (Subhumid–Semi-Arid) + Eastern Plateau (Chhotanagpur) & Eastern Ghats (Subhumid),#888888
Vizianagaram,Vangara,Andhra Pradesh,0.0,0.0,0.0,0.0,0.0,7.237292469208309,0.0,0.0,0.0,0.0,119.57774446880016,0.0,0.0,Eastern Coastal Plain (Subhumid–Semi-Arid); Eastern Plateau (Chhotanagpur) & Eastern Ghats (Subhumid),2,True,Shared: Eastern Coastal Plain (Subhumid–Semi-Arid) + Eastern Plateau (Chhotanagpur) & Eastern Ghats (Subhumid),#888888
Vizianagaram,Vepada,Andhra Pradesh,0.0,0.0,0.0,0.0,0.0,127.41965330914137,0.0,0.0,0.0,0.0,51.86001237185655,0.0,0.0,Eastern Coastal Plain (Subhumid–Semi-Arid); Eastern Plateau (Chhotanagpur) & Eastern Ghats (Subhumid),2,True,Shared: Eastern Coastal Plain (Subhumid–Semi-Arid) + Eastern Plateau (Chhotanagpur) & Eastern Ghats (Subhumid),#888888
Vizianagaram,Vizianagaram,Andhra Pradesh,0.0,0.0,0.0,0.0,0.0,128.01083047655158,0.0,0.0,0.0,0.0,0.0,0.0,0.0,Eastern Coastal Plain (Subhumid–Semi-Arid),1,False,Eastern Coastal Plain (Subhumid–Semi-Arid),#fff1a8
West Godavari,Achanta,Andhra Pradesh,0.0,0.0,0.0,0.0,0.0,73.85587766782827,0.0,0.0,0.0,0.0,0.0,0.0,0.0,Eastern Coastal Plain (Subhumid–Semi-Arid),1,False,Eastern Coastal Plain (Subhumid–Semi-Arid),#fff1a8
West Godavari,Akividu,Andhra Pradesh,0.0,0.0,0.0,3.5681790189416858,0.0,128.63144027400563,0.0,0.0,0.0,0.0,0.0,0.0,0.0,Deccan Plateau (Telangana) & Eastern Ghats (Semi-Arid); Eastern Coastal Plain (Subhumid–Semi-Arid),2,True,Shared: Deccan Plateau (Telangana) & Eastern Ghats (Semi-Arid) + Eastern Coastal Plain (Subhumid–Semi-Arid),#888888
West Godavari,Attili,Andhra Pradesh,0.0,0.0,0.0,0.0,0.0,94.76216643656954,0.0,0.0,0.0,0.0,0.0,0.0,0.0,Eastern Coastal Plain (Subhumid–Semi-Arid),1,False,Eastern Coastal Plain (Subhumid–Semi-Arid),#fff1a8
West Godavari,Bhimavaram,Andhra Pradesh,0.0,0.0,0.0,0.0,0.0,234.26991501253252,0.0,0.0,0.0,0.0,0.0,0.0,0.0,Eastern Coastal Plain (Subhumid–Semi-Arid),1,False,Eastern Coastal Plain (Subhumid–Semi-Arid),#fff1a8
West Godavari,Iragavaram,Andhra Pradesh,0.0,0.0,0.0,0.0,0.0,85.73288717635961,0.0,0.0,0.0,0.0,0.0,0.0,0.0,Eastern Coastal Plain (Subhumid–Semi-Arid),1,False,Eastern Coastal Plain (Subhumid–Semi-Arid),#fff1a8
West Godavari,Kalla,Andhra Pradesh,0.0,0.0,0.0,0.0,0.0,152.47075947805095,0.0,0.0,0.0,0.0,0.0,0.0,0.0,Eastern Coastal Plain (Subhumid–Semi-Arid),1,False,Eastern Coastal Plain (Subhumid–Semi-Arid),#fff1a8
West Godavari,Mogalthur,Andhra Pradesh,0.0,0.0,0.0,0.0,0.0,135.41328514131482,0.0,0.0,0.0,0.0,0.0,0.0,0.0,Eastern Coastal Plain (Subhumid–Semi-Arid),1,False,Eastern Coastal Plain (Subhumid–Semi-Arid),#fff1a8
West Godavari,Narasapuram,Andhra Pradesh,0.0,0.0,0.0,0.0,0.0,172.28524077912272,0.0,0.0,0.0,0.0,0.0,0.0,0.0,Eastern Coastal Plain (Subhumid–Semi-Arid),1,False,Eastern Coastal Plain (Subhumid–Semi-Arid),#fff1a8
West Godavari,Palacoderu,Andhra Pradesh,0.0,0.0,0.0,0.0,0.0,104.5213516872564,0.0,0.0,0.0,0.0,0.0,0.0,0.0,Eastern Coastal Plain (Subhumid–Semi-Arid),1,False,Eastern Coastal Plain (Subhumid–Semi-Arid),#fff1a8
West Godavari,Palacole,Andhra Pradesh,0.0,0.0,0.0,0.0,0.0,94.8007511026707,0.0,0.0,0.0,0.0,0.0,0.0,0.0,Eastern Coastal Plain (Subhumid–Semi-Arid),1,False,Eastern Coastal Plain (Subhumid–Semi-Arid),#fff1a8
West Godavari,Pentapadu,Andhra Pradesh,0.0,0.0,0.0,86.83112997787077,0.0,42.26959434602118,0.0,0.0,0.0,0.0,0.0,0.0,0.0,Deccan Plateau (Telangana) & Eastern Ghats (Semi-Arid); Eastern Coastal Plain (Subhumid–Semi-Arid),2,True,Shared: Deccan Plateau (Telangana) & Eastern Ghats (Semi-Arid) + Eastern Coastal Plain (Subhumid–Semi-Arid),#888888
West Godavari,Penugonda,Andhra Pradesh,0.0,0.0,0.0,0.0,0.0,74.8120217837442,0.0,0.0,0.0,0.0,0.0,0.0,0.0,Eastern Coastal Plain (Subhumid–Semi-Arid),1,False,Eastern Coastal Plain (Subhumid–Semi-Arid),#fff1a8
West Godavari,Penumantra,Andhra Pradesh,0.0,0.0,0.0,0.0,0.0,92.29140348562042,0.0,0.0,0.0,0.0,0.0,0.0,0.0,Eastern Coastal Plain (Subhumid–Semi-Arid),1,False,Eastern Coastal Plain (Subhumid–Semi-Arid),#fff1a8
West Godavari,Poduru,Andhra Pradesh,0.0,0.0,0.0,0.0,0.0,101.32817563351452,0.0,0.0,0.0,0.0,0.0,0.0,0.0,Eastern Coastal Plain (Subhumid–Semi-Arid),1,False,Eastern Coastal Plain (Subhumid–Semi-Arid),#fff1a8
West Godavari,Tadepalligudem,Andhra Pradesh,0.0,0.0,0.0,236.1138295005236,0.0,2.675547082630123,0.0,0.0,0.0,0.0,0.0,0.0,0.0,Deccan Plateau (Telangana) & Eastern Ghats (Semi-Arid); Eastern Coastal Plain (Subhumid–Semi-Arid),2,True,Shared: Deccan Plateau (Telangana) & Eastern Ghats (Semi-Arid) + Eastern Coastal Plain (Subhumid–Semi-Arid),#888888
West Godavari,Tanuku,Andhra Pradesh,0.0,0.0,0.0,1.1626808360899503,0.0,84.04621960807079,0.0,0.0,0.0,0.0,0.0,0.0,0.0,Deccan Plateau (Telangana) & Eastern Ghats (Semi-Arid); Eastern Coastal Plain (Subhumid–Semi-Arid),2,True,Shared: Deccan Plateau (Telangana) & Eastern Ghats (Semi-Arid) + Eastern Coastal Plain (Subhumid–Semi-Arid),#888888
West Godavari,Undi,Andhra Pradesh,0.0,0.0,0.0,0.0,0.0,145.19883950960502,0.0,0.0,0.0,0.0,0.0,0.0,0.0,Eastern Coastal Plain (Subhumid–Semi-Arid),1,False,Eastern Coastal Plain (Subhumid–Semi-Arid),#fff1a8
West Godavari,Veeravasaram,Andhra Pradesh,0.0,0.0,0.0,0.0,0.0,101.90683539068414,0.0,0.0,0.0,0.0,0.0,0.0,0.0,Eastern Coastal Plain (Subhumid–Semi-Arid),1,False,Eastern Coastal Plain (Subhumid–Semi-Arid),#fff1a8
West Godavari,Yelamanchili,Andhra Pradesh,0.0,0.0,0.0,0.0,0.0,88.0159168001963,0.0,0.0,0.0,0.0,0.0,0.0,0.0,Eastern Coastal Plain (Subhumid–Semi-Arid),1,False,Eastern Coastal Plain (Subhumid–Semi-Arid),#fff1a8
Y.S.R.Kadapa,Atlur,Andhra Pradesh,0.0,0.0,0.0,172.08574909679515,0.0,0.0,0.0,0.0,0.0,0.0,0.0,0.0,0.0,Deccan Plateau (Telangana) & Eastern Ghats (Semi-Arid),1,False,Deccan Plateau (Telangana) & Eastern Ghats (Semi-Arid),#fece7c
Y.S.R.Kadapa,B.Kodur,Andhra Pradesh,0.0,0.0,0.0,142.3476982191795,0.0,0.0,0.0,0.0,0.0,0.0,0.0,0.0,0.0,Deccan Plateau (Telangana) & Eastern Ghats (Semi-Arid),1,False,Deccan Plateau (Telangana) & Eastern Ghats (Semi-Arid),#fece7c
Y.S.R.Kadapa,Badvel,Andhra Pradesh,0.0,0.0,0.0,153.58105478207878,0.0,0.0,0.0,0.0,0.0,0.0,0.0,0.0,0.0,Deccan Plateau (Telangana) & Eastern Ghats (Semi-Arid),1,False,Deccan Plateau (Telangana) & Eastern Ghats (Semi-Arid),#fece7c
Y.S.R.Kadapa,Brahmamgarimattam,Andhra Pradesh,0.0,0.0,0.0,467.8314369608209,0.0,0.0,0.0,0.0,0.0,0.0,0.0,0.0,0.0,Deccan Plateau (Telangana) & Eastern Ghats (Semi-Arid),1,False,Deccan Plateau (Telangana) & Eastern Ghats (Semi-Arid),#fece7c
Y.S.R.Kadapa,Chakrayapet,Andhra Pradesh,0.0,0.0,0.0,285.0931992574043,0.0,0.0,0.0,0.0,0.0,0.0,0.0,6.134014487419459,0.0,Deccan Plateau (Telangana) & Eastern Ghats (Semi-Arid); Karnataka Plateau (incl. Rayalaseema),2,True,Shared: Deccan Plateau (Telangana) & Eastern Ghats (Semi-Arid) + Karnataka Plateau (incl. Rayalaseema),#888888
Y.S.R.Kadapa,Chapad,Andhra Pradesh,0.0,0.0,0.0,134.85562246654237,0.0,0.0,0.0,0.0,0.0,0.0,0.0,0.0,0.0,Deccan Plateau (Telangana) & Eastern Ghats (Semi-Arid),1,False,Deccan Plateau (Telangana) & Eastern Ghats (Semi-Arid),#fece7c
Y.S.R.Kadapa,Chennur,Andhra Pradesh,0.0,0.0,0.0,105.46118091437228,0.0,0.0,0.0,0.0,0.0,0.0,0.0,0.0,0.0,Deccan Plateau (Telangana) & Eastern Ghats (Semi-Arid),1,False,Deccan Plateau (Telangana) & Eastern Ghats (Semi-Arid),#fece7c
Y.S.R.Kadapa,Chinthakommadinne,Andhra Pradesh,0.0,0.0,0.0,357.1199506584512,0.0,0.0,0.0,0.0,0.0,0.0,0.0,0.0,0.0,Deccan Plateau (Telangana) & Eastern Ghats (Semi-Arid),1,False,Deccan Plateau (Telangana) & Eastern Ghats (Semi-Arid),#fece7c
Y.S.R.Kadapa,Duvvur,Andhra Pradesh,0.0,0.0,0.0,219.3008763330795,0.0,0.0,0.0,0.0,0.0,0.0,0.0,0.0,0.0,Deccan Plateau (Telangana) & Eastern Ghats (Semi-Arid),1,False,Deccan Plateau (Telangana) & Eastern Ghats (Semi-Arid),#fece7c
Y.S.R.Kadapa,Gopavaram,Andhra Pradesh,0.0,0.0,0.0,630.052367816676,0.0,0.0,0.0,0.0,0.0,0.0,0.0,0.0,0.0,Deccan Plateau (Telangana) & Eastern Ghats (Semi-Arid),1,False,Deccan Plateau (Telangana) & Eastern Ghats (Semi-Arid),#fece7c
Y.S.R.Kadapa,Jammalamadugu,Andhra Pradesh,0.0,0.0,0.0,311.76723032810185,0.0,0.0,0.0,0.0,0.0,0.0,0.0,0.0,0.0,Deccan Plateau (Telangana) & Eastern Ghats (Semi-Arid),1,False,Deccan Plateau (Telangana) & Eastern Ghats (Semi-Arid),#fece7c
Y.S.R.Kadapa,Kalasapadu,Andhra Pradesh,0.0,0.0,0.0,228.30179399776424,0.0,0.0,0.0,0.0,0.0,0.0,0.0,0.0,0.0,Deccan Plateau (Telangana) & Eastern Ghats (Semi-Arid),1,False,Deccan Plateau (Telangana) & Eastern Ghats (Semi-Arid),#fece7c
Y.S.R.Kadapa,Kamalapuram,Andhra Pradesh,0.0,0.0,0.0,196.3907011015251,0.0,0.0,0.0,0.0,0.0,0.0,0.0,0.0,0.0,Deccan Plateau (Telangana) & Eastern Ghats (Semi-Arid),1,False,Deccan Plateau (Telangana) & Eastern Ghats (Semi-Arid),#fece7c
Y.S.R.Kadapa,Khajipet,Andhra Pradesh,0.0,0.0,0.0,257.07511322906777,0.0,0.0,0.0,0.0,0.0,0.0,0.0,0.0,0.0,Deccan Plateau (Telangana) & Eastern Ghats (Semi-Arid),1,False,Deccan Plateau (Telangana) & Eastern Ghats (Semi-Arid),#fece7c
Y.S.R.Kadapa,Kondapuram,Andhra Pradesh,0.0,0.0,0.0,387.56130341338223,0.0,0.0,0.0,0.0,0.0,0.0,0.0,12.3273776110214,0.0,Deccan Plateau (Telangana) & Eastern Ghats (Semi-Arid); Karnataka Plateau (incl. Rayalaseema),2,True,Shared: Deccan Plateau (Telangana) & Eastern Ghats (Semi-Arid) + Karnataka Plateau (incl. Rayalaseema),#888888
Y.S.R.Kadapa,Lingala,Andhra Pradesh,0.0,0.0,0.0,234.3668423472679,0.0,0.0,0.0,0.0,0.0,0.0,0.0,84.55501491693389,0.0,Deccan Plateau (Telangana) & Eastern Ghats (Semi-Arid); Karnataka Plateau (incl. Rayalaseema),2,True,Shared: Deccan Plateau (Telangana) & Eastern Ghats (Semi-Arid) + Karnataka Plateau (incl. Rayalaseema),#888888
Y.S.R.Kadapa,Muddanur,Andhra Pradesh,0.0,0.0,0.0,351.7675144556523,0.0,0.0,0.0,0.0,0.0,0.0,0.0,0.0,0.0,Deccan Plateau (Telangana) & Eastern Ghats (Semi-Arid),1,False,Deccan Plateau (Telangana) & Eastern Ghats (Semi-Arid),#fece7c
Y.S.R.Kadapa,Mylavaram,Andhra Pradesh,0.0,0.0,0.0,385.054673231355,0.0,0.0,0.0,0.0,0.0,0.0,0.0,0.0,0.0,Deccan Plateau (Telangana) & Eastern Ghats (Semi-Arid),1,False,Deccan Plateau (Telangana) & Eastern Ghats (Semi-Arid),#fece7c
Y.S.R.Kadapa,Peddamudium,Andhra Pradesh,0.0,0.0,0.0,328.04658009032846,0.0,0.0,0.0,0.0,0.0,0.0,0.0,0.0,0.0,Deccan Plateau (Telangana) & Eastern Ghats (Semi-Arid),1,False,Deccan Plateau (Telangana) & Eastern Ghats (Semi-Arid),#fece7c
Y.S.R.Kadapa,Pendlimarri,Andhra Pradesh,0.0,0.0,0.0,610.0058266085006,0.0,0.0,0.0,0.0,0.0,0.0,0.0,0.0,0.0,Deccan Plateau (Telangana) & Eastern Ghats (Semi-Arid),1,False,Deccan Plateau (Telangana) & Eastern Ghats (Semi-Arid),#fece7c
Y.S.R.Kadapa,Porumamilla,Andhra Pradesh,0.0,0.0,0.0,391.30907866369125,0.0,0.0,0.0,0.0,0.0,0.0,0.0,0.0,0.0,Deccan Plateau (Telangana) & Eastern Ghats (Semi-Arid),1,False,Deccan Plateau (Telangana) & Eastern Ghats (Semi-Arid),#fece7c
Y.S.R.Kadapa,Proddatur,Andhra Pradesh,0.0,0.0,0.0,191.75777137727783,0.0,0.0,0.0,0.0,0.0,0.0,0.0,0.0,0.0,Deccan Plateau (Telangana) & Eastern Ghats (Semi-Arid),1,False,Deccan Plateau (Telangana) & Eastern Ghats (Semi-Arid),#fece7c
Y.S.R.Kadapa,Pulivendla,Andhra Pradesh,0.0,0.0,0.0,176.45617352757031,0.0,0.0,0.0,0.0,0.0,0.0,0.0,17.12309969476785,0.0,Deccan Plateau (Telangana) & Eastern Ghats (Semi-Arid); Karnataka Plateau (incl. Rayalaseema),2,True,Shared: Deccan Plateau (Telangana) & Eastern Ghats (Semi-Arid) + Karnataka Plateau (incl. Rayalaseema),#888888
Y.S.R.Kadapa,Rajupalem,Andhra Pradesh,0.0,0.0,0.0,213.23958145331616,0.0,0.0,0.0,0.0,0.0,0.0,0.0,0.0,0.0,Deccan Plateau (Telangana) & Eastern Ghats (Semi-Arid),1,False,Deccan Plateau (Telangana) & Eastern Ghats (Semi-Arid),#fece7c
Y.S.R.Kadapa,S.Mydukur,Andhra Pradesh,0.0,0.0,0.0,765.6323923443438,0.0,0.0,0.0,0.0,0.0,0.0,0.0,0.0,0.0,Deccan Plateau (Telangana) & Eastern Ghats (Semi-Arid),1,False,Deccan Plateau (Telangana) & Eastern Ghats (Semi-Arid),#fece7c
Y.S.R.Kadapa,Sidhout,Andhra Pradesh,0.0,0.0,0.0,419.2172647729413,0.0,0.0,0.0,0.0,0.0,0.0,0.0,0.0,0.0,Deccan Plateau (Telangana) & Eastern Ghats (Semi-Arid),1,False,Deccan Plateau (Telangana) & Eastern Ghats (Semi-Arid),#fece7c
Y.S.R.Kadapa,Simhadripuram,Andhra Pradesh,0.0,0.0,0.0,322.2238870207998,0.0,0.0,0.0,0.0,0.0,0.0,0.0,0.0,0.0,Deccan Plateau (Telangana) & Eastern Ghats (Semi-Arid),1,False,Deccan Plateau (Telangana) & Eastern Ghats (Semi-Arid),#fece7c
Y.S.R.Kadapa,Sri Avadhutha Kasinayana,Andhra Pradesh,0.0,0.0,0.0,249.4565896674026,0.0,0.0,0.0,0.0,0.0,0.0,0.0,0.0,0.0,Deccan Plateau (Telangana) & Eastern Ghats (Semi-Arid),1,False,Deccan Plateau (Telangana) & Eastern Ghats (Semi-Arid),#fece7c
Y.S.R.Kadapa,Thondur,Andhra Pradesh,0.0,0.0,0.0,281.4458207615328,0.0,0.0,0.0,0.0,0.0,0.0,0.0,0.0,0.0,Deccan Plateau (Telangana) & Eastern Ghats (Semi-Arid),1,False,Deccan Plateau (Telangana) & Eastern Ghats (Semi-Arid),#fece7c
Y.S.R.Kadapa,Vallur,Andhra Pradesh,0.0,0.0,0.0,153.42573578758552,0.0,0.0,0.0,0.0,0.0,0.0,0.0,0.0,0.0,Deccan Plateau (Telangana) & Eastern Ghats (Semi-Arid),1,False,Deccan Plateau (Telangana) & Eastern Ghats (Semi-Arid),#fece7c
Y.S.R.Kadapa,Veerapunayunipalle,Andhra Pradesh,0.0,0.0,0.0,315.221511195346,0.0,0.0,0.0,0.0,0.0,0.0,0.0,0.0,0.0,Deccan Plateau (Telangana) & Eastern Ghats (Semi-Arid),1,False,Deccan Plateau (Telangana) & Eastern Ghats (Semi-Arid),#fece7c
Y.S.R.Kadapa,Vempalle,Andhra Pradesh,0.0,0.0,0.0,179.2140771317017,0.0,0.0,0.0,0.0,0.0,0.0,0.0,0.0,0.0,Deccan Plateau (Telangana) & Eastern Ghats (Semi-Arid),1,False,Deccan Plateau (Telangana) & Eastern Ghats (Semi-Arid),#fece7c
Y.S.R.Kadapa,Vemula,Andhra Pradesh,0.0,0.0,0.0,289.4388950805359,0.0,0.0,0.0,0.0,0.0,0.0,0.0,31.602547476396897,0.0,Deccan Plateau (Telangana) & Eastern Ghats (Semi-Arid); Karnataka Plateau (incl. Rayalaseema),2,True,Shared: Deccan Plateau (Telangana) & Eastern Ghats (Semi-Arid) + Karnataka Plateau (incl. Rayalaseema),#888888
Y.S.R.Kadapa,Vontimitta,Andhra Pradesh,0.0,0.0,0.0,465.5611425223772,0.0,0.0,0.0,0.0,0.0,0.0,0.0,0.0,0.0,Deccan Plateau (Telangana) & Eastern Ghats (Semi-Arid),1,False,Deccan Plateau (Telangana) & Eastern Ghats (Semi-Arid),#fece7c
Y.S.R.Kadapa,Y.S.R.Kadapa,Andhra Pradesh,0.0,0.0,0.0,94.18705599020544,0.0,0.0,0.0,0.0,0.0,0.0,0.0,0.0,0.0,Deccan Plateau (Telangana) & Eastern Ghats (Semi-Arid),1,False,Deccan Plateau (Telangana) & Eastern Ghats (Semi-Arid),#fece7c
Y.S.R.Kadapa,Yerraguntla,Andhra Pradesh,0.0,0.0,0.0,255.54215628291732,0.0,0.0,0.0,0.0,0.0,0.0,0.0,0.0,0.0,Deccan Plateau (Telangana) & Eastern Ghats (Semi-Arid),1,False,Deccan Plateau (Telangana) & Eastern Ghats (Semi-Arid),#fece7c
Yanam,Yanam,Andhra Pradesh,0.0,0.0,0.0,0.0,0.0,32.8765833283601,0.0,0.0,0.0,0.0,0.0,0.0,0.0,Eastern Coastal Plain (Subhumid–Semi-Arid),1,False,Eastern Coastal Plain (Subhumid–Semi-Arid),#fff1a8
Balod,Balod,CG,0.0,0.0,0.0,0.0,0.0,0.0,0.0,0.0,0.0,453.6666567310975,0.0,0.0,0.0,Eastern Plateau (Chhattisgarh),1,False,Eastern Plateau (Chhattisgarh),#97d5a4
Balod,Dondi,CG,0.0,0.0,0.0,0.0,0.0,0.0,0.0,0.0,0.0,782.4792234488137,110.65131123646776,0.0,0.0,Eastern Plateau (Chhattisgarh); Eastern Plateau (Chhotanagpur) & Eastern Ghats (Subhumid),2,True,Shared: Eastern Plateau (Chhattisgarh) + Eastern Plateau (Chhotanagpur) & Eastern Ghats (Subhumid),#888888
Balod,Dondi Luhara,CG,0.0,0.0,0.0,0.0,0.0,0.0,0.0,0.0,0.0,1108.4949984110085,0.0,0.0,0.0,Eastern Plateau (Chhattisgarh),1,False,Eastern Plateau (Chhattisgarh),#97d5a4
Balod,Gunderdehi,CG,0.0,0.0,0.0,0.0,0.0,0.0,0.0,0.0,0.0,789.1094463087464,0.0,0.0,0.0,Eastern Plateau (Chhattisgarh),1,False,Eastern Plateau (Chhattisgarh),#97d5a4
Balod,Gurur,CG,0.0,0.0,0.0,0.0,0.0,0.0,0.0,0.0,0.0,627.2858265787999,0.0,0.0,0.0,Eastern Plateau (Chhattisgarh),1,False,Eastern Plateau (Chhattisgarh),#97d5a4
Baloda Bazar,Baloda Bazar,CG,0.0,0.0,0.0,0.0,0.0,0.0,0.0,0.0,0.0,720.5879837828885,0.0,0.0,0.0,Eastern Plateau (Chhattisgarh),1,False,Eastern Plateau (Chhattisgarh),#97d5a4
Baloda Bazar,Bhatapara,CG,0.0,0.0,0.0,0.0,0.0,0.0,0.0,0.0,0.0,546.566956416378,0.0,0.0,0.0,Eastern Plateau (Chhattisgarh),1,False,Eastern Plateau (Chhattisgarh),#97d5a4
Baloda Bazar,Bilaigarh,CG,0.0,0.0,0.0,0.0,0.0,0.0,0.0,0.0,0.0,817.1418790692578,0.0,0.0,0.0,Eastern Plateau (Chhattisgarh),1,False,Eastern Plateau (Chhattisgarh),#97d5a4
Baloda Bazar,Kasdol,CG,0.0,0.0,0.0,0.0,0.0,0.0,0.0,0.0,0.0,1938.757044232612,0.0,0.0,0.0,Eastern Plateau (Chhattisgarh),1,False,Eastern Plateau (Chhattisgarh),#97d5a4
Baloda Bazar,Palari,CG,0.0,0.0,0.0,0.0,0.0,0.0,0.0,0.0,0.0,691.1064671665345,0.0,0.0,0.0,Eastern Plateau (Chhattisgarh),1,False,Eastern Plateau (Chhattisgarh),#97d5a4
Baloda Bazar,Simga,CG,0.0,0.0,0.0,0.0,0.0,0.0,0.0,0.0,0.0,710.2605329825592,0.0,0.0,0.0,Eastern Plateau (Chhattisgarh),1,False,Eastern Plateau (Chhattisgarh),#97d5a4
Balrampur,Balrampur,CG,0.0,0.0,0.0,0.0,0.0,0.0,0.0,0.0,0.0,1287.4356962014558,0.0,0.0,0.0,Eastern Plateau (Chhattisgarh),1,False,Eastern Plateau (Chhattisgarh),#97d5a4
Balrampur,Rajpur,CG,0.0,0.0,0.0,0.0,0.0,0.0,0.0,0.0,0.0,904.1650212085384,0.0,0.0,0.0,Eastern Plateau (Chhattisgarh),1,False,Eastern Plateau (Chhattisgarh),#97d5a4
Balrampur,Ramanujganj,CG,0.0,0.0,0.0,0.0,0.0,0.0,0.0,0.0,0.0,1585.936994018385,0.0,0.0,0.0,Eastern Plateau (Chhattisgarh),1,False,Eastern Plateau (Chhattisgarh),#97d5a4
Balrampur,Samri(Kusmi),CG,0.0,0.0,0.0,0.0,0.0,0.0,0.0,0.0,0.0,1372.8399838437144,0.0,0.0,0.0,Eastern Plateau (Chhattisgarh),1,False,Eastern Plateau (Chhattisgarh),#97d5a4
Balrampur,Shankargarh,CG,0.0,0.0,0.0,0.0,0.0,0.0,0.0,0.0,0.0,805.1516383247524,0.0,0.0,0.0,Eastern Plateau (Chhattisgarh),1,False,Eastern Plateau (Chhattisgarh),#97d5a4
Balrampur,Wadrafnagar,CG,0.0,0.0,2.2497099116431185,0.0,0.0,0.0,0.0,0.0,0.0,1533.9911481329125,0.0,0.0,0.0,"Central Highlands (Malwa–Bundelkhand, Subhumid Dry); Eastern Plateau (Chhattisgarh)",2,True,"Shared: Central Highlands (Malwa–Bundelkhand, Subhumid Dry) + Eastern Plateau (Chhattisgarh)",#888888
Bastar,Bakavand,CG,0.0,0.0,0.0,0.0,0.0,0.0,0.0,0.0,0.0,0.0,998.1616315470516,0.0,0.0,Eastern Plateau (Chhotanagpur) & Eastern Ghats (Subhumid),1,False,Eastern Plateau (Chhotanagpur) & Eastern Ghats (Subhumid),#5cb7aa
Bastar,Bastanar,CG,0.0,0.0,0.0,0.0,0.0,0.0,0.0,0.0,0.0,0.0,555.0006910396029,0.0,0.0,Eastern Plateau (Chhotanagpur) & Eastern Ghats (Subhumid),1,False,Eastern Plateau (Chhotanagpur) & Eastern Ghats (Subhumid),#5cb7aa
Bastar,Bastar,CG,0.0,0.0,0.0,0.0,0.0,0.0,0.0,0.0,0.0,0.0,1155.7534244689152,0.0,0.0,Eastern Plateau (Chhotanagpur) & Eastern Ghats (Subhumid),1,False,Eastern Plateau (Chhotanagpur) & Eastern Ghats (Subhumid),#5cb7aa
Bastar,Darbha,CG,0.0,0.0,0.0,0.0,0.0,0.0,0.0,0.0,0.0,0.0,1271.0497336501812,0.0,0.0,Eastern Plateau (Chhotanagpur) & Eastern Ghats (Subhumid),1,False,Eastern Plateau (Chhotanagpur) & Eastern Ghats (Subhumid),#5cb7aa
Bastar,Jagdalpur,CG,0.0,0.0,0.0,0.0,0.0,0.0,0.0,0.0,0.0,0.0,907.2013924258404,0.0,0.0,Eastern Plateau (Chhotanagpur) & Eastern Ghats (Subhumid),1,False,Eastern Plateau (Chhotanagpur) & Eastern Ghats (Subhumid),#5cb7aa
Bastar,Lohandiguda,CG,0.0,0.0,0.0,0.0,0.0,0.0,0.0,0.0,0.0,0.0,789.0809554391678,0.0,0.0,Eastern Plateau (Chhotanagpur) & Eastern Ghats (Subhumid),1,False,Eastern Plateau (Chhotanagpur) & Eastern Ghats (Subhumid),#5cb7aa
Bastar,Tokapal,CG,0.0,0.0,0.0,0.0,0.0,0.0,0.0,0.0,0.0,0.0,398.7204134806624,0.0,0.0,Eastern Plateau (Chhotanagpur) & Eastern Ghats (Subhumid),1,False,Eastern Plateau (Chhotanagpur) & Eastern Ghats (Subhumid),#5cb7aa
Bemetara,Bemetara,CG,0.0,0.0,0.0,0.0,0.0,0.0,0.0,0.0,0.0,854.6795164419302,0.0,0.0,0.0,Eastern Plateau (Chhattisgarh),1,False,Eastern Plateau (Chhattisgarh),#97d5a4
Bemetara,Berla,CG,0.0,0.0,0.0,0.0,0.0,0.0,0.0,0.0,0.0,905.8633723052048,0.0,0.0,0.0,Eastern Plateau (Chhattisgarh),1,False,Eastern Plateau (Chhattisgarh),#97d5a4
Bemetara,Nawagarh_1,CG,0.0,0.0,0.0,0.0,0.0,0.0,0.0,0.0,0.0,729.8004248517409,0.0,0.0,0.0,Eastern Plateau (Chhattisgarh),1,False,Eastern Plateau (Chhattisgarh),#97d5a4
Bemetara,Saja,CG,0.0,0.0,0.0,0.0,0.0,0.0,0.0,0.0,0.0,526.8646304567152,0.0,0.0,0.0,Eastern Plateau (Chhattisgarh),1,False,Eastern Plateau (Chhattisgarh),#97d5a4
Bemetara,Thanakhamria,CG,0.0,0.0,0.0,0.0,0.0,0.0,0.0,0.0,0.0,318.1167044530969,0.0,0.0,0.0,Eastern Plateau (Chhattisgarh),1,False,Eastern Plateau (Chhattisgarh),#97d5a4
Bijapur,Bhairamgarh,CG,0.0,0.0,0.0,0.0,0.0,0.0,0.0,0.0,0.0,0.0,2588.6828467710047,0.0,0.0,Eastern Plateau (Chhotanagpur) & Eastern Ghats (Subhumid),1,False,Eastern Plateau (Chhotanagpur) & Eastern Ghats (Subhumid),#5cb7aa
Bijapur,Bhopalpattnam,CG,0.0,0.0,0.0,3.811524330419468,0.0,0.0,0.0,0.0,0.0,0.0,2395.0350830016964,0.0,0.0,Deccan Plateau (Telangana) & Eastern Ghats (Semi-Arid); Eastern Plateau (Chhotanagpur) & Eastern Ghats (Subhumid),2,True,Shared: Deccan Plateau (Telangana) & Eastern Ghats (Semi-Arid) + Eastern Plateau (Chhotanagpur) & Eastern Ghats (Subhumid),#888888
Bijapur,Bijapur,CG,0.0,0.0,0.0,0.0,0.0,0.0,0.0,0.0,0.0,0.0,1694.8627672186085,0.0,0.0,Eastern Plateau (Chhotanagpur) & Eastern Ghats (Subhumid),1,False,Eastern Plateau (Chhotanagpur) & Eastern Ghats (Subhumid),#5cb7aa
Bijapur,Usur,CG,0.0,0.0,0.0,30.54763534619496,0.0,0.0,0.0,0.0,0.0,0.0,2703.974331516514,0.0,0.0,Deccan Plateau (Telangana) & Eastern Ghats (Semi-Arid); Eastern Plateau (Chhotanagpur) & Eastern Ghats (Subhumid),2,True,Shared: Deccan Plateau (Telangana) & Eastern Ghats (Semi-Arid) + Eastern Plateau (Chhotanagpur) & Eastern Ghats (Subhumid),#888888
Bilaspur,Bilaspur,CG,0.0,0.0,0.0,0.0,0.0,0.0,0.0,0.0,0.0,528.0865521548841,0.0,0.0,0.0,Eastern Plateau (Chhattisgarh),1,False,Eastern Plateau (Chhattisgarh),#97d5a4
Bilaspur,Bilha,CG,0.0,0.0,0.0,0.0,0.0,0.0,0.0,0.0,0.0,426.854997675333,0.0,0.0,0.0,Eastern Plateau (Chhattisgarh),1,False,Eastern Plateau (Chhattisgarh),#97d5a4
Bilaspur,Kota,CG,0.0,0.0,0.0,0.0,0.0,0.0,0.0,0.0,0.0,1388.8557249747114,0.0,0.0,0.0,Eastern Plateau (Chhattisgarh),1,False,Eastern Plateau (Chhattisgarh),#97d5a4
Bilaspur,Masturi,CG,0.0,0.0,0.0,0.0,0.0,0.0,0.0,0.0,0.0,1003.1593825726544,0.0,0.0,0.0,Eastern Plateau (Chhattisgarh),1,False,Eastern Plateau (Chhattisgarh),#97d5a4
Bilaspur,Takhatpur,CG,0.0,0.0,0.0,0.0,0.0,0.0,0.0,0.0,0.0,840.9562231941253,0.0,0.0,0.0,Eastern Plateau (Chhattisgarh),1,False,Eastern Plateau (Chhattisgarh),#97d5a4
Dantewada,Bade Bacheli,CG,0.0,0.0,0.0,0.0,0.0,0.0,0.0,0.0,0.0,0.0,806.3245316668625,0.0,0.0,Eastern Plateau (Chhotanagpur) & Eastern Ghats (Subhumid),1,False,Eastern Plateau (Chhotanagpur) & Eastern Ghats (Subhumid),#5cb7aa
Dantewada,Dantewada,CG,0.0,0.0,0.0,0.0,0.0,0.0,0.0,0.0,0.0,0.0,571.4925832723885,0.0,0.0,Eastern Plateau (Chhotanagpur) & Eastern Ghats (Subhumid),1,False,Eastern Plateau (Chhotanagpur) & Eastern Ghats (Subhumid),#5cb7aa
Dantewada,Gidam,CG,0.0,0.0,0.0,0.0,0.0,0.0,0.0,0.0,0.0,0.0,867.4780985609218,0.0,0.0,Eastern Plateau (Chhotanagpur) & Eastern Ghats (Subhumid),1,False,Eastern Plateau (Chhotanagpur) & Eastern Ghats (Subhumid),#5cb7aa
Dantewada,Katekalyan,CG,0.0,0.0,0.0,0.0,0.0,0.0,0.0,0.0,0.0,0.0,630.8959281370867,0.0,0.0,Eastern Plateau (Chhotanagpur) & Eastern Ghats (Subhumid),1,False,Eastern Plateau (Chhotanagpur) & Eastern Ghats (Subhumid),#5cb7aa
Dantewada,Kuakonda,CG,0.0,0.0,0.0,0.0,0.0,0.0,0.0,0.0,0.0,0.0,292.9298807245244,0.0,0.0,Eastern Plateau (Chhotanagpur) & Eastern Ghats (Subhumid),1,False,Eastern Plateau (Chhotanagpur) & Eastern Ghats (Subhumid),#5cb7aa
Dhamtari,Dhamtari,CG,0.0,0.0,0.0,0.0,0.0,0.0,0.0,0.0,0.0,734.6120175836978,56.358649324189415,0.0,0.0,Eastern Plateau (Chhattisgarh); Eastern Plateau (Chhotanagpur) & Eastern Ghats (Subhumid),2,True,Shared: Eastern Plateau (Chhattisgarh) + Eastern Plateau (Chhotanagpur) & Eastern Ghats (Subhumid),#888888
Dhamtari,Kurud,CG,0.0,0.0,0.0,0.0,0.0,0.0,0.0,0.0,0.0,683.7699118241825,0.0,0.0,0.0,Eastern Plateau (Chhattisgarh),1,False,Eastern Plateau (Chhattisgarh),#97d5a4
Dhamtari,Magarlod,CG,0.0,0.0,0.0,0.0,0.0,0.0,0.0,0.0,0.0,850.7722669025109,0.0,0.0,0.0,Eastern Plateau (Chhattisgarh),1,False,Eastern Plateau (Chhattisgarh),#97d5a4
Dhamtari,Nagri,CG,0.0,0.0,0.0,0.0,0.0,0.0,0.0,0.0,0.0,2169.21441415995,190.3493931746512,0.0,0.0,Eastern Plateau (Chhattisgarh); Eastern Plateau (Chhotanagpur) & Eastern Ghats (Subhumid),2,True,Shared: Eastern Plateau (Chhattisgarh) + Eastern Plateau (Chhotanagpur) & Eastern Ghats (Subhumid),#888888
Durg,Dhamdha,CG,0.0,0.0,0.0,0.0,0.0,0.0,0.0,0.0,0.0,1026.624739561318,0.0,0.0,0.0,Eastern Plateau (Chhattisgarh),1,False,Eastern Plateau (Chhattisgarh),#97d5a4
Durg,Durg,CG,0.0,0.0,0.0,0.0,0.0,0.0,0.0,0.0,0.0,743.9913396409734,0.0,0.0,0.0,Eastern Plateau (Chhattisgarh),1,False,Eastern Plateau (Chhattisgarh),#97d5a4
Durg,Patan,CG,0.0,0.0,0.0,0.0,0.0,0.0,0.0,0.0,0.0,886.5570284881559,0.0,0.0,0.0,Eastern Plateau (Chhattisgarh),1,False,Eastern Plateau (Chhattisgarh),#97d5a4
Gariyaband,Bindranavagarh(Gariyaband),CG,0.0,0.0,0.0,0.0,0.0,0.0,0.0,0.0,0.0,1524.1830241448797,5.444722762905314,0.0,0.0,Eastern Plateau (Chhattisgarh); Eastern Plateau (Chhotanagpur) & Eastern Ghats (Subhumid),2,True,Shared: Eastern Plateau (Chhattisgarh) + Eastern Plateau (Chhotanagpur) & Eastern Ghats (Subhumid),#888888
Gariyaband,Chhura,CG,0.0,0.0,0.0,0.0,0.0,0.0,0.0,0.0,0.0,1147.39570887739,1.825678683143436,0.0,0.0,Eastern Plateau (Chhattisgarh); Eastern Plateau (Chhotanagpur) & Eastern Ghats (Subhumid),2,True,Shared: Eastern Plateau (Chhattisgarh) + Eastern Plateau (Chhotanagpur) & Eastern Ghats (Subhumid),#888888
Gariyaband,Deobhog,CG,0.0,0.0,0.0,0.0,0.0,0.0,0.0,0.0,0.0,352.6227068951792,3.7316716703308894,0.0,0.0,Eastern Plateau (Chhattisgarh); Eastern Plateau (Chhotanagpur) & Eastern Ghats (Subhumid),2,True,Shared: Eastern Plateau (Chhattisgarh) + Eastern Plateau (Chhotanagpur) & Eastern Ghats (Subhumid),#888888
Gariyaband,Mainpur,CG,0.0,0.0,0.0,0.0,0.0,0.0,0.0,0.0,0.0,1845.459112965096,6.23516310992389,0.0,0.0,Eastern Plateau (Chhattisgarh); Eastern Plateau (Chhotanagpur) & Eastern Ghats (Subhumid),2,True,Shared: Eastern Plateau (Chhattisgarh) + Eastern Plateau (Chhotanagpur) & Eastern Ghats (Subhumid),#888888
Gariyaband,Rajim,CG,0.0,0.0,0.0,0.0,0.0,0.0,0.0,0.0,0.0,654.6827890669376,0.0,0.0,0.0,Eastern Plateau (Chhattisgarh),1,False,Eastern Plateau (Chhattisgarh),#97d5a4
Gaurella Pendra Marwahi,Marwahi,CG,0.0,0.0,8.24167303419334,0.0,0.0,0.0,0.0,0.0,0.0,831.1757987042876,0.0,0.0,0.0,"Central Highlands (Malwa–Bundelkhand, Subhumid Dry); Eastern Plateau (Chhattisgarh)",2,True,"Shared: Central Highlands (Malwa–Bundelkhand, Subhumid Dry) + Eastern Plateau (Chhattisgarh)",#888888
Gaurella Pendra Marwahi,Pendra,CG,0.0,0.0,0.0,0.0,0.0,0.0,0.0,0.0,0.0,444.12989650631295,0.0,0.0,0.0,Eastern Plateau (Chhattisgarh),1,False,Eastern Plateau (Chhattisgarh),#97d5a4
Gaurella Pendra Marwahi,Pendra Road Gorella,CG,0.0,0.0,6.6305269828255495,0.0,0.0,0.0,0.0,0.0,0.0,1037.420618610698,0.0,0.0,0.0,"Central Highlands (Malwa–Bundelkhand, Subhumid Dry); Eastern Plateau (Chhattisgarh)",2,True,"Shared: Central Highlands (Malwa–Bundelkhand, Subhumid Dry) + Eastern Plateau (Chhattisgarh)",#888888
Janjgir-Champa,Akaltara,CG,0.0,0.0,0.0,0.0,0.0,0.0,0.0,0.0,0.0,462.99148624609137,0.0,0.0,0.0,Eastern Plateau (Chhattisgarh),1,False,Eastern Plateau (Chhattisgarh),#97d5a4
Janjgir-Champa,Baloda,CG,0.0,0.0,0.0,0.0,0.0,0.0,0.0,0.0,0.0,403.3740063010465,0.0,0.0,0.0,Eastern Plateau (Chhattisgarh),1,False,Eastern Plateau (Chhattisgarh),#97d5a4
Janjgir-Champa,Champa,CG,0.0,0.0,0.0,0.0,0.0,0.0,0.0,0.0,0.0,453.7478491751088,0.0,0.0,0.0,Eastern Plateau (Chhattisgarh),1,False,Eastern Plateau (Chhattisgarh),#97d5a4
Janjgir-Champa,Dabhra,CG,0.0,0.0,0.0,0.0,0.0,0.0,0.0,0.0,0.0,510.3205982150596,0.0,0.0,0.0,Eastern Plateau (Chhattisgarh),1,False,Eastern Plateau (Chhattisgarh),#97d5a4
Janjgir-Champa,Jaijaipur,CG,0.0,0.0,0.0,0.0,0.0,0.0,0.0,0.0,0.0,522.686262813417,0.0,0.0,0.0,Eastern Plateau (Chhattisgarh),1,False,Eastern Plateau (Chhattisgarh),#97d5a4
Janjgir-Champa,Janjgir,CG,0.0,0.0,0.0,0.0,0.0,0.0,0.0,0.0,0.0,320.77135945938096,0.0,0.0,0.0,Eastern Plateau (Chhattisgarh),1,False,Eastern Plateau (Chhattisgarh),#97d5a4
Janjgir-Champa,Malkharoda,CG,0.0,0.0,0.0,0.0,0.0,0.0,0.0,0.0,0.0,403.362762878016,0.0,0.0,0.0,Eastern Plateau (Chhattisgarh),1,False,Eastern Plateau (Chhattisgarh),#97d5a4
Janjgir-Champa,Nawagarh,CG,0.0,0.0,0.0,0.0,0.0,0.0,0.0,0.0,0.0,430.15559238884646,0.0,0.0,0.0,Eastern Plateau (Chhattisgarh),1,False,Eastern Plateau (Chhattisgarh),#97d5a4
Janjgir-Champa,Pamgarh,CG,0.0,0.0,0.0,0.0,0.0,0.0,0.0,0.0,0.0,529.1823641344984,0.0,0.0,0.0,Eastern Plateau (Chhattisgarh),1,False,Eastern Plateau (Chhattisgarh),#97d5a4
Janjgir-Champa,Sakti,CG,0.0,0.0,0.0,0.0,0.0,0.0,0.0,0.0,0.0,473.7590679019338,0.0,0.0,0.0,Eastern Plateau (Chhattisgarh),1,False,Eastern Plateau (Chhattisgarh),#97d5a4
Jashpur,Bagicha,CG,0.0,0.0,0.0,0.0,0.0,0.0,0.0,0.0,0.0,1885.973170854892,0.0,0.0,0.0,Eastern Plateau (Chhattisgarh),1,False,Eastern Plateau (Chhattisgarh),#97d5a4
Jashpur,Duldula,CG,0.0,0.0,0.0,0.0,0.0,0.0,0.0,0.0,0.0,525.3219886082952,0.0,0.0,0.0,Eastern Plateau (Chhattisgarh),1,False,Eastern Plateau (Chhattisgarh),#97d5a4
Jashpur,Farsabahar,CG,0.0,0.0,0.0,0.0,0.0,0.0,0.0,0.0,0.0,786.7217905366113,6.684453720454608,0.0,0.0,Eastern Plateau (Chhattisgarh); Eastern Plateau (Chhotanagpur) & Eastern Ghats (Subhumid),2,True,Shared: Eastern Plateau (Chhattisgarh) + Eastern Plateau (Chhotanagpur) & Eastern Ghats (Subhumid),#888888
Jashpur,Jashpur,CG,0.0,0.0,0.0,0.0,0.0,0.0,0.0,0.0,0.0,651.9926425412507,0.0,0.0,0.0,Eastern Plateau (Chhattisgarh),1,False,Eastern Plateau (Chhattisgarh),#97d5a4
Jashpur,Kansabel,CG,0.0,0.0,0.0,0.0,0.0,0.0,0.0,0.0,0.0,541.3375061905552,0.0,0.0,0.0,Eastern Plateau (Chhattisgarh),1,False,Eastern Plateau (Chhattisgarh),#97d5a4
Jashpur,Kunkuri,CG,0.0,0.0,0.0,0.0,0.0,0.0,0.0,0.0,0.0,583.1523992204231,0.0,0.0,0.0,Eastern Plateau (Chhattisgarh),1,False,Eastern Plateau (Chhattisgarh),#97d5a4
Jashpur,Manora,CG,0.0,0.0,0.0,0.0,0.0,0.0,0.0,0.0,0.0,982.2997566442084,0.0,0.0,0.0,Eastern Plateau (Chhattisgarh),1,False,Eastern Plateau (Chhattisgarh),#97d5a4
Jashpur,Pathalgaon,CG,0.0,0.0,0.0,0.0,0.0,0.0,0.0,0.0,0.0,952.2570951531588,0.0,0.0,0.0,Eastern Plateau (Chhattisgarh),1,False,Eastern Plateau (Chhattisgarh),#97d5a4
Kabirdham,Bodla,CG,0.0,0.0,16.9782841025217,0.0,0.0,0.0,0.0,0.0,0.0,2203.3315813871613,0.0,0.0,0.0,"Central Highlands (Malwa–Bundelkhand, Subhumid Dry); Eastern Plateau (Chhattisgarh)",2,True,"Shared: Central Highlands (Malwa–Bundelkhand, Subhumid Dry) + Eastern Plateau (Chhattisgarh)",#888888
Kabirdham,Kawardha,CG,0.0,0.0,0.0,0.0,0.0,0.0,0.0,0.0,0.0,621.1910006038379,0.0,0.0,0.0,Eastern Plateau (Chhattisgarh),1,False,Eastern Plateau (Chhattisgarh),#97d5a4
Kabirdham,Pandariya,CG,0.0,0.0,6.163322509375292,0.0,0.0,0.0,0.0,0.0,0.0,1326.1464796221462,0.0,0.0,0.0,"Central Highlands (Malwa–Bundelkhand, Subhumid Dry); Eastern Plateau (Chhattisgarh)",2,True,"Shared: Central Highlands (Malwa–Bundelkhand, Subhumid Dry) + Eastern Plateau (Chhattisgarh)",#888888
Kabirdham,Sahaspur Lohara,CG,0.0,0.0,0.0,0.0,0.0,0.0,0.0,0.0,0.0,738.2085137220716,0.0,0.0,0.0,Eastern Plateau (Chhattisgarh),1,False,Eastern Plateau (Chhattisgarh),#97d5a4
Kanker,Antagarh,CG,0.0,0.0,0.0,0.0,0.0,0.0,0.0,0.0,0.0,0.0,1825.061017305307,0.0,0.0,Eastern Plateau (Chhotanagpur) & Eastern Ghats (Subhumid),1,False,Eastern Plateau (Chhotanagpur) & Eastern Ghats (Subhumid),#5cb7aa
Kanker,Bhanupratappur,CG,0.0,0.0,0.0,0.0,0.0,0.0,0.0,0.0,0.0,0.0,940.5728455687567,0.0,0.0,Eastern Plateau (Chhotanagpur) & Eastern Ghats (Subhumid),1,False,Eastern Plateau (Chhotanagpur) & Eastern Ghats (Subhumid),#5cb7aa
Kanker,Charama,CG,0.0,0.0,0.0,0.0,0.0,0.0,0.0,0.0,0.0,49.77684657407745,545.9857439230522,0.0,0.0,Eastern Plateau (Chhattisgarh); Eastern Plateau (Chhotanagpur) & Eastern Ghats (Subhumid),2,True,Shared: Eastern Plateau (Chhattisgarh) + Eastern Plateau (Chhotanagpur) & Eastern Ghats (Subhumid),#888888
Kanker,Durgkondal,CG,0.0,0.0,0.0,0.0,0.0,0.0,0.0,0.0,0.0,50.27238968011531,872.8122087834853,0.0,0.0,Eastern Plateau (Chhattisgarh); Eastern Plateau (Chhotanagpur) & Eastern Ghats (Subhumid),2,True,Shared: Eastern Plateau (Chhattisgarh) + Eastern Plateau (Chhotanagpur) & Eastern Ghats (Subhumid),#888888
Kanker,Kanker,CG,0.0,0.0,0.0,0.0,0.0,0.0,0.0,0.0,0.0,0.0,688.5133350316164,0.0,0.0,Eastern Plateau (Chhotanagpur) & Eastern Ghats (Subhumid),1,False,Eastern Plateau (Chhotanagpur) & Eastern Ghats (Subhumid),#5cb7aa
Kanker,Narharpur,CG,0.0,0.0,0.0,0.0,0.0,0.0,0.0,0.0,0.0,6.596328484570075,1031.8262276699147,0.0,0.0,Eastern Plateau (Chhattisgarh); Eastern Plateau (Chhotanagpur) & Eastern Ghats (Subhumid),2,True,Shared: Eastern Plateau (Chhattisgarh) + Eastern Plateau (Chhotanagpur) & Eastern Ghats (Subhumid),#888888
Kanker,Pakhanjur,CG,0.0,0.0,0.0,0.0,0.0,0.0,0.0,0.0,0.0,0.0,2185.72452760344,0.0,0.0,Eastern Plateau (Chhotanagpur) & Eastern Ghats (Subhumid),1,False,Eastern Plateau (Chhotanagpur) & Eastern Ghats (Subhumid),#5cb7aa
Kondagaon,Bade Rajpur,CG,0.0,0.0,0.0,0.0,0.0,0.0,0.0,0.0,0.0,0.0,746.2297403518243,0.0,0.0,Eastern Plateau (Chhotanagpur) & Eastern Ghats (Subhumid),1,False,Eastern Plateau (Chhotanagpur) & Eastern Ghats (Subhumid),#5cb7aa
Kondagaon,Farasgaon,CG,0.0,0.0,0.0,0.0,0.0,0.0,0.0,0.0,0.0,0.0,1003.0973796454122,0.0,0.0,Eastern Plateau (Chhotanagpur) & Eastern Ghats (Subhumid),1,False,Eastern Plateau (Chhotanagpur) & Eastern Ghats (Subhumid),#5cb7aa
Kondagaon,Keskal,CG,0.0,0.0,0.0,0.0,0.0,0.0,0.0,0.0,0.0,0.0,898.89288523757,0.0,0.0,Eastern Plateau (Chhotanagpur) & Eastern Ghats (Subhumid),1,False,Eastern Plateau (Chhotanagpur) & Eastern Ghats (Subhumid),#5cb7aa
Kondagaon,Kondagaon,CG,0.0,0.0,0.0,0.0,0.0,0.0,0.0,0.0,0.0,0.0,1965.348222967992,0.0,0.0,Eastern Plateau (Chhotanagpur) & Eastern Ghats (Subhumid),1,False,Eastern Plateau (Chhotanagpur) & Eastern Ghats (Subhumid),#5cb7aa
Kondagaon,Makdi,CG,0.0,0.0,0.0,0.0,0.0,0.0,0.0,0.0,0.0,0.0,1148.6195543469787,0.0,0.0,Eastern Plateau (Chhotanagpur) & Eastern Ghats (Subhumid),1,False,Eastern Plateau (Chhotanagpur) & Eastern Ghats (Subhumid),#5cb7aa
Korba,Kartala,CG,0.0,0.0,0.0,0.0,0.0,0.0,0.0,0.0,0.0,783.2398739313884,0.0,0.0,0.0,Eastern Plateau (Chhattisgarh),1,False,Eastern Plateau (Chhattisgarh),#97d5a4
Korba,Katghora,CG,0.0,0.0,0.0,0.0,0.0,0.0,0.0,0.0,0.0,564.9685531059972,0.0,0.0,0.0,Eastern Plateau (Chhattisgarh),1,False,Eastern Plateau (Chhattisgarh),#97d5a4
Korba,Korba,CG,0.0,0.0,0.0,0.0,0.0,0.0,0.0,0.0,0.0,2340.994049583063,0.0,0.0,0.0,Eastern Plateau (Chhattisgarh),1,False,Eastern Plateau (Chhattisgarh),#97d5a4
Korba,Pali,CG,0.0,0.0,0.0,0.0,0.0,0.0,0.0,0.0,0.0,1347.243427846668,0.0,0.0,0.0,Eastern Plateau (Chhattisgarh),1,False,Eastern Plateau (Chhattisgarh),#97d5a4
Korba,Poundi-Uproda,CG,0.0,0.0,0.0,0.0,0.0,0.0,0.0,0.0,0.0,2734.183545500375,0.0,0.0,0.0,Eastern Plateau (Chhattisgarh),1,False,Eastern Plateau (Chhattisgarh),#97d5a4
Korea,Baikunthpur,CG,0.0,0.0,0.0,0.0,0.0,0.0,0.0,0.0,0.0,863.3172455462797,0.0,0.0,0.0,Eastern Plateau (Chhattisgarh),1,False,Eastern Plateau (Chhattisgarh),#97d5a4
Korea,Bharatpur,CG,0.0,0.0,2814.692910538757,0.0,0.0,0.0,0.0,0.0,0.0,0.3183116817828187,0.0,0.0,0.0,"Central Highlands (Malwa–Bundelkhand, Subhumid Dry); Eastern Plateau (Chhattisgarh)",2,True,"Shared: Central Highlands (Malwa–Bundelkhand, Subhumid Dry) + Eastern Plateau (Chhattisgarh)",#888888
Korea,Khadganva,CG,0.0,0.0,0.0,0.0,0.0,0.0,0.0,0.0,0.0,1136.5614781842992,0.0,0.0,0.0,Eastern Plateau (Chhattisgarh),1,False,Eastern Plateau (Chhattisgarh),#97d5a4
Korea,Manendragarh,CG,0.0,0.0,638.7814341602559,0.0,0.0,0.0,0.0,0.0,0.0,811.3543966157869,0.0,0.0,0.0,"Central Highlands (Malwa–Bundelkhand, Subhumid Dry); Eastern Plateau (Chhattisgarh)",2,True,"Shared: Central Highlands (Malwa–Bundelkhand, Subhumid Dry) + Eastern Plateau (Chhattisgarh)",#888888
Korea,Sonhat,CG,0.0,0.0,299.5651554693619,0.0,0.0,0.0,0.0,0.0,0.0,1328.0709681377896,0.0,0.0,0.0,"Central Highlands (Malwa–Bundelkhand, Subhumid Dry); Eastern Plateau (Chhattisgarh)",2,True,"Shared: Central Highlands (Malwa–Bundelkhand, Subhumid Dry) + Eastern Plateau (Chhattisgarh)",#888888
Mahasamund,Bagbahra,CG,0.0,0.0,0.0,0.0,0.0,0.0,0.0,0.0,0.0,1178.760184241546,1.4478676369329924,0.0,0.0,Eastern Plateau (Chhattisgarh); Eastern Plateau (Chhotanagpur) & Eastern Ghats (Subhumid),2,True,Shared: Eastern Plateau (Chhattisgarh) + Eastern Plateau (Chhotanagpur) & Eastern Ghats (Subhumid),#888888
Mahasamund,Basna,CG,0.0,0.0,0.0,0.0,0.0,0.0,0.0,0.0,0.0,765.352780508741,1.106840196942249,0.0,0.0,Eastern Plateau (Chhattisgarh); Eastern Plateau (Chhotanagpur) & Eastern Ghats (Subhumid),2,True,Shared: Eastern Plateau (Chhattisgarh) + Eastern Plateau (Chhotanagpur) & Eastern Ghats (Subhumid),#888888
Mahasamund,Mahasamund,CG,0.0,0.0,0.0,0.0,0.0,0.0,0.0,0.0,0.0,1210.884878089682,0.0,0.0,0.0,Eastern Plateau (Chhattisgarh),1,False,Eastern Plateau (Chhattisgarh),#97d5a4
Mahasamund,Pithora,CG,0.0,0.0,0.0,0.0,0.0,0.0,0.0,0.0,0.0,1226.4800324051134,0.3656498752399457,0.0,0.0,Eastern Plateau (Chhattisgarh); Eastern Plateau (Chhotanagpur) & Eastern Ghats (Subhumid),2,True,Shared: Eastern Plateau (Chhattisgarh) + Eastern Plateau (Chhotanagpur) & Eastern Ghats (Subhumid),#888888
Mahasamund,Saraipali,CG,0.0,0.0,0.0,0.0,0.0,0.0,0.0,0.0,0.0,1110.665602916224,6.6231670218010485,0.0,0.0,Eastern Plateau (Chhattisgarh); Eastern Plateau (Chhotanagpur) & Eastern Ghats (Subhumid),2,True,Shared: Eastern Plateau (Chhattisgarh) + Eastern Plateau (Chhotanagpur) & Eastern Ghats (Subhumid),#888888
Mungeli,Lormi,CG,0.0,0.0,4.2015469991148375,0.0,0.0,0.0,0.0,0.0,0.0,1939.2973539097104,0.0,0.0,0.0,"Central Highlands (Malwa–Bundelkhand, Subhumid Dry); Eastern Plateau (Chhattisgarh)",2,True,"Shared: Central Highlands (Malwa–Bundelkhand, Subhumid Dry) + Eastern Plateau (Chhattisgarh)",#888888
Mungeli,Mungeli,CG,0.0,0.0,0.0,0.0,0.0,0.0,0.0,0.0,0.0,715.3129176237293,0.0,0.0,0.0,Eastern Plateau (Chhattisgarh),1,False,Eastern Plateau (Chhattisgarh),#97d5a4
Mungeli,Pathariya,CG,0.0,0.0,0.0,0.0,0.0,0.0,0.0,0.0,0.0,595.2188671582693,0.0,0.0,0.0,Eastern Plateau (Chhattisgarh),1,False,Eastern Plateau (Chhattisgarh),#97d5a4
Narayanpur,Narayanpur,CG,0.0,0.0,0.0,0.0,0.0,0.0,0.0,0.0,0.0,0.0,1313.4296617568814,0.0,0.0,Eastern Plateau (Chhotanagpur) & Eastern Ghats (Subhumid),1,False,Eastern Plateau (Chhotanagpur) & Eastern Ghats (Subhumid),#5cb7aa
Narayanpur,Orchha,CG,0.0,0.0,0.0,0.0,0.0,0.0,0.0,0.0,0.0,0.0,4053.400289501517,0.0,0.0,Eastern Plateau (Chhotanagpur) & Eastern Ghats (Subhumid),1,False,Eastern Plateau (Chhotanagpur) & Eastern Ghats (Subhumid),#5cb7aa
Raigarh,Baramkela,CG,0.0,0.0,0.0,0.0,0.0,0.0,0.0,0.0,0.0,770.2467001903404,2.8497380709136686,0.0,0.0,Eastern Plateau (Chhattisgarh); Eastern Plateau (Chhotanagpur) & Eastern Ghats (Subhumid),2,True,Shared: Eastern Plateau (Chhattisgarh) + Eastern Plateau (Chhotanagpur) & Eastern Ghats (Subhumid),#888888
Raigarh,Gharghoda,CG,0.0,0.0,0.0,0.0,0.0,0.0,0.0,0.0,0.0,685.6541665757987,0.0,0.0,0.0,Eastern Plateau (Chhattisgarh),1,False,Eastern Plateau (Chhattisgarh),#97d5a4
Raigarh,Kharsia,CG,0.0,0.0,0.0,0.0,0.0,0.0,0.0,0.0,0.0,601.8685509077684,0.0,0.0,0.0,Eastern Plateau (Chhattisgarh),1,False,Eastern Plateau (Chhattisgarh),#97d5a4
Raigarh,Lailunga,CG,0.0,0.0,0.0,0.0,0.0,0.0,0.0,0.0,0.0,925.0324567304888,4.590101495283095,0.0,0.0,Eastern Plateau (Chhattisgarh); Eastern Plateau (Chhotanagpur) & Eastern Ghats (Subhumid),2,True,Shared: Eastern Plateau (Chhattisgarh) + Eastern Plateau (Chhotanagpur) & Eastern Ghats (Subhumid),#888888
Raigarh,Pusour,CG,0.0,0.0,0.0,0.0,0.0,0.0,0.0,0.0,0.0,501.8232801003867,0.159220474166407,0.0,0.0,Eastern Plateau (Chhattisgarh); Eastern Plateau (Chhotanagpur) & Eastern Ghats (Subhumid),2,True,Shared: Eastern Plateau (Chhattisgarh) + Eastern Plateau (Chhotanagpur) & Eastern Ghats (Subhumid),#888888
Raigarh,Raigarh,CG,0.0,0.0,0.0,0.0,0.0,0.0,0.0,0.0,0.0,797.9545531414215,0.6007163540391103,0.0,0.0,Eastern Plateau (Chhattisgarh); Eastern Plateau (Chhotanagpur) & Eastern Ghats (Subhumid),2,True,Shared: Eastern Plateau (Chhattisgarh) + Eastern Plateau (Chhotanagpur) & Eastern Ghats (Subhumid),#888888
Raigarh,Sarangarh,CG,0.0,0.0,0.0,0.0,0.0,0.0,0.0,0.0,0.0,964.8806637771082,0.0,0.0,0.0,Eastern Plateau (Chhattisgarh),1,False,Eastern Plateau (Chhattisgarh),#97d5a4
Raigarh,Tamnar,CG,0.0,0.0,0.0,0.0,0.0,0.0,0.0,0.0,0.0,728.6502925780145,3.8076526664794814,0.0,0.0,Eastern Plateau (Chhattisgarh); Eastern Plateau (Chhotanagpur) & Eastern Ghats (Subhumid),2,True,Shared: Eastern Plateau (Chhattisgarh) + Eastern Plateau (Chhotanagpur) & Eastern Ghats (Subhumid),#888888
Raigarh,Udaipur (Dharamjaigarh),CG,0.0,0.0,0.0,0.0,0.0,0.0,0.0,0.0,0.0,2263.0328367558072,0.0,0.0,0.0,Eastern Plateau (Chhattisgarh),1,False,Eastern Plateau (Chhattisgarh),#97d5a4
Raipur,Abhanpur,CG,0.0,0.0,0.0,0.0,0.0,0.0,0.0,0.0,0.0,696.5832061247471,0.0,0.0,0.0,Eastern Plateau (Chhattisgarh),1,False,Eastern Plateau (Chhattisgarh),#97d5a4
Raipur,Arang,CG,0.0,0.0,0.0,0.0,0.0,0.0,0.0,0.0,0.0,1045.4796196089897,0.0,0.0,0.0,Eastern Plateau (Chhattisgarh),1,False,Eastern Plateau (Chhattisgarh),#97d5a4
Raipur,Raipur,CG,0.0,0.0,0.0,0.0,0.0,0.0,0.0,0.0,0.0,758.7362523145226,0.0,0.0,0.0,Eastern Plateau (Chhattisgarh),1,False,Eastern Plateau (Chhattisgarh),#97d5a4
Raipur,Tilda,CG,0.0,0.0,0.0,0.0,0.0,0.0,0.0,0.0,0.0,861.2650477887489,0.0,0.0,0.0,Eastern Plateau (Chhattisgarh),1,False,Eastern Plateau (Chhattisgarh),#97d5a4
Rajnandgaon,Ambagarh,CG,0.0,0.0,0.1207832853460662,0.0,0.0,0.0,0.0,0.0,0.0,632.0080995224824,1.9952993380378368,0.0,0.0,"Central Highlands (Malwa–Bundelkhand, Subhumid Dry); Eastern Plateau (Chhattisgarh); Eastern Plateau (Chhotanagpur) & Eastern Ghats (Subhumid)",3,True,"Shared: Central Highlands (Malwa–Bundelkhand, Subhumid Dry) + Eastern Plateau (Chhattisgarh) + Eastern Plateau (Chhotanagpur) & Eastern Ghats (Subhumid)",#888888
Rajnandgaon,Chhuikhadan,CG,0.0,0.0,2.45151488904467,0.0,0.0,0.0,0.0,0.0,0.0,1556.4891529100803,0.0,0.0,0.0,"Central Highlands (Malwa–Bundelkhand, Subhumid Dry); Eastern Plateau (Chhattisgarh)",2,True,"Shared: Central Highlands (Malwa–Bundelkhand, Subhumid Dry) + Eastern Plateau (Chhattisgarh)",#888888
Rajnandgaon,Chhuriya,CG,0.0,0.0,6.729650778312292,0.0,0.0,0.0,0.0,0.0,0.0,1170.424259830932,0.0,0.0,0.0,"Central Highlands (Malwa–Bundelkhand, Subhumid Dry); Eastern Plateau (Chhattisgarh)",2,True,"Shared: Central Highlands (Malwa–Bundelkhand, Subhumid Dry) + Eastern Plateau (Chhattisgarh)",#888888
Rajnandgaon,Dongargaon,CG,0.0,0.0,0.0,0.0,0.0,0.0,0.0,0.0,0.0,500.47885566290194,0.0,0.0,0.0,Eastern Plateau (Chhattisgarh),1,False,Eastern Plateau (Chhattisgarh),#97d5a4
Rajnandgaon,Dongargarh,CG,0.0,0.0,2.1655909806413365,0.0,0.0,0.0,0.0,0.0,0.0,1204.1948306341928,0.0,0.0,0.0,"Central Highlands (Malwa–Bundelkhand, Subhumid Dry); Eastern Plateau (Chhattisgarh)",2,True,"Shared: Central Highlands (Malwa–Bundelkhand, Subhumid Dry) + Eastern Plateau (Chhattisgarh)",#888888
Rajnandgaon,Khairagarh,CG,0.0,0.0,1.108864230401765,0.0,0.0,0.0,0.0,0.0,0.0,1154.5851274099764,0.0,0.0,0.0,"Central Highlands (Malwa–Bundelkhand, Subhumid Dry); Eastern Plateau (Chhattisgarh)",2,True,"Shared: Central Highlands (Malwa–Bundelkhand, Subhumid Dry) + Eastern Plateau (Chhattisgarh)",#888888
Rajnandgaon,Manpur,CG,0.0,0.0,0.0,0.0,0.0,0.0,0.0,0.0,0.0,671.4321610694059,630.680298344334,0.0,0.0,Eastern Plateau (Chhattisgarh); Eastern Plateau (Chhotanagpur) & Eastern Ghats (Subhumid),2,True,Shared: Eastern Plateau (Chhattisgarh) + Eastern Plateau (Chhotanagpur) & Eastern Ghats (Subhumid),#888888
Rajnandgaon,Mohla,CG,0.0,0.0,0.0,0.0,0.0,0.0,0.0,0.0,0.0,900.2919748243564,14.157974325051898,0.0,0.0,Eastern Plateau (Chhattisgarh); Eastern Plateau (Chhotanagpur) & Eastern Ghats (Subhumid),2,True,Shared: Eastern Plateau (Chhattisgarh) + Eastern Plateau (Chhotanagpur) & Eastern Ghats (Subhumid),#888888
Rajnandgaon,Rajnandgaon,CG,0.0,0.0,0.0,0.0,0.0,0.0,0.0,0.0,0.0,860.8428454621736,0.0,0.0,0.0,Eastern Plateau (Chhattisgarh),1,False,Eastern Plateau (Chhattisgarh),#97d5a4
Sukma,Chhindgarh,CG,0.0,0.0,0.0,0.0,0.0,0.0,0.0,0.0,0.0,0.0,951.7293873603456,0.0,0.0,Eastern Plateau (Chhotanagpur) & Eastern Ghats (Subhumid),1,False,Eastern Plateau (Chhotanagpur) & Eastern Ghats (Subhumid),#5cb7aa
Sukma,Konta,CG,0.0,0.0,0.0,46.1130636986913,0.0,0.0,0.0,0.0,0.0,0.0,4049.233453667235,0.0,0.0,Deccan Plateau (Telangana) & Eastern Ghats (Semi-Arid); Eastern Plateau (Chhotanagpur) & Eastern Ghats (Subhumid),2,True,Shared: Deccan Plateau (Telangana) & Eastern Ghats (Semi-Arid) + Eastern Plateau (Chhotanagpur) & Eastern Ghats (Subhumid),#888888
Sukma,Sukma,CG,0.0,0.0,0.0,0.0,0.0,0.0,0.0,0.0,0.0,0.0,1059.1359007191093,0.0,0.0,Eastern Plateau (Chhotanagpur) & Eastern Ghats (Subhumid),1,False,Eastern Plateau (Chhotanagpur) & Eastern Ghats (Subhumid),#5cb7aa
Surajpur,Bhaiyathan,CG,0.0,0.0,0.0,0.0,0.0,0.0,0.0,0.0,0.0,590.5689863734782,0.0,0.0,0.0,Eastern Plateau (Chhattisgarh),1,False,Eastern Plateau (Chhattisgarh),#97d5a4
Surajpur,Oudgi,CG,0.0,0.0,4.9649241539717615,0.0,0.0,0.0,0.0,0.0,0.0,2110.6114931585967,0.0,0.0,0.0,"Central Highlands (Malwa–Bundelkhand, Subhumid Dry); Eastern Plateau (Chhattisgarh)",2,True,"Shared: Central Highlands (Malwa–Bundelkhand, Subhumid Dry) + Eastern Plateau (Chhattisgarh)",#888888
Surajpur,Pratappur,CG,0.0,0.0,0.0,0.0,0.0,0.0,0.0,0.0,0.0,1631.8744106120462,0.0,0.0,0.0,Eastern Plateau (Chhattisgarh),1,False,Eastern Plateau (Chhattisgarh),#97d5a4
Surajpur,Premnagar,CG,0.0,0.0,0.0,0.0,0.0,0.0,0.0,0.0,0.0,745.5440552461631,0.0,0.0,0.0,Eastern Plateau (Chhattisgarh),1,False,Eastern Plateau (Chhattisgarh),#97d5a4
Surajpur,Ramanujnagar,CG,0.0,0.0,0.0,0.0,0.0,0.0,0.0,0.0,0.0,601.8968580943986,0.0,0.0,0.0,Eastern Plateau (Chhattisgarh),1,False,Eastern Plateau (Chhattisgarh),#97d5a4
Surajpur,Surajpur,CG,0.0,0.0,0.0,0.0,0.0,0.0,0.0,0.0,0.0,820.2175200026747,0.0,0.0,0.0,Eastern Plateau (Chhattisgarh),1,False,Eastern Plateau (Chhattisgarh),#97d5a4
Surguja,Ambikapur,CG,0.0,0.0,0.0,0.0,0.0,0.0,0.0,0.0,0.0,694.4280827991595,0.0,0.0,0.0,Eastern Plateau (Chhattisgarh),1,False,Eastern Plateau (Chhattisgarh),#97d5a4
Surguja,Batouli,CG,0.0,0.0,0.0,0.0,0.0,0.0,0.0,0.0,0.0,414.5736513530961,0.0,0.0,0.0,Eastern Plateau (Chhattisgarh),1,False,Eastern Plateau (Chhattisgarh),#97d5a4
Surguja,Lakhanpur,CG,0.0,0.0,0.0,0.0,0.0,0.0,0.0,0.0,0.0,713.7179476950986,0.0,0.0,0.0,Eastern Plateau (Chhattisgarh),1,False,Eastern Plateau (Chhattisgarh),#97d5a4
Surguja,Lundra,CG,0.0,0.0,0.0,0.0,0.0,0.0,0.0,0.0,0.0,714.686970229424,0.0,0.0,0.0,Eastern Plateau (Chhattisgarh),1,False,Eastern Plateau (Chhattisgarh),#97d5a4
Surguja,Mainpat,CG,0.0,0.0,0.0,0.0,0.0,0.0,0.0,0.0,0.0,641.5623216586425,0.0,0.0,0.0,Eastern Plateau (Chhattisgarh),1,False,Eastern Plateau (Chhattisgarh),#97d5a4
Surguja,Sitapur,CG,0.0,0.0,0.0,0.0,0.0,0.0,0.0,0.0,0.0,488.9306092615458,0.0,0.0,0.0,Eastern Plateau (Chhattisgarh),1,False,Eastern Plateau (Chhattisgarh),#97d5a4
Surguja,Udaypur,CG,0.0,0.0,0.0,0.0,0.0,0.0,0.0,0.0,0.0,1078.804115108195,0.0,0.0,0.0,Eastern Plateau (Chhattisgarh),1,False,Eastern Plateau (Chhattisgarh),#97d5a4
Bagalkote,Badami,KA,0.0,0.0,0.0,0.0,172.80863156786648,0.0,0.0,0.0,0.0,0.0,0.0,976.0035325776146,0.0,Deccan Plateau (Semi-Arid); Karnataka Plateau (incl. Rayalaseema),2,True,Shared: Deccan Plateau (Semi-Arid) + Karnataka Plateau (incl. Rayalaseema),#888888
Bagalkote,Bagalkot,KA,0.0,0.0,0.0,0.0,0.0,0.0,0.0,0.0,0.0,0.0,0.0,1046.7771301426656,0.0,Karnataka Plateau (incl. Rayalaseema),1,False,Karnataka Plateau (incl. Rayalaseema),#3682ba
Bagalkote,Bilgi,KA,0.0,0.0,0.0,0.0,0.0,0.0,0.0,0.0,0.0,0.0,0.0,831.8893166228818,0.0,Karnataka Plateau (incl. Rayalaseema),1,False,Karnataka Plateau (incl. Rayalaseema),#3682ba
Bagalkote,Guledgudda,KA,0.0,0.0,0.0,0.0,0.0,0.0,0.0,0.0,0.0,0.0,0.0,364.89684084270624,0.0,Karnataka Plateau (incl. Rayalaseema),1,False,Karnataka Plateau (incl. Rayalaseema),#3682ba
Bagalkote,Hungund,KA,0.0,0.0,0.0,0.0,0.0,0.0,0.0,0.0,0.0,0.0,0.0,768.9585608172265,0.0,Karnataka Plateau (incl. Rayalaseema),1,False,Karnataka Plateau (incl. Rayalaseema),#3682ba
Bagalkote,Ilkal,KA,0.0,0.0,0.0,0.0,28.89302426135069,0.0,0.0,0.0,0.0,0.0,0.0,653.4833767225504,0.0,Deccan Plateau (Semi-Arid); Karnataka Plateau (incl. Rayalaseema),2,True,Shared: Deccan Plateau (Semi-Arid) + Karnataka Plateau (incl. Rayalaseema),#888888
Bagalkote,Jamkhandi,KA,0.0,0.0,0.0,0.0,0.1039323321738837,0.0,0.0,0.0,0.0,0.0,0.0,950.76949938147,0.0,Deccan Plateau (Semi-Arid); Karnataka Plateau (incl. Rayalaseema),2,True,Shared: Deccan Plateau (Semi-Arid) + Karnataka Plateau (incl. Rayalaseema),#888888
Bagalkote,Mudhol,KA,0.0,0.0,0.0,0.0,9.280703140464407,0.0,0.0,0.0,0.0,0.0,0.0,901.9737506493648,0.0,Deccan Plateau (Semi-Arid); Karnataka Plateau (incl. Rayalaseema),2,True,Shared: Deccan Plateau (Semi-Arid) + Karnataka Plateau (incl. Rayalaseema),#888888
Bagalkote,Rabakavi Banahatti,KA,0.0,0.0,0.0,0.0,157.4667731505156,0.0,0.0,0.0,0.0,0.0,0.0,284.8033833616913,0.0,Deccan Plateau (Semi-Arid); Karnataka Plateau (incl. Rayalaseema),2,True,Shared: Deccan Plateau (Semi-Arid) + Karnataka Plateau (incl. Rayalaseema),#888888
Ballari,Ballari,KA,0.0,0.0,0.0,1.911870308541772,0.0,0.0,0.0,0.0,0.0,0.0,0.0,1237.6307430487404,0.0,Deccan Plateau (Telangana) & Eastern Ghats (Semi-Arid); Karnataka Plateau (incl. Rayalaseema),2,True,Shared: Deccan Plateau (Telangana) & Eastern Ghats (Semi-Arid) + Karnataka Plateau (incl. Rayalaseema),#888888
Ballari,Hadagalli,KA,0.0,0.0,0.0,0.0,381.29401508417976,0.0,0.0,0.0,0.0,0.0,0.0,637.9092356237682,0.0,Deccan Plateau (Semi-Arid); Karnataka Plateau (incl. Rayalaseema),2,True,Shared: Deccan Plateau (Semi-Arid) + Karnataka Plateau (incl. Rayalaseema),#888888
Ballari,Hagaribommanahalli,KA,0.0,0.0,0.0,0.0,0.0,0.0,0.0,0.0,0.0,0.0,0.0,987.1702560335964,0.0,Karnataka Plateau (incl. Rayalaseema),1,False,Karnataka Plateau (incl. Rayalaseema),#3682ba
Ballari,Hosapete,KA,0.0,0.0,0.0,0.0,0.0,0.0,0.0,0.0,0.0,0.0,0.0,708.5113138899832,0.0,Karnataka Plateau (incl. Rayalaseema),1,False,Karnataka Plateau (incl. Rayalaseema),#3682ba
Ballari,Kampli,KA,0.0,0.0,0.0,0.0,0.0,0.0,0.0,0.0,0.0,0.0,0.0,303.86423868484843,0.0,Karnataka Plateau (incl. Rayalaseema),1,False,Karnataka Plateau (incl. Rayalaseema),#3682ba
Ballari,Kotturu,KA,0.0,0.0,0.0,0.0,0.0,0.0,0.0,0.0,0.0,0.0,0.0,598.8847412592261,0.0,Karnataka Plateau (incl. Rayalaseema),1,False,Karnataka Plateau (incl. Rayalaseema),#3682ba
Ballari,Kudligi,KA,0.0,0.0,0.0,0.0,0.0,0.0,0.0,0.0,0.0,0.0,0.0,1217.495465233343,0.0,Karnataka Plateau (incl. Rayalaseema),1,False,Karnataka Plateau (incl. Rayalaseema),#3682ba
Ballari,Kurugodu,KA,0.0,0.0,0.0,0.0,0.0,0.0,0.0,0.0,0.0,0.0,0.0,590.6743051393555,0.0,Karnataka Plateau (incl. Rayalaseema),1,False,Karnataka Plateau (incl. Rayalaseema),#3682ba
Ballari,Sandur,KA,0.0,0.0,0.0,0.0,0.0,0.0,0.0,0.0,0.0,0.0,0.0,1346.4085685178636,0.0,Karnataka Plateau (incl. Rayalaseema),1,False,Karnataka Plateau (incl. Rayalaseema),#3682ba
Ballari,Siruguppa,KA,0.0,0.0,0.0,4.477673796430514,638.5781384986598,0.0,0.0,0.0,0.0,0.0,0.0,477.9613389959006,0.0,Deccan Plateau (Telangana) & Eastern Ghats (Semi-Arid); Deccan Plateau (Semi-Arid); Karnataka Plateau (incl. Rayalaseema),3,True,Shared: Deccan Plateau (Telangana) & Eastern Ghats (Semi-Arid) + Deccan Plateau (Semi-Arid) + Karnataka Plateau (incl. Rayalaseema),#888888
Belagavi,Athni,KA,0.0,0.0,0.0,0.0,1230.375136358591,0.0,0.0,0.0,0.0,0.0,0.0,436.9639671559633,0.0,Deccan Plateau (Semi-Arid); Karnataka Plateau (incl. Rayalaseema),2,True,Shared: Deccan Plateau (Semi-Arid) + Karnataka Plateau (incl. Rayalaseema),#888888
Belagavi,Bailahongala,KA,0.0,0.0,0.0,0.0,819.2798788593553,0.0,0.0,0.0,0.0,0.0,0.0,0.0,0.0,Deccan Plateau (Semi-Arid),1,False,Deccan Plateau (Semi-Arid),#fa9b58
Belagavi,Belagavi,KA,0.0,0.0,0.0,0.0,1070.8147379039074,0.0,0.0,0.0,0.0,0.0,0.0,0.0,27.16272411190487,Deccan Plateau (Semi-Arid); Western Ghats & Coastal Plain (Humid–Perhumid),2,True,Shared: Deccan Plateau (Semi-Arid) + Western Ghats & Coastal Plain (Humid–Perhumid),#888888
Belagavi,Chikodi,KA,0.0,0.0,0.0,0.0,950.8936775664204,0.0,0.0,0.0,0.0,0.0,0.0,0.0,0.0,Deccan Plateau (Semi-Arid),1,False,Deccan Plateau (Semi-Arid),#fa9b58
Belagavi,Gokak,KA,0.0,0.0,0.0,0.0,1148.038488225197,0.0,0.0,0.0,0.0,0.0,0.0,0.0,0.0,Deccan Plateau (Semi-Arid),1,False,Deccan Plateau (Semi-Arid),#fa9b58
Belagavi,Hukeri,KA,0.0,0.0,0.0,0.0,1072.79580063935,0.0,0.0,0.0,0.0,0.0,0.0,0.0,0.0,Deccan Plateau (Semi-Arid),1,False,Deccan Plateau (Semi-Arid),#fa9b58
Belagavi,Kagwad,KA,0.0,0.0,0.0,0.0,499.1773159459023,0.0,0.0,0.0,0.0,0.0,0.0,0.0,0.0,Deccan Plateau (Semi-Arid),1,False,Deccan Plateau (Semi-Arid),#fa9b58
Belagavi,Khanapur,KA,0.0,0.0,0.0,0.0,985.2308514210224,0.0,0.0,0.0,0.0,0.0,0.0,0.0,856.5400926696337,Deccan Plateau (Semi-Arid); Western Ghats & Coastal Plain (Humid–Perhumid),2,True,Shared: Deccan Plateau (Semi-Arid) + Western Ghats & Coastal Plain (Humid–Perhumid),#888888
Belagavi,Kittur,KA,0.0,0.0,0.0,0.0,388.023342578762,0.0,0.0,0.0,0.0,0.0,0.0,0.0,0.0,Deccan Plateau (Semi-Arid),1,False,Deccan Plateau (Semi-Arid),#fa9b58
Belagavi,Mudalgi,KA,0.0,0.0,0.0,0.0,578.741149553607,0.0,0.0,0.0,0.0,0.0,0.0,45.06616465940857,0.0,Deccan Plateau (Semi-Arid); Karnataka Plateau (incl. Rayalaseema),2,True,Shared: Deccan Plateau (Semi-Arid) + Karnataka Plateau (incl. Rayalaseema),#888888
Belagavi,Nippani,KA,0.0,0.0,0.0,0.0,497.1421171240867,0.0,0.0,0.0,0.0,0.0,0.0,0.0,0.0,Deccan Plateau (Semi-Arid),1,False,Deccan Plateau (Semi-Arid),#fa9b58
Belagavi,Ramdurg,KA,0.0,0.0,0.0,0.0,1187.9846641704526,0.0,0.0,0.0,0.0,0.0,0.0,107.41136295123997,0.0,Deccan Plateau (Semi-Arid); Karnataka Plateau (incl. Rayalaseema),2,True,Shared: Deccan Plateau (Semi-Arid) + Karnataka Plateau (incl. Rayalaseema),#888888
Belagavi,Raybag,KA,0.0,0.0,0.0,0.0,1034.9803047218531,0.0,0.0,0.0,0.0,0.0,0.0,1.9399808377408227,0.0,Deccan Plateau (Semi-Arid); Karnataka Plateau (incl. Rayalaseema),2,True,Shared: Deccan Plateau (Semi-Arid) + Karnataka Plateau (incl. Rayalaseema),#888888
Belagavi,Savadatti,KA,0.0,0.0,0.0,0.0,1694.2809282206435,0.0,0.0,0.0,0.0,0.0,0.0,0.0,0.0,Deccan Plateau (Semi-Arid),1,False,Deccan Plateau (Semi-Arid),#fa9b58
Bengaluru Rural,Devanahalli,KA,0.0,0.0,0.0,0.0,0.0,0.0,477.43746966785136,0.0,0.0,0.0,0.0,0.0,0.0,"Eastern Ghats, TN Uplands & Deccan (Karnataka) Plateau (Semi-Arid)",1,False,"Eastern Ghats, TN Uplands & Deccan (Karnataka) Plateau (Semi-Arid)",#f4faad
Bengaluru Rural,Dodda Ballapur,KA,0.0,0.0,0.0,0.0,0.0,0.0,851.8589171674043,0.0,0.0,0.0,0.0,0.0,0.0,"Eastern Ghats, TN Uplands & Deccan (Karnataka) Plateau (Semi-Arid)",1,False,"Eastern Ghats, TN Uplands & Deccan (Karnataka) Plateau (Semi-Arid)",#f4faad
Bengaluru Rural,Hosakote,KA,0.0,0.0,0.0,0.0,0.0,0.0,576.4597107400846,0.0,0.0,0.0,0.0,0.0,0.0,"Eastern Ghats, TN Uplands & Deccan (Karnataka) Plateau (Semi-Arid)",1,False,"Eastern Ghats, TN Uplands & Deccan (Karnataka) Plateau (Semi-Arid)",#f4faad
Bengaluru Rural,Nelamangala,KA,0.0,0.0,0.0,0.0,0.0,0.0,534.0878161078235,0.0,0.0,0.0,0.0,0.0,0.0,"Eastern Ghats, TN Uplands & Deccan (Karnataka) Plateau (Semi-Arid)",1,False,"Eastern Ghats, TN Uplands & Deccan (Karnataka) Plateau (Semi-Arid)",#f4faad
Bengaluru Urban,Anekal,KA,0.0,0.0,0.0,0.0,0.0,0.0,553.6443913037178,0.0,0.0,0.0,0.0,0.0,0.0,"Eastern Ghats, TN Uplands & Deccan (Karnataka) Plateau (Semi-Arid)",1,False,"Eastern Ghats, TN Uplands & Deccan (Karnataka) Plateau (Semi-Arid)",#f4faad
Bengaluru Urban,Area Not Under Any Sub-district,KA,0.0,0.0,0.0,0.0,0.0,0.0,749.3409825793993,0.0,0.0,0.0,0.0,0.0,0.0,"Eastern Ghats, TN Uplands & Deccan (Karnataka) Plateau (Semi-Arid)",1,False,"Eastern Ghats, TN Uplands & Deccan (Karnataka) Plateau (Semi-Arid)",#f4faad
Bengaluru Urban,Bengaluru East,KA,0.0,0.0,0.0,0.0,0.0,0.0,132.12444831696976,0.0,0.0,0.0,0.0,0.0,0.0,"Eastern Ghats, TN Uplands & Deccan (Karnataka) Plateau (Semi-Arid)",1,False,"Eastern Ghats, TN Uplands & Deccan (Karnataka) Plateau (Semi-Arid)",#f4faad
Bengaluru Urban,Bengaluru North,KA,0.0,0.0,0.0,0.0,0.0,0.0,190.54236317519585,0.0,0.0,0.0,0.0,0.0,0.0,"Eastern Ghats, TN Uplands & Deccan (Karnataka) Plateau (Semi-Arid)",1,False,"Eastern Ghats, TN Uplands & Deccan (Karnataka) Plateau (Semi-Arid)",#f4faad
Bengaluru Urban,Bengaluru South,KA,0.0,0.0,0.0,0.0,0.0,0.0,364.97984071752046,0.0,0.0,0.0,0.0,0.0,0.0,"Eastern Ghats, TN Uplands & Deccan (Karnataka) Plateau (Semi-Arid)",1,False,"Eastern Ghats, TN Uplands & Deccan (Karnataka) Plateau (Semi-Arid)",#f4faad
Bengaluru Urban,Yelahanka,KA,0.0,0.0,0.0,0.0,0.0,0.0,335.75280823899607,0.0,0.0,0.0,0.0,0.0,0.0,"Eastern Ghats, TN Uplands & Deccan (Karnataka) Plateau (Semi-Arid)",1,False,"Eastern Ghats, TN Uplands & Deccan (Karnataka) Plateau (Semi-Arid)",#f4faad
Bidar,Aurad,KA,0.0,0.0,0.0,0.1954204535175886,854.7125585627182,0.0,0.0,0.0,0.0,0.0,0.0,0.0,0.0,Deccan Plateau (Telangana) & Eastern Ghats (Semi-Arid); Deccan Plateau (Semi-Arid),2,True,Shared: Deccan Plateau (Telangana) & Eastern Ghats (Semi-Arid) + Deccan Plateau (Semi-Arid),#888888
Bidar,Basavakalyan,KA,0.0,0.0,0.0,0.0,1093.4936346057348,0.0,0.0,0.0,0.0,0.0,0.0,0.0,0.0,Deccan Plateau (Semi-Arid),1,False,Deccan Plateau (Semi-Arid),#fa9b58
Bidar,Bhalki,KA,0.0,0.0,0.0,0.0,1295.6165851127214,0.0,0.0,0.0,0.0,0.0,0.0,0.0,0.0,Deccan Plateau (Semi-Arid),1,False,Deccan Plateau (Semi-Arid),#fa9b58
Bidar,Bidar,KA,0.0,0.0,0.0,4.90451205265502,1013.129308237876,0.0,0.0,0.0,0.0,0.0,0.0,0.0,0.0,Deccan Plateau (Telangana) & Eastern Ghats (Semi-Arid); Deccan Plateau (Semi-Arid),2,True,Shared: Deccan Plateau (Telangana) & Eastern Ghats (Semi-Arid) + Deccan Plateau (Semi-Arid),#888888
Bidar,Chitaguppa,KA,0.0,0.0,0.0,0.2010761403866779,467.5102754919435,0.0,0.0,0.0,0.0,0.0,0.0,0.0,0.0,Deccan Plateau (Telangana) & Eastern Ghats (Semi-Arid); Deccan Plateau (Semi-Arid),2,True,Shared: Deccan Plateau (Telangana) & Eastern Ghats (Semi-Arid) + Deccan Plateau (Semi-Arid),#888888
Bidar,Homnabad,KA,0.0,0.0,0.0,0.0,561.9372822706571,0.0,0.0,0.0,0.0,0.0,0.0,0.0,0.0,Deccan Plateau (Semi-Arid),1,False,Deccan Plateau (Semi-Arid),#fa9b58
Bidar,Hulsoor,KA,0.0,0.0,0.0,0.0,234.56327415239605,0.0,0.0,0.0,0.0,0.0,0.0,0.0,0.0,Deccan Plateau (Semi-Arid),1,False,Deccan Plateau (Semi-Arid),#fa9b58
Bidar,Kamalnagar,KA,0.0,0.0,0.0,0.0,520.6229365454262,0.0,0.0,0.0,0.0,0.0,0.0,0.0,0.0,Deccan Plateau (Semi-Arid),1,False,Deccan Plateau (Semi-Arid),#fa9b58
Chamarajanagara,Chamarajanagar,KA,0.0,0.0,0.0,0.0,0.0,0.0,1274.51370210053,0.0,0.0,0.0,0.0,0.0,0.0,"Eastern Ghats, TN Uplands & Deccan (Karnataka) Plateau (Semi-Arid)",1,False,"Eastern Ghats, TN Uplands & Deccan (Karnataka) Plateau (Semi-Arid)",#f4faad
Chamarajanagara,Gundlupet,KA,0.0,0.0,0.0,0.0,0.0,0.0,1411.1211631799558,0.0,0.0,0.0,0.0,0.0,39.11561142163772,"Eastern Ghats, TN Uplands & Deccan (Karnataka) Plateau (Semi-Arid); Western Ghats & Coastal Plain (Humid–Perhumid)",2,True,"Shared: Eastern Ghats, TN Uplands & Deccan (Karnataka) Plateau (Semi-Arid) + Western Ghats & Coastal Plain (Humid–Perhumid)",#888888
Chamarajanagara,Hanur,KA,0.0,0.0,0.0,0.0,0.0,0.0,2385.82615714904,0.0,0.0,0.0,0.0,0.0,0.0,"Eastern Ghats, TN Uplands & Deccan (Karnataka) Plateau (Semi-Arid)",1,False,"Eastern Ghats, TN Uplands & Deccan (Karnataka) Plateau (Semi-Arid)",#f4faad
Chamarajanagara,Kollegal,KA,0.0,0.0,0.0,0.0,0.0,0.0,533.9672520452644,0.0,0.0,0.0,0.0,0.0,0.0,"Eastern Ghats, TN Uplands & Deccan (Karnataka) Plateau (Semi-Arid)",1,False,"Eastern Ghats, TN Uplands & Deccan (Karnataka) Plateau (Semi-Arid)",#f4faad
Chamarajanagara,Yelandur,KA,0.0,0.0,0.0,0.0,0.0,0.0,292.57927665022936,0.0,0.0,0.0,0.0,0.0,0.0,"Eastern Ghats, TN Uplands & Deccan (Karnataka) Plateau (Semi-Arid)",1,False,"Eastern Ghats, TN Uplands & Deccan (Karnataka) Plateau (Semi-Arid)",#f4faad
Chikkaballapura,Bagepalli,KA,0.0,0.0,0.0,0.0,0.0,0.0,1022.4330691975864,0.0,0.0,0.0,0.0,9.754035502180914,0.0,"Eastern Ghats, TN Uplands & Deccan (Karnataka) Plateau (Semi-Arid); Karnataka Plateau (incl. Rayalaseema)",2,True,"Shared: Eastern Ghats, TN Uplands & Deccan (Karnataka) Plateau (Semi-Arid) + Karnataka Plateau (incl. Rayalaseema)",#888888
Chikkaballapura,Chikkaballapura,KA,0.0,0.0,0.0,0.0,0.0,0.0,639.3507702935007,0.0,0.0,0.0,0.0,0.0,0.0,"Eastern Ghats, TN Uplands & Deccan (Karnataka) Plateau (Semi-Arid)",1,False,"Eastern Ghats, TN Uplands & Deccan (Karnataka) Plateau (Semi-Arid)",#f4faad
Chikkaballapura,Chintamani,KA,0.0,0.0,0.0,0.0,0.0,0.0,959.2584389722332,0.0,0.0,0.0,0.0,0.0,0.0,"Eastern Ghats, TN Uplands & Deccan (Karnataka) Plateau (Semi-Arid)",1,False,"Eastern Ghats, TN Uplands & Deccan (Karnataka) Plateau (Semi-Arid)",#f4faad
Chikkaballapura,Gauribidanur,KA,0.0,0.0,0.0,0.0,0.0,0.0,927.8365225200027,0.0,0.0,0.0,0.0,5.87326885650561,0.0,"Eastern Ghats, TN Uplands & Deccan (Karnataka) Plateau (Semi-Arid); Karnataka Plateau (incl. Rayalaseema)",2,True,"Shared: Eastern Ghats, TN Uplands & Deccan (Karnataka) Plateau (Semi-Arid) + Karnataka Plateau (incl. Rayalaseema)",#888888
Chikkaballapura,Gudibanda,KA,0.0,0.0,0.0,0.0,0.0,0.0,239.0770810487661,0.0,0.0,0.0,0.0,1.3140561056404316,0.0,"Eastern Ghats, TN Uplands & Deccan (Karnataka) Plateau (Semi-Arid); Karnataka Plateau (incl. Rayalaseema)",2,True,"Shared: Eastern Ghats, TN Uplands & Deccan (Karnataka) Plateau (Semi-Arid) + Karnataka Plateau (incl. Rayalaseema)",#888888
Chikkaballapura,Sidlaghatta,KA,0.0,0.0,0.0,0.0,0.0,0.0,712.6035969238433,0.0,0.0,0.0,0.0,0.0,0.0,"Eastern Ghats, TN Uplands & Deccan (Karnataka) Plateau (Semi-Arid)",1,False,"Eastern Ghats, TN Uplands & Deccan (Karnataka) Plateau (Semi-Arid)",#f4faad
Chikkamagaluru,Ajjampura,KA,0.0,0.0,0.0,0.0,0.0,0.0,586.830881289457,0.0,0.0,0.0,0.0,0.0,0.0,"Eastern Ghats, TN Uplands & Deccan (Karnataka) Plateau (Semi-Arid)",1,False,"Eastern Ghats, TN Uplands & Deccan (Karnataka) Plateau (Semi-Arid)",#f4faad
Chikkamagaluru,Chikkamagaluru,KA,0.0,0.0,0.0,0.0,0.0,0.0,401.81670039645513,0.0,0.0,0.0,0.0,0.0,1326.417702983187,"Eastern Ghats, TN Uplands & Deccan (Karnataka) Plateau (Semi-Arid); Western Ghats & Coastal Plain (Humid–Perhumid)",2,True,"Shared: Eastern Ghats, TN Uplands & Deccan (Karnataka) Plateau (Semi-Arid) + Western Ghats & Coastal Plain (Humid–Perhumid)",#888888
Chikkamagaluru,Kadur,KA,0.0,0.0,0.0,0.0,0.0,0.0,1333.145180719791,0.0,0.0,0.0,0.0,0.0,0.0,"Eastern Ghats, TN Uplands & Deccan (Karnataka) Plateau (Semi-Arid)",1,False,"Eastern Ghats, TN Uplands & Deccan (Karnataka) Plateau (Semi-Arid)",#f4faad
Chikkamagaluru,Koppa,KA,0.0,0.0,0.0,0.0,0.0,0.0,0.0,0.0,0.0,0.0,0.0,0.0,634.1372491568281,Western Ghats & Coastal Plain (Humid–Perhumid),1,False,Western Ghats & Coastal Plain (Humid–Perhumid),#5e4fa2
Chikkamagaluru,Mudigere,KA,0.0,0.0,0.0,0.0,0.0,0.0,0.0,0.0,0.0,0.0,0.0,0.0,1192.8454374631035,Western Ghats & Coastal Plain (Humid–Perhumid),1,False,Western Ghats & Coastal Plain (Humid–Perhumid),#5e4fa2
Chikkamagaluru,Narasimharajapura,KA,0.0,0.0,0.0,0.0,0.0,0.0,4.097448830297178,0.0,0.0,0.0,0.0,0.0,850.7631979503152,"Eastern Ghats, TN Uplands & Deccan (Karnataka) Plateau (Semi-Arid); Western Ghats & Coastal Plain (Humid–Perhumid)",2,True,"Shared: Eastern Ghats, TN Uplands & Deccan (Karnataka) Plateau (Semi-Arid) + Western Ghats & Coastal Plain (Humid–Perhumid)",#888888
Chikkamagaluru,Sringeri,KA,0.0,0.0,0.0,0.0,0.0,0.0,0.0,0.0,0.0,0.0,0.0,0.0,439.3225374974416,Western Ghats & Coastal Plain (Humid–Perhumid),1,False,Western Ghats & Coastal Plain (Humid–Perhumid),#5e4fa2
Chikkamagaluru,Tarikere,KA,0.0,0.0,0.0,0.0,0.0,0.0,683.957800332148,0.0,0.0,0.0,0.0,0.0,207.79356115896425,"Eastern Ghats, TN Uplands & Deccan (Karnataka) Plateau (Semi-Arid); Western Ghats & Coastal Plain (Humid–Perhumid)",2,True,"Shared: Eastern Ghats, TN Uplands & Deccan (Karnataka) Plateau (Semi-Arid) + Western Ghats & Coastal Plain (Humid–Perhumid)",#888888
Chitradurga,Challakere,KA,0.0,0.0,0.0,0.0,0.0,0.0,319.54879182727746,0.0,0.0,0.0,0.0,1927.678687116092,0.0,"Eastern Ghats, TN Uplands & Deccan (Karnataka) Plateau (Semi-Arid); Karnataka Plateau (incl. Rayalaseema)",2,True,"Shared: Eastern Ghats, TN Uplands & Deccan (Karnataka) Plateau (Semi-Arid) + Karnataka Plateau (incl. Rayalaseema)",#888888
Chitradurga,Chitradurga,KA,0.0,0.0,0.0,0.0,0.0,0.0,1323.918304284858,0.0,0.0,0.0,0.0,145.9540089846799,0.0,"Eastern Ghats, TN Uplands & Deccan (Karnataka) Plateau (Semi-Arid); Karnataka Plateau (incl. Rayalaseema)",2,True,"Shared: Eastern Ghats, TN Uplands & Deccan (Karnataka) Plateau (Semi-Arid) + Karnataka Plateau (incl. Rayalaseema)",#888888
Chitradurga,Hiriyur,KA,0.0,0.0,0.0,0.0,0.0,0.0,1819.045994544147,0.0,0.0,0.0,0.0,0.9527952201399662,0.0,"Eastern Ghats, TN Uplands & Deccan (Karnataka) Plateau (Semi-Arid); Karnataka Plateau (incl. Rayalaseema)",2,True,"Shared: Eastern Ghats, TN Uplands & Deccan (Karnataka) Plateau (Semi-Arid) + Karnataka Plateau (incl. Rayalaseema)",#888888
Chitradurga,Holalkere,KA,0.0,0.0,0.0,0.0,0.0,0.0,1152.8234024364433,0.0,0.0,0.0,0.0,0.0,0.0,"Eastern Ghats, TN Uplands & Deccan (Karnataka) Plateau (Semi-Arid)",1,False,"Eastern Ghats, TN Uplands & Deccan (Karnataka) Plateau (Semi-Arid)",#f4faad
Chitradurga,Hosdurga,KA,0.0,0.0,0.0,0.0,0.0,0.0,1543.529745085666,0.0,0.0,0.0,0.0,0.0,0.0,"Eastern Ghats, TN Uplands & Deccan (Karnataka) Plateau (Semi-Arid)",1,False,"Eastern Ghats, TN Uplands & Deccan (Karnataka) Plateau (Semi-Arid)",#f4faad
Chitradurga,Molakalmuru,KA,0.0,0.0,0.0,0.0,0.0,0.0,0.0,0.0,0.0,0.0,0.0,794.1644302628782,0.0,Karnataka Plateau (incl. Rayalaseema),1,False,Karnataka Plateau (incl. Rayalaseema),#3682ba
Dakshina Kannada,Bantval,KA,0.0,0.0,0.0,0.0,0.0,0.0,0.0,0.0,0.0,0.0,0.0,0.0,785.4359183247938,Western Ghats & Coastal Plain (Humid–Perhumid),1,False,Western Ghats & Coastal Plain (Humid–Perhumid),#5e4fa2
Dakshina Kannada,Beltangadi,KA,0.0,0.0,0.0,0.0,0.0,0.0,0.0,0.0,0.0,0.0,0.0,0.0,1464.0008473861324,Western Ghats & Coastal Plain (Humid–Perhumid),1,False,Western Ghats & Coastal Plain (Humid–Perhumid),#5e4fa2
Dakshina Kannada,Kadaba,KA,0.0,0.0,0.0,0.0,0.0,0.0,0.0,0.0,0.0,0.0,0.0,0.0,772.5935207527452,Western Ghats & Coastal Plain (Humid–Perhumid),1,False,Western Ghats & Coastal Plain (Humid–Perhumid),#5e4fa2
Dakshina Kannada,Mangaluru,KA,0.0,0.0,0.0,0.0,0.0,0.0,0.0,0.0,0.0,0.0,0.0,0.0,600.9787655897258,Western Ghats & Coastal Plain (Humid–Perhumid),1,False,Western Ghats & Coastal Plain (Humid–Perhumid),#5e4fa2
Dakshina Kannada,Moodubidire,KA,0.0,0.0,0.0,0.0,0.0,0.0,0.0,0.0,0.0,0.0,0.0,0.0,316.96870074284124,Western Ghats & Coastal Plain (Humid–Perhumid),1,False,Western Ghats & Coastal Plain (Humid–Perhumid),#5e4fa2
Dakshina Kannada,Puttur,KA,0.0,0.0,0.0,0.0,0.0,0.0,0.0,0.0,0.0,0.0,0.0,0.0,447.0933431048217,Western Ghats & Coastal Plain (Humid–Perhumid),1,False,Western Ghats & Coastal Plain (Humid–Perhumid),#5e4fa2
Dakshina Kannada,Sulya,KA,0.0,0.0,0.0,0.0,0.0,0.0,0.0,0.0,0.0,0.0,0.0,0.0,763.4995090073987,Western Ghats & Coastal Plain (Humid–Perhumid),1,False,Western Ghats & Coastal Plain (Humid–Perhumid),#5e4fa2
Davangere,Channagiri,KA,0.0,0.0,0.0,0.0,0.0,0.0,1295.8241039658174,0.0,0.0,0.0,0.0,0.0,0.0,"Eastern Ghats, TN Uplands & Deccan (Karnataka) Plateau (Semi-Arid)",1,False,"Eastern Ghats, TN Uplands & Deccan (Karnataka) Plateau (Semi-Arid)",#f4faad
Davangere,Davanagere,KA,0.0,0.0,0.0,0.0,0.0,0.0,1020.9566420356352,0.0,0.0,0.0,0.0,0.0,0.0,"Eastern Ghats, TN Uplands & Deccan (Karnataka) Plateau (Semi-Arid)",1,False,"Eastern Ghats, TN Uplands & Deccan (Karnataka) Plateau (Semi-Arid)",#f4faad
Davangere,Harapanahalli,KA,0.0,0.0,0.0,0.0,92.7080045119463,0.0,582.9677659617877,0.0,0.0,0.0,0.0,870.5772308329203,0.0,"Deccan Plateau (Semi-Arid); Eastern Ghats, TN Uplands & Deccan (Karnataka) Plateau (Semi-Arid); Karnataka Plateau (incl. Rayalaseema)",3,True,"Shared: Deccan Plateau (Semi-Arid) + Eastern Ghats, TN Uplands & Deccan (Karnataka) Plateau (Semi-Arid) + Karnataka Plateau (incl. Rayalaseema)",#888888
Davangere,Harihar,KA,0.0,0.0,0.0,0.0,22.76873407778411,0.0,502.65270373966416,0.0,0.0,0.0,0.0,0.0,0.0,"Deccan Plateau (Semi-Arid); Eastern Ghats, TN Uplands & Deccan (Karnataka) Plateau (Semi-Arid)",2,True,"Shared: Deccan Plateau (Semi-Arid) + Eastern Ghats, TN Uplands & Deccan (Karnataka) Plateau (Semi-Arid)",#888888
Davangere,Honnali,KA,0.0,0.0,0.0,0.0,0.0,0.0,527.3394051790352,0.0,0.0,0.0,0.0,0.0,0.0,"Eastern Ghats, TN Uplands & Deccan (Karnataka) Plateau (Semi-Arid)",1,False,"Eastern Ghats, TN Uplands & Deccan (Karnataka) Plateau (Semi-Arid)",#f4faad
Davangere,Jagalur,KA,0.0,0.0,0.0,0.0,0.0,0.0,141.39471872346755,0.0,0.0,0.0,0.0,901.3948457578008,0.0,"Eastern Ghats, TN Uplands & Deccan (Karnataka) Plateau (Semi-Arid); Karnataka Plateau (incl. Rayalaseema)",2,True,"Shared: Eastern Ghats, TN Uplands & Deccan (Karnataka) Plateau (Semi-Arid) + Karnataka Plateau (incl. Rayalaseema)",#888888
Davangere,Nyamathi,KA,0.0,0.0,0.0,0.0,0.0,0.0,390.820342142836,0.0,0.0,0.0,0.0,0.0,2.656301966290275,"Eastern Ghats, TN Uplands & Deccan (Karnataka) Plateau (Semi-Arid); Western Ghats & Coastal Plain (Humid–Perhumid)",2,True,"Shared: Eastern Ghats, TN Uplands & Deccan (Karnataka) Plateau (Semi-Arid) + Western Ghats & Coastal Plain (Humid–Perhumid)",#888888
Dharwad,Alnavar,KA,0.0,0.0,0.0,0.0,132.0655913413894,0.0,0.0,0.0,0.0,0.0,0.0,0.0,0.0,Deccan Plateau (Semi-Arid),1,False,Deccan Plateau (Semi-Arid),#fa9b58
Dharwad,Annigeri,KA,0.0,0.0,0.0,0.0,402.7221243854365,0.0,0.0,0.0,0.0,0.0,0.0,0.0,0.0,Deccan Plateau (Semi-Arid),1,False,Deccan Plateau (Semi-Arid),#fa9b58
Dharwad,Dharwad,KA,0.0,0.0,0.0,0.0,1006.5159877862832,0.0,0.0,0.0,0.0,0.0,0.0,0.0,0.0,Deccan Plateau (Semi-Arid),1,False,Deccan Plateau (Semi-Arid),#fa9b58
Dharwad,Hubballi,KA,0.0,0.0,0.0,0.0,579.6376260031543,0.0,0.0,0.0,0.0,0.0,0.0,0.0,0.0,Deccan Plateau (Semi-Arid),1,False,Deccan Plateau (Semi-Arid),#fa9b58
Dharwad,Hubballi Urban,KA,0.0,0.0,0.0,0.0,309.2614986028331,0.0,0.0,0.0,0.0,0.0,0.0,0.0,0.0,Deccan Plateau (Semi-Arid),1,False,Deccan Plateau (Semi-Arid),#fa9b58
Dharwad,Kalghatgi,KA,0.0,0.0,0.0,0.0,732.3160462853201,0.0,0.0,0.0,0.0,0.0,0.0,0.0,0.0,Deccan Plateau (Semi-Arid),1,False,Deccan Plateau (Semi-Arid),#fa9b58
Dharwad,Kundgol,KA,0.0,0.0,0.0,0.0,662.8762943021788,0.0,0.0,0.0,0.0,0.0,0.0,0.0,0.0,Deccan Plateau (Semi-Arid),1,False,Deccan Plateau (Semi-Arid),#fa9b58
Dharwad,Navalgund,KA,0.0,0.0,0.0,0.0,782.4937701920177,0.0,0.0,0.0,0.0,0.0,0.0,0.0,0.0,Deccan Plateau (Semi-Arid),1,False,Deccan Plateau (Semi-Arid),#fa9b58
Gadag,Gadag,KA,0.0,0.0,0.0,0.0,1135.2973314228332,0.0,0.0,0.0,0.0,0.0,0.0,8.174182207496635,0.0,Deccan Plateau (Semi-Arid); Karnataka Plateau (incl. Rayalaseema),2,True,Shared: Deccan Plateau (Semi-Arid) + Karnataka Plateau (incl. Rayalaseema),#888888
Gadag,Gajendragad,KA,0.0,0.0,0.0,0.0,0.0,0.0,0.0,0.0,0.0,0.0,0.0,363.8136534153056,0.0,Karnataka Plateau (incl. Rayalaseema),1,False,Karnataka Plateau (incl. Rayalaseema),#3682ba
Gadag,Laxmeshwar,KA,0.0,0.0,0.0,0.0,493.4130319436507,0.0,0.0,0.0,0.0,0.0,0.0,0.0,0.0,Deccan Plateau (Semi-Arid),1,False,Deccan Plateau (Semi-Arid),#fa9b58
Gadag,Mundargi,KA,0.0,0.0,0.0,0.0,687.9968232494338,0.0,0.0,0.0,0.0,0.0,0.0,268.9324193336699,0.0,Deccan Plateau (Semi-Arid); Karnataka Plateau (incl. Rayalaseema),2,True,Shared: Deccan Plateau (Semi-Arid) + Karnataka Plateau (incl. Rayalaseema),#888888
Gadag,Nargund,KA,0.0,0.0,0.0,0.0,471.88155214462273,0.0,0.0,0.0,0.0,0.0,0.0,0.0,0.0,Deccan Plateau (Semi-Arid),1,False,Deccan Plateau (Semi-Arid),#fa9b58
Gadag,Ron,KA,0.0,0.0,0.0,0.0,730.6944137371664,0.0,0.0,0.0,0.0,0.0,0.0,314.65111101190314,0.0,Deccan Plateau (Semi-Arid); Karnataka Plateau (incl. Rayalaseema),2,True,Shared: Deccan Plateau (Semi-Arid) + Karnataka Plateau (incl. Rayalaseema),#888888
Gadag,Shirhatti,KA,0.0,0.0,0.0,0.0,566.6458685843209,0.0,0.0,0.0,0.0,0.0,0.0,0.0,0.0,Deccan Plateau (Semi-Arid),1,False,Deccan Plateau (Semi-Arid),#fa9b58
Hassan,Alur,KA,0.0,0.0,0.0,0.0,0.0,0.0,334.4407026878517,0.0,0.0,0.0,0.0,0.0,133.32776331890872,"Eastern Ghats, TN Uplands & Deccan (Karnataka) Plateau (Semi-Arid); Western Ghats & Coastal Plain (Humid–Perhumid)",2,True,"Shared: Eastern Ghats, TN Uplands & Deccan (Karnataka) Plateau (Semi-Arid) + Western Ghats & Coastal Plain (Humid–Perhumid)",#888888
Hassan,Arkalgud,KA,0.0,0.0,0.0,0.0,0.0,0.0,655.3446994103812,0.0,0.0,0.0,0.0,0.0,51.63040390687548,"Eastern Ghats, TN Uplands & Deccan (Karnataka) Plateau (Semi-Arid); Western Ghats & Coastal Plain (Humid–Perhumid)",2,True,"Shared: Eastern Ghats, TN Uplands & Deccan (Karnataka) Plateau (Semi-Arid) + Western Ghats & Coastal Plain (Humid–Perhumid)",#888888
Hassan,Arsikere,KA,0.0,0.0,0.0,0.0,0.0,0.0,1330.5088160612686,0.0,0.0,0.0,0.0,0.0,0.0,"Eastern Ghats, TN Uplands & Deccan (Karnataka) Plateau (Semi-Arid)",1,False,"Eastern Ghats, TN Uplands & Deccan (Karnataka) Plateau (Semi-Arid)",#f4faad
Hassan,Belur,KA,0.0,0.0,0.0,0.0,0.0,0.0,498.8694304383183,0.0,0.0,0.0,0.0,0.0,429.0180455831279,"Eastern Ghats, TN Uplands & Deccan (Karnataka) Plateau (Semi-Arid); Western Ghats & Coastal Plain (Humid–Perhumid)",2,True,"Shared: Eastern Ghats, TN Uplands & Deccan (Karnataka) Plateau (Semi-Arid) + Western Ghats & Coastal Plain (Humid–Perhumid)",#888888
Hassan,Channarayapatna,KA,0.0,0.0,0.0,0.0,0.0,0.0,1088.5427287582336,0.0,0.0,0.0,0.0,0.0,0.0,"Eastern Ghats, TN Uplands & Deccan (Karnataka) Plateau (Semi-Arid)",1,False,"Eastern Ghats, TN Uplands & Deccan (Karnataka) Plateau (Semi-Arid)",#f4faad
Hassan,Hassan,KA,0.0,0.0,0.0,0.0,0.0,0.0,1000.4387117717948,0.0,0.0,0.0,0.0,0.0,0.0,"Eastern Ghats, TN Uplands & Deccan (Karnataka) Plateau (Semi-Arid)",1,False,"Eastern Ghats, TN Uplands & Deccan (Karnataka) Plateau (Semi-Arid)",#f4faad
Hassan,Hole Narsipur,KA,0.0,0.0,0.0,0.0,0.0,0.0,619.6560444210949,0.0,0.0,0.0,0.0,0.0,0.0,"Eastern Ghats, TN Uplands & Deccan (Karnataka) Plateau (Semi-Arid)",1,False,"Eastern Ghats, TN Uplands & Deccan (Karnataka) Plateau (Semi-Arid)",#f4faad
Hassan,Sakleshpur,KA,0.0,0.0,0.0,0.0,0.0,0.0,0.0,0.0,0.0,0.0,0.0,0.0,1078.360307734935,Western Ghats & Coastal Plain (Humid–Perhumid),1,False,Western Ghats & Coastal Plain (Humid–Perhumid),#5e4fa2
Haveri,Byadgi,KA,0.0,0.0,0.0,0.0,474.7735808957232,0.0,0.0,0.0,0.0,0.0,0.0,0.0,0.0,Deccan Plateau (Semi-Arid),1,False,Deccan Plateau (Semi-Arid),#fa9b58
Haveri,Hangal,KA,0.0,0.0,0.0,0.0,837.591186992891,0.0,0.0,0.0,0.0,0.0,0.0,0.0,0.0,Deccan Plateau (Semi-Arid),1,False,Deccan Plateau (Semi-Arid),#fa9b58
Haveri,Haveri,KA,0.0,0.0,0.0,0.0,861.8435950790299,0.0,0.0,0.0,0.0,0.0,0.0,0.0,0.0,Deccan Plateau (Semi-Arid),1,False,Deccan Plateau (Semi-Arid),#fa9b58
Haveri,Hirekerur,KA,0.0,0.0,0.0,0.0,338.39785073930216,0.0,53.284736567770096,0.0,0.0,0.0,0.0,0.0,0.0,"Deccan Plateau (Semi-Arid); Eastern Ghats, TN Uplands & Deccan (Karnataka) Plateau (Semi-Arid)",2,True,"Shared: Deccan Plateau (Semi-Arid) + Eastern Ghats, TN Uplands & Deccan (Karnataka) Plateau (Semi-Arid)",#888888
Haveri,Ranibennur,KA,0.0,0.0,0.0,0.0,924.3642594452174,0.0,55.91427059992627,0.0,0.0,0.0,0.0,0.0,0.0,"Deccan Plateau (Semi-Arid); Eastern Ghats, TN Uplands & Deccan (Karnataka) Plateau (Semi-Arid)",2,True,"Shared: Deccan Plateau (Semi-Arid) + Eastern Ghats, TN Uplands & Deccan (Karnataka) Plateau (Semi-Arid)",#888888
Haveri,Rattihalli,KA,0.0,0.0,0.0,0.0,341.86893069569857,0.0,98.15682490353792,0.0,0.0,0.0,0.0,0.0,0.0,"Deccan Plateau (Semi-Arid); Eastern Ghats, TN Uplands & Deccan (Karnataka) Plateau (Semi-Arid)",2,True,"Shared: Deccan Plateau (Semi-Arid) + Eastern Ghats, TN Uplands & Deccan (Karnataka) Plateau (Semi-Arid)",#888888
Haveri,Savanur,KA,0.0,0.0,0.0,0.0,583.2521104277029,0.0,0.0,0.0,0.0,0.0,0.0,0.0,0.0,Deccan Plateau (Semi-Arid),1,False,Deccan Plateau (Semi-Arid),#fa9b58
Haveri,Shiggaon,KA,0.0,0.0,0.0,0.0,617.7406100974916,0.0,0.0,0.0,0.0,0.0,0.0,0.0,0.0,Deccan Plateau (Semi-Arid),1,False,Deccan Plateau (Semi-Arid),#fa9b58
Kalaburagi,Afzalpur,KA,0.0,0.0,0.0,0.0,1452.281154175996,0.0,0.0,0.0,0.0,0.0,0.0,0.0,0.0,Deccan Plateau (Semi-Arid),1,False,Deccan Plateau (Semi-Arid),#fa9b58
Kalaburagi,Aland,KA,0.0,0.0,0.0,0.0,1759.0016517945446,0.0,0.0,0.0,0.0,0.0,0.0,0.0,0.0,Deccan Plateau (Semi-Arid),1,False,Deccan Plateau (Semi-Arid),#fa9b58
Kalaburagi,Chincholi,KA,0.0,0.0,0.0,4.600755970694692,1407.3212968602274,0.0,0.0,0.0,0.0,0.0,0.0,0.0,0.0,Deccan Plateau (Telangana) & Eastern Ghats (Semi-Arid); Deccan Plateau (Semi-Arid),2,True,Shared: Deccan Plateau (Telangana) & Eastern Ghats (Semi-Arid) + Deccan Plateau (Semi-Arid),#888888
Kalaburagi,Chittapur,KA,0.0,0.0,0.0,0.0,1139.153026549905,0.0,0.0,0.0,0.0,0.0,0.0,0.0,0.0,Deccan Plateau (Semi-Arid),1,False,Deccan Plateau (Semi-Arid),#fa9b58
Kalaburagi,Jevargi,KA,0.0,0.0,0.0,0.0,1162.1802758989302,0.0,0.0,0.0,0.0,0.0,0.0,0.0,0.0,Deccan Plateau (Semi-Arid),1,False,Deccan Plateau (Semi-Arid),#fa9b58
Kalaburagi,Kalaburagi,KA,0.0,0.0,0.0,0.0,1398.338497617786,0.0,0.0,0.0,0.0,0.0,0.0,0.0,0.0,Deccan Plateau (Semi-Arid),1,False,Deccan Plateau (Semi-Arid),#fa9b58
Kalaburagi,Kalagi,KA,0.0,0.0,0.0,0.0,757.1956597147955,0.0,0.0,0.0,0.0,0.0,0.0,0.0,0.0,Deccan Plateau (Semi-Arid),1,False,Deccan Plateau (Semi-Arid),#fa9b58
Kalaburagi,Kamalapur,KA,0.0,0.0,0.0,0.0,796.6745142455686,0.0,0.0,0.0,0.0,0.0,0.0,0.0,0.0,Deccan Plateau (Semi-Arid),1,False,Deccan Plateau (Semi-Arid),#fa9b58
Kalaburagi,Sedam,KA,0.0,0.0,0.0,0.6724024940062215,1115.9282060048115,0.0,0.0,0.0,0.0,0.0,0.0,0.0,0.0,Deccan Plateau (Telangana) & Eastern Ghats (Semi-Arid); Deccan Plateau (Semi-Arid),2,True,Shared: Deccan Plateau (Telangana) & Eastern Ghats (Semi-Arid) + Deccan Plateau (Semi-Arid),#888888
Kalaburagi,Shahabad,KA,0.0,0.0,0.0,0.0,234.9174643715602,0.0,0.0,0.0,0.0,0.0,0.0,0.0,0.0,Deccan Plateau (Semi-Arid),1,False,Deccan Plateau (Semi-Arid),#fa9b58
Kalaburagi,Yadrami,KA,0.0,0.0,0.0,0.0,849.7147304252189,0.0,0.0,0.0,0.0,0.0,0.0,0.0,0.0,Deccan Plateau (Semi-Arid),1,False,Deccan Plateau (Semi-Arid),#fa9b58
Kodagu,Madikeri,KA,0.0,0.0,0.0,0.0,0.0,0.0,0.0,0.0,0.0,0.0,0.0,0.0,1502.326709803253,Western Ghats & Coastal Plain (Humid–Perhumid),1,False,Western Ghats & Coastal Plain (Humid–Perhumid),#5e4fa2
Kodagu,Somvarpet,KA,0.0,0.0,0.0,0.0,0.0,0.0,28.41416474118571,0.0,0.0,0.0,0.0,0.0,1033.6135264591735,"Eastern Ghats, TN Uplands & Deccan (Karnataka) Plateau (Semi-Arid); Western Ghats & Coastal Plain (Humid–Perhumid)",2,True,"Shared: Eastern Ghats, TN Uplands & Deccan (Karnataka) Plateau (Semi-Arid) + Western Ghats & Coastal Plain (Humid–Perhumid)",#888888
Kodagu,Virajpet,KA,0.0,0.0,0.0,0.0,0.0,0.0,101.9149618613023,0.0,0.0,0.0,0.0,0.0,1665.7855764015285,"Eastern Ghats, TN Uplands & Deccan (Karnataka) Plateau (Semi-Arid); Western Ghats & Coastal Plain (Humid–Perhumid)",2,True,"Shared: Eastern Ghats, TN Uplands & Deccan (Karnataka) Plateau (Semi-Arid) + Western Ghats & Coastal Plain (Humid–Perhumid)",#888888
Kolar,Bangarapet,KA,0.0,0.0,0.0,0.0,0.0,0.0,574.5754400556007,0.0,0.0,0.0,0.0,0.0,0.0,"Eastern Ghats, TN Uplands & Deccan (Karnataka) Plateau (Semi-Arid)",1,False,"Eastern Ghats, TN Uplands & Deccan (Karnataka) Plateau (Semi-Arid)",#f4faad
Kolar,Kolar,KA,0.0,0.0,0.0,0.0,0.0,0.0,839.9229090896338,0.0,0.0,0.0,0.0,0.0,0.0,"Eastern Ghats, TN Uplands & Deccan (Karnataka) Plateau (Semi-Arid)",1,False,"Eastern Ghats, TN Uplands & Deccan (Karnataka) Plateau (Semi-Arid)",#f4faad
Kolar,Kolar Gold Field,KA,0.0,0.0,0.0,0.0,0.0,0.0,335.8932921993072,0.0,0.0,0.0,0.0,0.0,0.0,"Eastern Ghats, TN Uplands & Deccan (Karnataka) Plateau (Semi-Arid)",1,False,"Eastern Ghats, TN Uplands & Deccan (Karnataka) Plateau (Semi-Arid)",#f4faad
Kolar,Malur,KA,0.0,0.0,0.0,0.0,0.0,0.0,681.6127302980004,0.0,0.0,0.0,0.0,0.0,0.0,"Eastern Ghats, TN Uplands & Deccan (Karnataka) Plateau (Semi-Arid)",1,False,"Eastern Ghats, TN Uplands & Deccan (Karnataka) Plateau (Semi-Arid)",#f4faad
Kolar,Mulbagal,KA,0.0,0.0,0.0,0.0,0.0,0.0,871.652494049677,0.0,0.0,0.0,0.0,0.0,0.0,"Eastern Ghats, TN Uplands & Deccan (Karnataka) Plateau (Semi-Arid)",1,False,"Eastern Ghats, TN Uplands & Deccan (Karnataka) Plateau (Semi-Arid)",#f4faad
Kolar,Srinivaspur,KA,0.0,0.0,0.0,0.0,0.0,0.0,917.3606087495036,0.0,0.0,0.0,0.0,0.0,0.0,"Eastern Ghats, TN Uplands & Deccan (Karnataka) Plateau (Semi-Arid)",1,False,"Eastern Ghats, TN Uplands & Deccan (Karnataka) Plateau (Semi-Arid)",#f4faad
Koppal,Gangawati,KA,0.0,0.0,0.0,0.0,0.0,0.0,0.0,0.0,0.0,0.0,0.0,468.9740326709058,0.0,Karnataka Plateau (incl. Rayalaseema),1,False,Karnataka Plateau (incl. Rayalaseema),#3682ba
Koppal,Kanakagiri,KA,0.0,0.0,0.0,0.0,0.5725785002926862,0.0,0.0,0.0,0.0,0.0,0.0,534.2959888226812,0.0,Deccan Plateau (Semi-Arid); Karnataka Plateau (incl. Rayalaseema),2,True,Shared: Deccan Plateau (Semi-Arid) + Karnataka Plateau (incl. Rayalaseema),#888888
Koppal,Karatagi,KA,0.0,0.0,0.0,0.0,9.334345822505137,0.0,0.0,0.0,0.0,0.0,0.0,410.67660049420107,0.0,Deccan Plateau (Semi-Arid); Karnataka Plateau (incl. Rayalaseema),2,True,Shared: Deccan Plateau (Semi-Arid) + Karnataka Plateau (incl. Rayalaseema),#888888
Koppal,Koppal,KA,0.0,0.0,0.0,0.0,0.0,0.0,0.0,0.0,0.0,0.0,0.0,1485.035078016302,0.0,Karnataka Plateau (incl. Rayalaseema),1,False,Karnataka Plateau (incl. Rayalaseema),#3682ba
Koppal,Kukunoor,KA,0.0,0.0,0.0,0.0,4.54966263881824,0.0,0.0,0.0,0.0,0.0,0.0,715.9027017595434,0.0,Deccan Plateau (Semi-Arid); Karnataka Plateau (incl. Rayalaseema),2,True,Shared: Deccan Plateau (Semi-Arid) + Karnataka Plateau (incl. Rayalaseema),#888888
Koppal,Kushtagi,KA,0.0,0.0,0.0,0.0,64.76452097050093,0.0,0.0,0.0,0.0,0.0,0.0,1423.2077044176874,0.0,Deccan Plateau (Semi-Arid); Karnataka Plateau (incl. Rayalaseema),2,True,Shared: Deccan Plateau (Semi-Arid) + Karnataka Plateau (incl. Rayalaseema),#888888
Koppal,Yelbarga,KA,0.0,0.0,0.0,0.0,0.0,0.0,0.0,0.0,0.0,0.0,0.0,919.058845548538,0.0,Karnataka Plateau (incl. Rayalaseema),1,False,Karnataka Plateau (incl. Rayalaseema),#3682ba
Mandya,Krishnarajpet,KA,0.0,0.0,0.0,0.0,0.0,0.0,949.8024778332168,0.0,0.0,0.0,0.0,0.0,0.0,"Eastern Ghats, TN Uplands & Deccan (Karnataka) Plateau (Semi-Arid)",1,False,"Eastern Ghats, TN Uplands & Deccan (Karnataka) Plateau (Semi-Arid)",#f4faad
Mandya,Maddur,KA,0.0,0.0,0.0,0.0,0.0,0.0,648.1940087089648,0.0,0.0,0.0,0.0,0.0,0.0,"Eastern Ghats, TN Uplands & Deccan (Karnataka) Plateau (Semi-Arid)",1,False,"Eastern Ghats, TN Uplands & Deccan (Karnataka) Plateau (Semi-Arid)",#f4faad
Mandya,Malavalli,KA,0.0,0.0,0.0,0.0,0.0,0.0,877.0196212602472,0.0,0.0,0.0,0.0,0.0,0.0,"Eastern Ghats, TN Uplands & Deccan (Karnataka) Plateau (Semi-Arid)",1,False,"Eastern Ghats, TN Uplands & Deccan (Karnataka) Plateau (Semi-Arid)",#f4faad
Mandya,Mandya,KA,0.0,0.0,0.0,0.0,0.0,0.0,734.8944261529256,0.0,0.0,0.0,0.0,0.0,0.0,"Eastern Ghats, TN Uplands & Deccan (Karnataka) Plateau (Semi-Arid)",1,False,"Eastern Ghats, TN Uplands & Deccan (Karnataka) Plateau (Semi-Arid)",#f4faad
Mandya,Nagamangala,KA,0.0,0.0,0.0,0.0,0.0,0.0,1090.5668926948297,0.0,0.0,0.0,0.0,0.0,0.0,"Eastern Ghats, TN Uplands & Deccan (Karnataka) Plateau (Semi-Arid)",1,False,"Eastern Ghats, TN Uplands & Deccan (Karnataka) Plateau (Semi-Arid)",#f4faad
Mandya,Pandavapura,KA,0.0,0.0,0.0,0.0,0.0,0.0,547.0801077132518,0.0,0.0,0.0,0.0,0.0,0.0,"Eastern Ghats, TN Uplands & Deccan (Karnataka) Plateau (Semi-Arid)",1,False,"Eastern Ghats, TN Uplands & Deccan (Karnataka) Plateau (Semi-Arid)",#f4faad
Mandya,Shrirangapattana,KA,0.0,0.0,0.0,0.0,0.0,0.0,389.109477934148,0.0,0.0,0.0,0.0,0.0,0.0,"Eastern Ghats, TN Uplands & Deccan (Karnataka) Plateau (Semi-Arid)",1,False,"Eastern Ghats, TN Uplands & Deccan (Karnataka) Plateau (Semi-Arid)",#f4faad
Mysuru,Heggadadevankote,KA,0.0,0.0,0.0,0.0,0.0,0.0,1153.226522054012,0.0,0.0,0.0,0.0,0.0,65.78199295365324,"Eastern Ghats, TN Uplands & Deccan (Karnataka) Plateau (Semi-Arid); Western Ghats & Coastal Plain (Humid–Perhumid)",2,True,"Shared: Eastern Ghats, TN Uplands & Deccan (Karnataka) Plateau (Semi-Arid) + Western Ghats & Coastal Plain (Humid–Perhumid)",#888888
Mysuru,Hunsur,KA,0.0,0.0,0.0,0.0,0.0,0.0,950.7819272621032,0.0,0.0,0.0,0.0,0.0,0.0,"Eastern Ghats, TN Uplands & Deccan (Karnataka) Plateau (Semi-Arid)",1,False,"Eastern Ghats, TN Uplands & Deccan (Karnataka) Plateau (Semi-Arid)",#f4faad
Mysuru,Krishnarajanagara,KA,0.0,0.0,0.0,0.0,0.0,0.0,642.1471496802411,0.0,0.0,0.0,0.0,0.0,0.0,"Eastern Ghats, TN Uplands & Deccan (Karnataka) Plateau (Semi-Arid)",1,False,"Eastern Ghats, TN Uplands & Deccan (Karnataka) Plateau (Semi-Arid)",#f4faad
Mysuru,Mysuru,KA,0.0,0.0,0.0,0.0,0.0,0.0,841.2142187213137,0.0,0.0,0.0,0.0,0.0,0.0,"Eastern Ghats, TN Uplands & Deccan (Karnataka) Plateau (Semi-Arid)",1,False,"Eastern Ghats, TN Uplands & Deccan (Karnataka) Plateau (Semi-Arid)",#f4faad
Mysuru,Nanjangud,KA,0.0,0.0,0.0,0.0,0.0,0.0,1024.59731301756,0.0,0.0,0.0,0.0,0.0,0.0,"Eastern Ghats, TN Uplands & Deccan (Karnataka) Plateau (Semi-Arid)",1,False,"Eastern Ghats, TN Uplands & Deccan (Karnataka) Plateau (Semi-Arid)",#f4faad
Mysuru,Piriyapatna,KA,0.0,0.0,0.0,0.0,0.0,0.0,793.5773885350919,0.0,0.0,0.0,0.0,0.0,61.77556803594075,"Eastern Ghats, TN Uplands & Deccan (Karnataka) Plateau (Semi-Arid); Western Ghats & Coastal Plain (Humid–Perhumid)",2,True,"Shared: Eastern Ghats, TN Uplands & Deccan (Karnataka) Plateau (Semi-Arid) + Western Ghats & Coastal Plain (Humid–Perhumid)",#888888
Mysuru,Saraguru,KA,0.0,0.0,0.0,0.0,0.0,0.0,482.17147893407264,0.0,0.0,0.0,0.0,0.0,0.0,"Eastern Ghats, TN Uplands & Deccan (Karnataka) Plateau (Semi-Arid)",1,False,"Eastern Ghats, TN Uplands & Deccan (Karnataka) Plateau (Semi-Arid)",#f4faad
Mysuru,Tirumakudal - Narsipur,KA,0.0,0.0,0.0,0.0,0.0,0.0,632.3509838351007,0.0,0.0,0.0,0.0,0.0,0.0,"Eastern Ghats, TN Uplands & Deccan (Karnataka) Plateau (Semi-Arid)",1,False,"Eastern Ghats, TN Uplands & Deccan (Karnataka) Plateau (Semi-Arid)",#f4faad
Raichur,Devadurga,KA,0.0,0.0,0.0,0.0,1633.3150190007336,0.0,0.0,0.0,0.0,0.0,0.0,0.0,0.0,Deccan Plateau (Semi-Arid),1,False,Deccan Plateau (Semi-Arid),#fa9b58
Raichur,Lingsugur,KA,0.0,0.0,0.0,0.0,1569.419592533327,0.0,0.0,0.0,0.0,0.0,0.0,43.24238693310857,0.0,Deccan Plateau (Semi-Arid); Karnataka Plateau (incl. Rayalaseema),2,True,Shared: Deccan Plateau (Semi-Arid) + Karnataka Plateau (incl. Rayalaseema),#888888
Raichur,Manvi,KA,0.0,0.0,0.0,262.6301886603073,551.426054994939,0.0,0.0,0.0,0.0,0.0,0.0,0.0,0.0,Deccan Plateau (Telangana) & Eastern Ghats (Semi-Arid); Deccan Plateau (Semi-Arid),2,True,Shared: Deccan Plateau (Telangana) & Eastern Ghats (Semi-Arid) + Deccan Plateau (Semi-Arid),#888888
Raichur,Maski,KA,0.0,0.0,0.0,0.0,1242.584732761836,0.0,0.0,0.0,0.0,0.0,0.0,0.0,0.0,Deccan Plateau (Semi-Arid),1,False,Deccan Plateau (Semi-Arid),#fa9b58
Raichur,Raichur,KA,0.0,0.0,0.0,1534.1706547973984,176.36568615927456,0.0,0.0,0.0,0.0,0.0,0.0,0.0,0.0,Deccan Plateau (Telangana) & Eastern Ghats (Semi-Arid); Deccan Plateau (Semi-Arid),2,True,Shared: Deccan Plateau (Telangana) & Eastern Ghats (Semi-Arid) + Deccan Plateau (Semi-Arid),#888888
Raichur,Sindhnur,KA,0.0,0.0,0.0,0.0,1238.9725129743197,0.0,0.0,0.0,0.0,0.0,0.0,129.0554194730098,0.0,Deccan Plateau (Semi-Arid); Karnataka Plateau (incl. Rayalaseema),2,True,Shared: Deccan Plateau (Semi-Arid) + Karnataka Plateau (incl. Rayalaseema),#888888
Raichur,Sirwar,KA,0.0,0.0,0.0,83.41958600685156,732.8978212013021,0.0,0.0,0.0,0.0,0.0,0.0,0.0,0.0,Deccan Plateau (Telangana) & Eastern Ghats (Semi-Arid); Deccan Plateau (Semi-Arid),2,True,Shared: Deccan Plateau (Telangana) & Eastern Ghats (Semi-Arid) + Deccan Plateau (Semi-Arid),#888888
Ramanagara,Channapatna,KA,0.0,0.0,0.0,0.0,0.0,0.0,569.1679851984203,0.0,0.0,0.0,0.0,0.0,0.0,"Eastern Ghats, TN Uplands & Deccan (Karnataka) Plateau (Semi-Arid)",1,False,"Eastern Ghats, TN Uplands & Deccan (Karnataka) Plateau (Semi-Arid)",#f4faad
Ramanagara,Kanakapura,KA,0.0,0.0,0.0,0.0,0.0,0.0,1639.7884744090377,0.0,0.0,0.0,0.0,0.0,0.0,"Eastern Ghats, TN Uplands & Deccan (Karnataka) Plateau (Semi-Arid)",1,False,"Eastern Ghats, TN Uplands & Deccan (Karnataka) Plateau (Semi-Arid)",#f4faad
Ramanagara,Magadi,KA,0.0,0.0,0.0,0.0,0.0,0.0,841.7678857217168,0.0,0.0,0.0,0.0,0.0,0.0,"Eastern Ghats, TN Uplands & Deccan (Karnataka) Plateau (Semi-Arid)",1,False,"Eastern Ghats, TN Uplands & Deccan (Karnataka) Plateau (Semi-Arid)",#f4faad
Ramanagara,Ramanagara,KA,0.0,0.0,0.0,0.0,0.0,0.0,665.0047890091255,0.0,0.0,0.0,0.0,0.0,0.0,"Eastern Ghats, TN Uplands & Deccan (Karnataka) Plateau (Semi-Arid)",1,False,"Eastern Ghats, TN Uplands & Deccan (Karnataka) Plateau (Semi-Arid)",#f4faad
Shivamogga,Bhadravati,KA,0.0,0.0,0.0,0.0,0.0,0.0,682.7484602452178,0.0,0.0,0.0,0.0,0.0,49.76108083200624,"Eastern Ghats, TN Uplands & Deccan (Karnataka) Plateau (Semi-Arid); Western Ghats & Coastal Plain (Humid–Perhumid)",2,True,"Shared: Eastern Ghats, TN Uplands & Deccan (Karnataka) Plateau (Semi-Arid) + Western Ghats & Coastal Plain (Humid–Perhumid)",#888888
Shivamogga,Hosanagara,KA,0.0,0.0,0.0,0.0,0.0,0.0,0.0,0.0,0.0,0.0,0.0,0.0,1520.769163389062,Western Ghats & Coastal Plain (Humid–Perhumid),1,False,Western Ghats & Coastal Plain (Humid–Perhumid),#5e4fa2
Shivamogga,Sagar,KA,0.0,0.0,0.0,0.0,0.0,0.0,0.0,0.0,0.0,0.0,0.0,0.0,2073.1986069623654,Western Ghats & Coastal Plain (Humid–Perhumid),1,False,Western Ghats & Coastal Plain (Humid–Perhumid),#5e4fa2
Shivamogga,Shikarpur,KA,0.0,0.0,0.0,0.0,35.31555717610469,0.0,739.7923851086503,0.0,0.0,0.0,0.0,0.0,201.11495899474835,"Deccan Plateau (Semi-Arid); Eastern Ghats, TN Uplands & Deccan (Karnataka) Plateau (Semi-Arid); Western Ghats & Coastal Plain (Humid–Perhumid)",3,True,"Shared: Deccan Plateau (Semi-Arid) + Eastern Ghats, TN Uplands & Deccan (Karnataka) Plateau (Semi-Arid) + Western Ghats & Coastal Plain (Humid–Perhumid)",#888888
Shivamogga,Shivamogga,KA,0.0,0.0,0.0,0.0,0.0,0.0,552.7929425290395,0.0,0.0,0.0,0.0,0.0,635.0497346181202,"Eastern Ghats, TN Uplands & Deccan (Karnataka) Plateau (Semi-Arid); Western Ghats & Coastal Plain (Humid–Perhumid)",2,True,"Shared: Eastern Ghats, TN Uplands & Deccan (Karnataka) Plateau (Semi-Arid) + Western Ghats & Coastal Plain (Humid–Perhumid)",#888888
Shivamogga,Sorab,KA,0.0,0.0,0.0,0.0,462.50239700286,0.0,117.78265640643647,0.0,0.0,0.0,0.0,0.0,652.8583555959103,"Deccan Plateau (Semi-Arid); Eastern Ghats, TN Uplands & Deccan (Karnataka) Plateau (Semi-Arid); Western Ghats & Coastal Plain (Humid–Perhumid)",3,True,"Shared: Deccan Plateau (Semi-Arid) + Eastern Ghats, TN Uplands & Deccan (Karnataka) Plateau (Semi-Arid) + Western Ghats & Coastal Plain (Humid–Perhumid)",#888888
Shivamogga,Tirthahalli,KA,0.0,0.0,0.0,0.0,0.0,0.0,0.0,0.0,0.0,0.0,0.0,0.0,1338.3751718122144,Western Ghats & Coastal Plain (Humid–Perhumid),1,False,Western Ghats & Coastal Plain (Humid–Perhumid),#5e4fa2
Tumakuru,Chiknayakanhalli,KA,0.0,0.0,0.0,0.0,0.0,0.0,1210.1360089269372,0.0,0.0,0.0,0.0,0.0,0.0,"Eastern Ghats, TN Uplands & Deccan (Karnataka) Plateau (Semi-Arid)",1,False,"Eastern Ghats, TN Uplands & Deccan (Karnataka) Plateau (Semi-Arid)",#f4faad
Tumakuru,Gubbi,KA,0.0,0.0,0.0,0.0,0.0,0.0,1299.374186452833,0.0,0.0,0.0,0.0,0.0,0.0,"Eastern Ghats, TN Uplands & Deccan (Karnataka) Plateau (Semi-Arid)",1,False,"Eastern Ghats, TN Uplands & Deccan (Karnataka) Plateau (Semi-Arid)",#f4faad
Tumakuru,Koratagere,KA,0.0,0.0,0.0,0.0,0.0,0.0,684.2518080014286,0.0,0.0,0.0,0.0,0.0,0.0,"Eastern Ghats, TN Uplands & Deccan (Karnataka) Plateau (Semi-Arid)",1,False,"Eastern Ghats, TN Uplands & Deccan (Karnataka) Plateau (Semi-Arid)",#f4faad
Tumakuru,Kunigal,KA,0.0,0.0,0.0,0.0,0.0,0.0,1035.993845261476,0.0,0.0,0.0,0.0,0.0,0.0,"Eastern Ghats, TN Uplands & Deccan (Karnataka) Plateau (Semi-Arid)",1,False,"Eastern Ghats, TN Uplands & Deccan (Karnataka) Plateau (Semi-Arid)",#f4faad
Tumakuru,Madhugiri,KA,0.0,0.0,0.0,0.0,0.0,0.0,1176.0729023226686,0.0,0.0,0.0,0.0,10.387718482226177,0.0,"Eastern Ghats, TN Uplands & Deccan (Karnataka) Plateau (Semi-Arid); Karnataka Plateau (incl. Rayalaseema)",2,True,"Shared: Eastern Ghats, TN Uplands & Deccan (Karnataka) Plateau (Semi-Arid) + Karnataka Plateau (incl. Rayalaseema)",#888888
Tumakuru,Pavagada,KA,0.0,0.0,0.0,0.0,0.0,0.0,0.0,0.0,0.0,0.0,0.0,1458.0766642004148,0.0,Karnataka Plateau (incl. Rayalaseema),1,False,Karnataka Plateau (incl. Rayalaseema),#3682ba
Tumakuru,Sira,KA,0.0,0.0,0.0,0.0,0.0,0.0,1653.3670879908957,0.0,0.0,0.0,0.0,1.281044682374041,0.0,"Eastern Ghats, TN Uplands & Deccan (Karnataka) Plateau (Semi-Arid); Karnataka Plateau (incl. Rayalaseema)",2,True,"Shared: Eastern Ghats, TN Uplands & Deccan (Karnataka) Plateau (Semi-Arid) + Karnataka Plateau (incl. Rayalaseema)",#888888
Tumakuru,Tiptur,KA,0.0,0.0,0.0,0.0,0.0,0.0,826.7423939467536,0.0,0.0,0.0,0.0,0.0,0.0,"Eastern Ghats, TN Uplands & Deccan (Karnataka) Plateau (Semi-Arid)",1,False,"Eastern Ghats, TN Uplands & Deccan (Karnataka) Plateau (Semi-Arid)",#f4faad
Tumakuru,Tumakuru,KA,0.0,0.0,0.0,0.0,0.0,0.0,1093.5146026228508,0.0,0.0,0.0,0.0,0.0,0.0,"Eastern Ghats, TN Uplands & Deccan (Karnataka) Plateau (Semi-Arid)",1,False,"Eastern Ghats, TN Uplands & Deccan (Karnataka) Plateau (Semi-Arid)",#f4faad
Tumakuru,Turuvekere,KA,0.0,0.0,0.0,0.0,0.0,0.0,830.0799242547978,0.0,0.0,0.0,0.0,0.0,0.0,"Eastern Ghats, TN Uplands & Deccan (Karnataka) Plateau (Semi-Arid)",1,False,"Eastern Ghats, TN Uplands & Deccan (Karnataka) Plateau (Semi-Arid)",#f4faad
Udupi,Bainduru,KA,0.0,0.0,0.0,0.0,0.0,0.0,0.0,0.0,0.0,0.0,0.0,0.0,630.0019003843335,Western Ghats & Coastal Plain (Humid–Perhumid),1,False,Western Ghats & Coastal Plain (Humid–Perhumid),#5e4fa2
Udupi,Brahmavara,KA,0.0,0.0,0.0,0.0,0.0,0.0,0.0,0.0,0.0,0.0,0.0,0.0,446.919933091521,Western Ghats & Coastal Plain (Humid–Perhumid),1,False,Western Ghats & Coastal Plain (Humid–Perhumid),#5e4fa2
Udupi,Hebri,KA,0.0,0.0,0.0,0.0,0.0,0.0,0.0,0.0,0.0,0.0,0.0,0.0,455.3484875969037,Western Ghats & Coastal Plain (Humid–Perhumid),1,False,Western Ghats & Coastal Plain (Humid–Perhumid),#5e4fa2
Udupi,Kapu,KA,0.0,0.0,0.0,0.0,0.0,0.0,0.0,0.0,0.0,0.0,0.0,0.0,251.275509264858,Western Ghats & Coastal Plain (Humid–Perhumid),1,False,Western Ghats & Coastal Plain (Humid–Perhumid),#5e4fa2
Udupi,Karkal,KA,0.0,0.0,0.0,0.0,0.0,0.0,0.0,0.0,0.0,0.0,0.0,0.0,712.9839009434216,Western Ghats & Coastal Plain (Humid–Perhumid),1,False,Western Ghats & Coastal Plain (Humid–Perhumid),#5e4fa2
Udupi,Kundapura,KA,0.0,0.0,0.0,0.0,0.0,0.0,0.0,0.0,0.0,0.0,0.0,0.0,906.8792919334768,Western Ghats & Coastal Plain (Humid–Perhumid),1,False,Western Ghats & Coastal Plain (Humid–Perhumid),#5e4fa2
Udupi,Udupi,KA,0.0,0.0,0.0,0.0,0.0,0.0,0.0,0.0,0.0,0.0,0.0,0.0,344.3110567633855,Western Ghats & Coastal Plain (Humid–Perhumid),1,False,Western Ghats & Coastal Plain (Humid–Perhumid),#5e4fa2
Uttara Kannada,Ankola,KA,0.0,0.0,0.0,0.0,0.0,0.0,0.0,0.0,0.0,0.0,0.0,0.0,981.4309229369233,Western Ghats & Coastal Plain (Humid–Perhumid),1,False,Western Ghats & Coastal Plain (Humid–Perhumid),#5e4fa2
Uttara Kannada,Bhatkal,KA,0.0,0.0,0.0,0.0,0.0,0.0,0.0,0.0,0.0,0.0,0.0,0.0,371.384138467271,Western Ghats & Coastal Plain (Humid–Perhumid),1,False,Western Ghats & Coastal Plain (Humid–Perhumid),#5e4fa2
Uttara Kannada,Dandeli,KA,0.0,0.0,0.0,0.0,146.5718044782952,0.0,0.0,0.0,0.0,0.0,0.0,0.0,113.95309291572882,Deccan Plateau (Semi-Arid); Western Ghats & Coastal Plain (Humid–Perhumid),2,True,Shared: Deccan Plateau (Semi-Arid) + Western Ghats & Coastal Plain (Humid–Perhumid),#888888
Uttara Kannada,Haliyal,KA,0.0,0.0,0.0,0.0,646.9971099874051,0.0,0.0,0.0,0.0,0.0,0.0,0.0,0.0,Deccan Plateau (Semi-Arid),1,False,Deccan Plateau (Semi-Arid),#fa9b58
Uttara Kannada,Honavar,KA,0.0,0.0,0.0,0.0,0.0,0.0,0.0,0.0,0.0,0.0,0.0,0.0,754.5574801903894,Western Ghats & Coastal Plain (Humid–Perhumid),1,False,Western Ghats & Coastal Plain (Humid–Perhumid),#5e4fa2
Uttara Kannada,Karwar,KA,0.0,0.0,0.0,0.0,0.0,0.0,0.0,0.0,0.0,0.0,0.0,0.0,772.6399823254715,Western Ghats & Coastal Plain (Humid–Perhumid),1,False,Western Ghats & Coastal Plain (Humid–Perhumid),#5e4fa2
Uttara Kannada,Kumta,KA,0.0,0.0,0.0,0.0,0.0,0.0,0.0,0.0,0.0,0.0,0.0,0.0,595.2596345289269,Western Ghats & Coastal Plain (Humid–Perhumid),1,False,Western Ghats & Coastal Plain (Humid–Perhumid),#5e4fa2
Uttara Kannada,Mundgod,KA,0.0,0.0,0.0,0.0,753.8032063916772,0.0,0.0,0.0,0.0,0.0,0.0,0.0,0.0,Deccan Plateau (Semi-Arid),1,False,Deccan Plateau (Semi-Arid),#fa9b58
Uttara Kannada,Siddapur,KA,0.0,0.0,0.0,0.0,0.0,0.0,0.0,0.0,0.0,0.0,0.0,0.0,953.673497642834,Western Ghats & Coastal Plain (Humid–Perhumid),1,False,Western Ghats & Coastal Plain (Humid–Perhumid),#5e4fa2
Uttara Kannada,Sirsi,KA,0.0,0.0,0.0,0.0,311.9650348256574,0.0,0.0,0.0,0.0,0.0,0.0,0.0,1119.2939496820118,Deccan Plateau (Semi-Arid); Western Ghats & Coastal Plain (Humid–Perhumid),2,True,Shared: Deccan Plateau (Semi-Arid) + Western Ghats & Coastal Plain (Humid–Perhumid),#888888
Uttara Kannada,Supa,KA,0.0,0.0,0.0,0.0,22.178463940483176,0.0,0.0,0.0,0.0,0.0,0.0,0.0,1953.3074079195585,Deccan Plateau (Semi-Arid); Western Ghats & Coastal Plain (Humid–Perhumid),2,True,Shared: Deccan Plateau (Semi-Arid) + Western Ghats & Coastal Plain (Humid–Perhumid),#888888
Uttara Kannada,Yellapur,KA,0.0,0.0,0.0,0.0,633.0062165803321,0.0,0.0,0.0,0.0,0.0,0.0,0.0,815.0138421114419,Deccan Plateau (Semi-Arid); Western Ghats & Coastal Plain (Humid–Perhumid),2,True,Shared: Deccan Plateau (Semi-Arid) + Western Ghats & Coastal Plain (Humid–Perhumid),#888888
Vijayapura,Babaleshwar,KA,0.0,0.0,0.0,0.0,0.0,0.0,0.0,0.0,0.0,0.0,0.0,885.605870658504,0.0,Karnataka Plateau (incl. Rayalaseema),1,False,Karnataka Plateau (incl. Rayalaseema),#3682ba
Vijayapura,Basavana Bagevadi,KA,0.0,0.0,0.0,0.0,633.5595296446504,0.0,0.0,0.0,0.0,0.0,0.0,529.921392623495,0.0,Deccan Plateau (Semi-Arid); Karnataka Plateau (incl. Rayalaseema),2,True,Shared: Deccan Plateau (Semi-Arid) + Karnataka Plateau (incl. Rayalaseema),#888888
Vijayapura,Chadachan,KA,0.0,0.0,0.0,0.0,737.7464726279941,0.0,0.0,0.0,0.0,0.0,0.0,0.0,0.0,Deccan Plateau (Semi-Arid),1,False,Deccan Plateau (Semi-Arid),#fa9b58
Vijayapura,Devara Hipparagi,KA,0.0,0.0,0.0,0.0,793.4812693567056,0.0,0.0,0.0,0.0,0.0,0.0,0.0,0.0,Deccan Plateau (Semi-Arid),1,False,Deccan Plateau (Semi-Arid),#fa9b58
Vijayapura,Indi,KA,0.0,0.0,0.0,0.0,1690.236853477758,0.0,0.0,0.0,0.0,0.0,0.0,0.0,0.0,Deccan Plateau (Semi-Arid),1,False,Deccan Plateau (Semi-Arid),#fa9b58
Vijayapura,Kolhar,KA,0.0,0.0,0.0,0.0,0.0,0.0,0.0,0.0,0.0,0.0,0.0,469.975079790594,0.0,Karnataka Plateau (incl. Rayalaseema),1,False,Karnataka Plateau (incl. Rayalaseema),#3682ba
Vijayapura,Muddebihal,KA,0.0,0.0,0.0,0.0,531.0835466006782,0.0,0.0,0.0,0.0,0.0,0.0,479.39697678976535,0.0,Deccan Plateau (Semi-Arid); Karnataka Plateau (incl. Rayalaseema),2,True,Shared: Deccan Plateau (Semi-Arid) + Karnataka Plateau (incl. Rayalaseema),#888888
Vijayapura,Nidagundi,KA,0.0,0.0,0.0,0.0,0.0,0.0,0.0,0.0,0.0,0.0,0.0,392.7525360368985,0.0,Karnataka Plateau (incl. Rayalaseema),1,False,Karnataka Plateau (incl. Rayalaseema),#3682ba
Vijayapura,Sindgi,KA,0.0,0.0,0.0,0.0,1595.6785614437792,0.0,0.0,0.0,0.0,0.0,0.0,0.0,0.0,Deccan Plateau (Semi-Arid),1,False,Deccan Plateau (Semi-Arid),#fa9b58
Vijayapura,Talikoti,KA,0.0,0.0,0.0,0.0,810.4154665308432,0.0,0.0,0.0,0.0,0.0,0.0,0.0,0.0,Deccan Plateau (Semi-Arid),1,False,Deccan Plateau (Semi-Arid),#fa9b58
Vijayapura,Tikota,KA,0.0,0.0,0.0,0.0,83.32306198336822,0.0,0.0,0.0,0.0,0.0,0.0,855.5308618810425,0.0,Deccan Plateau (Semi-Arid); Karnataka Plateau (incl. Rayalaseema),2,True,Shared: Deccan Plateau (Semi-Arid) + Karnataka Plateau (incl. Rayalaseema),#888888
Vijayapura,Vijayapura,KA,0.0,0.0,0.0,0.0,755.3742928748961,0.0,0.0,0.0,0.0,0.0,0.0,271.7397483109636,0.0,Deccan Plateau (Semi-Arid); Karnataka Plateau (incl. Rayalaseema),2,True,Shared: Deccan Plateau (Semi-Arid) + Karnataka Plateau (incl. Rayalaseema),#888888
Yadgir,Gurumitkal,KA,0.0,0.0,0.0,2.51334755209158,761.7721811166829,0.0,0.0,0.0,0.0,0.0,0.0,0.0,0.0,Deccan Plateau (Telangana) & Eastern Ghats (Semi-Arid); Deccan Plateau (Semi-Arid),2,True,Shared: Deccan Plateau (Telangana) & Eastern Ghats (Semi-Arid) + Deccan Plateau (Semi-Arid),#888888
Yadgir,Hunasagi,KA,0.0,0.0,0.0,0.0,938.1418394168072,0.0,0.0,0.0,0.0,0.0,0.0,0.0,0.0,Deccan Plateau (Semi-Arid),1,False,Deccan Plateau (Semi-Arid),#fa9b58
Yadgir,Shahpur,KA,0.0,0.0,0.0,0.0,1112.3255828967892,0.0,0.0,0.0,0.0,0.0,0.0,0.0,0.0,Deccan Plateau (Semi-Arid),1,False,Deccan Plateau (Semi-Arid),#fa9b58
Yadgir,Shorapur,KA,0.0,0.0,0.0,0.0,1070.554607608749,0.0,0.0,0.0,0.0,0.0,0.0,0.0,0.0,Deccan Plateau (Semi-Arid),1,False,Deccan Plateau (Semi-Arid),#fa9b58
Yadgir,Wadagera,KA,0.0,0.0,0.0,0.1986750410687635,774.5494982304463,0.0,0.0,0.0,0.0,0.0,0.0,0.0,0.0,Deccan Plateau (Telangana) & Eastern Ghats (Semi-Arid); Deccan Plateau (Semi-Arid),2,True,Shared: Deccan Plateau (Telangana) & Eastern Ghats (Semi-Arid) + Deccan Plateau (Semi-Arid),#888888
Yadgir,Yadgir,KA,0.0,0.0,0.0,0.2153026894332025,1116.401490055464,0.0,0.0,0.0,0.0,0.0,0.0,0.0,0.0,Deccan Plateau (Telangana) & Eastern Ghats (Semi-Arid); Deccan Plateau (Semi-Arid),2,True,Shared: Deccan Plateau (Telangana) & Eastern Ghats (Semi-Arid) + Deccan Plateau (Semi-Arid),#888888
Ahmednagar,Akola,MH,0.0,0.0,0.0,0.0,1673.8991379263662,0.0,0.0,0.0,0.0,0.0,0.0,0.0,21.17543166131341,Deccan Plateau (Semi-Arid); Western Ghats & Coastal Plain (Humid–Perhumid),2,True,Shared: Deccan Plateau (Semi-Arid) + Western Ghats & Coastal Plain (Humid–Perhumid),#888888
Ahmednagar,Jamkhed,MH,0.0,0.0,0.0,0.0,976.0982779834228,0.0,0.0,0.0,0.0,0.0,0.0,0.0,0.0,Deccan Plateau (Semi-Arid),1,False,Deccan Plateau (Semi-Arid),#fa9b58
Ahmednagar,Karjat,MH,0.0,0.0,0.0,0.0,1696.3295338845728,0.0,0.0,0.0,0.0,0.0,0.0,0.0,0.0,Deccan Plateau (Semi-Arid),1,False,Deccan Plateau (Semi-Arid),#fa9b58
Ahmednagar,Kopargaon,MH,0.0,0.0,0.0,0.0,806.20492191834,0.0,0.0,0.0,0.0,0.0,0.0,0.0,0.0,Deccan Plateau (Semi-Arid),1,False,Deccan Plateau (Semi-Arid),#fa9b58
Ahmednagar,Nagar,MH,0.0,0.0,0.0,0.0,1622.369672319414,0.0,0.0,0.0,0.0,0.0,0.0,0.0,0.0,Deccan Plateau (Semi-Arid),1,False,Deccan Plateau (Semi-Arid),#fa9b58
Ahmednagar,Nevasa,MH,0.0,0.0,0.0,0.0,1606.14318704902,0.0,0.0,0.0,0.0,0.0,0.0,0.0,0.0,Deccan Plateau (Semi-Arid),1,False,Deccan Plateau (Semi-Arid),#fa9b58
Ahmednagar,Parner,MH,0.0,0.0,0.0,0.0,2067.814915004152,0.0,0.0,0.0,0.0,0.0,0.0,0.0,0.0,Deccan Plateau (Semi-Arid),1,False,Deccan Plateau (Semi-Arid),#fa9b58
Ahmednagar,Pathardi,MH,0.0,0.0,0.0,0.0,1290.7877961024342,0.0,0.0,0.0,0.0,0.0,0.0,0.0,0.0,Deccan Plateau (Semi-Arid),1,False,Deccan Plateau (Semi-Arid),#fa9b58
Ahmednagar,Rahta,MH,0.0,0.0,0.0,0.0,733.5780242385695,0.0,0.0,0.0,0.0,0.0,0.0,0.0,0.0,Deccan Plateau (Semi-Arid),1,False,Deccan Plateau (Semi-Arid),#fa9b58
Ahmednagar,Rahuri,MH,0.0,0.0,0.0,0.0,1156.4801919597885,0.0,0.0,0.0,0.0,0.0,0.0,0.0,0.0,Deccan Plateau (Semi-Arid),1,False,Deccan Plateau (Semi-Arid),#fa9b58
Ahmednagar,Sangamner,MH,0.0,0.0,0.0,0.0,1908.304072274356,0.0,0.0,0.0,0.0,0.0,0.0,0.0,0.0,Deccan Plateau (Semi-Arid),1,False,Deccan Plateau (Semi-Arid),#fa9b58
Ahmednagar,Shevgaon,MH,0.0,0.0,0.0,0.0,1211.7068860577808,0.0,0.0,0.0,0.0,0.0,0.0,0.0,0.0,Deccan Plateau (Semi-Arid),1,False,Deccan Plateau (Semi-Arid),#fa9b58
Ahmednagar,Shrigonda,MH,0.0,0.0,0.0,0.0,1852.954790394643,0.0,0.0,0.0,0.0,0.0,0.0,0.0,0.0,Deccan Plateau (Semi-Arid),1,False,Deccan Plateau (Semi-Arid),#fa9b58
Ahmednagar,Shrirampur,MH,0.0,0.0,0.0,0.0,653.0218332419848,0.0,0.0,0.0,0.0,0.0,0.0,0.0,0.0,Deccan Plateau (Semi-Arid),1,False,Deccan Plateau (Semi-Arid),#fa9b58
Akola,Akola,MH,0.0,0.0,0.0,0.0,1236.6746072602152,0.0,0.0,0.0,0.0,0.0,0.0,0.0,0.0,Deccan Plateau (Semi-Arid),1,False,Deccan Plateau (Semi-Arid),#fa9b58
Akola,Akot,MH,0.0,0.0,0.0,0.0,909.6973278359944,0.0,0.0,0.0,0.0,0.0,0.0,0.0,0.0,Deccan Plateau (Semi-Arid),1,False,Deccan Plateau (Semi-Arid),#fa9b58
Akola,Balapur,MH,0.0,0.0,0.0,0.0,809.6037195220397,0.0,0.0,0.0,0.0,0.0,0.0,0.0,0.0,Deccan Plateau (Semi-Arid),1,False,Deccan Plateau (Semi-Arid),#fa9b58
Akola,Barshitakli,MH,0.0,0.0,0.0,0.0,859.1332405907772,0.0,0.0,0.0,0.0,0.0,0.0,0.0,0.0,Deccan Plateau (Semi-Arid),1,False,Deccan Plateau (Semi-Arid),#fa9b58
Akola,Murtijapur,MH,0.0,0.0,0.0,0.0,907.9337317620714,0.0,0.0,0.0,0.0,0.0,0.0,0.0,0.0,Deccan Plateau (Semi-Arid),1,False,Deccan Plateau (Semi-Arid),#fa9b58
Akola,Patur,MH,0.0,0.0,0.0,0.0,813.1771945454078,0.0,0.0,0.0,0.0,0.0,0.0,0.0,0.0,Deccan Plateau (Semi-Arid),1,False,Deccan Plateau (Semi-Arid),#fa9b58
Akola,Telhara,MH,0.0,0.0,0.0,0.0,703.3909211035626,0.0,0.0,0.0,0.0,0.0,0.0,0.0,0.0,Deccan Plateau (Semi-Arid),1,False,Deccan Plateau (Semi-Arid),#fa9b58
Amravati,Achalpur,MH,0.0,0.0,0.0,0.0,746.0631257230251,0.0,0.0,0.0,0.0,0.0,0.0,0.0,0.0,Deccan Plateau (Semi-Arid),1,False,Deccan Plateau (Semi-Arid),#fa9b58
Amravati,Amravati,MH,0.0,0.0,0.0,0.0,1052.394284994847,0.0,0.0,0.0,0.0,0.0,0.0,0.0,0.0,Deccan Plateau (Semi-Arid),1,False,Deccan Plateau (Semi-Arid),#fa9b58
Amravati,Anjangaon Surji,MH,0.0,0.0,0.0,0.0,605.6801419315499,0.0,0.0,0.0,0.0,0.0,0.0,0.0,0.0,Deccan Plateau (Semi-Arid),1,False,Deccan Plateau (Semi-Arid),#fa9b58
Amravati,Bhatkuli,MH,0.0,0.0,0.0,0.0,677.0284522897156,0.0,0.0,0.0,0.0,0.0,0.0,0.0,0.0,Deccan Plateau (Semi-Arid),1,False,Deccan Plateau (Semi-Arid),#fa9b58
Amravati,Chandur Railway,MH,0.0,0.0,0.0,0.0,626.012525498154,0.0,0.0,0.0,0.0,0.0,0.0,0.0,0.0,Deccan Plateau (Semi-Arid),1,False,Deccan Plateau (Semi-Arid),#fa9b58
Amravati,Chandurbazar,MH,0.0,0.0,0.0,0.0,740.1214796172646,0.0,0.0,0.0,0.0,0.0,0.0,0.0,0.0,Deccan Plateau (Semi-Arid),1,False,Deccan Plateau (Semi-Arid),#fa9b58
Amravati,Chikhaldara,MH,0.0,0.0,966.9535486825384,0.0,1922.201183189673,0.0,0.0,0.0,0.0,0.0,0.0,0.0,0.0,"Central Highlands (Malwa–Bundelkhand, Subhumid Dry); Deccan Plateau (Semi-Arid)",2,True,"Shared: Central Highlands (Malwa–Bundelkhand, Subhumid Dry) + Deccan Plateau (Semi-Arid)",#888888
Amravati,Daryapur,MH,0.0,0.0,0.0,0.0,1005.6726674572504,0.0,0.0,0.0,0.0,0.0,0.0,0.0,0.0,Deccan Plateau (Semi-Arid),1,False,Deccan Plateau (Semi-Arid),#fa9b58
Amravati,Dhamangaon Railway,MH,0.0,0.0,357.32820419992413,0.0,359.61681034619033,0.0,0.0,0.0,0.0,0.0,0.0,0.0,0.0,"Central Highlands (Malwa–Bundelkhand, Subhumid Dry); Deccan Plateau (Semi-Arid)",2,True,"Shared: Central Highlands (Malwa–Bundelkhand, Subhumid Dry) + Deccan Plateau (Semi-Arid)",#888888
Amravati,Dharni,MH,0.0,8.180290434498009,27.53912765366609,0.0,1689.9477551924026,0.0,0.0,0.0,0.0,0.0,0.0,0.0,0.0,"Central Highlands (Malwa)–Gujarat Plain & Kathiawar (Semi-Arid); Central Highlands (Malwa–Bundelkhand, Subhumid Dry); Deccan Plateau (Semi-Arid)",3,True,"Shared: Central Highlands (Malwa)–Gujarat Plain & Kathiawar (Semi-Arid) + Central Highlands (Malwa–Bundelkhand, Subhumid Dry) + Deccan Plateau (Semi-Arid)",#888888
Amravati,Morshi,MH,0.0,0.0,245.39516359489508,0.0,661.5179258429471,0.0,0.0,0.0,0.0,0.0,0.0,0.0,0.0,"Central Highlands (Malwa–Bundelkhand, Subhumid Dry); Deccan Plateau (Semi-Arid)",2,True,"Shared: Central Highlands (Malwa–Bundelkhand, Subhumid Dry) + Deccan Plateau (Semi-Arid)",#888888
Amravati,Nandgaon-Khandeshwar,MH,0.0,0.0,0.0,0.0,930.335660051559,0.0,0.0,0.0,0.0,0.0,0.0,0.0,0.0,Deccan Plateau (Semi-Arid),1,False,Deccan Plateau (Semi-Arid),#fa9b58
Amravati,Teosa,MH,0.0,0.0,141.87142875443973,0.0,487.0070173115511,0.0,0.0,0.0,0.0,0.0,0.0,0.0,0.0,"Central Highlands (Malwa–Bundelkhand, Subhumid Dry); Deccan Plateau (Semi-Arid)",2,True,"Shared: Central Highlands (Malwa–Bundelkhand, Subhumid Dry) + Deccan Plateau (Semi-Arid)",#888888
Amravati,Warud,MH,0.0,0.0,859.4193862912139,0.0,0.0,0.0,0.0,0.0,0.0,0.0,0.0,0.0,0.0,"Central Highlands (Malwa–Bundelkhand, Subhumid Dry)",1,False,"Central Highlands (Malwa–Bundelkhand, Subhumid Dry)",#ee6445
Aurangabad,Aurangabad,MH,0.0,0.0,0.0,0.0,1532.9133656423955,0.0,0.0,0.0,0.0,0.0,0.0,0.0,0.0,Deccan Plateau (Semi-Arid),1,False,Deccan Plateau (Semi-Arid),#fa9b58
Aurangabad,Gangapur,MH,0.0,0.0,0.0,0.0,1459.6807655373486,0.0,0.0,0.0,0.0,0.0,0.0,0.0,0.0,Deccan Plateau (Semi-Arid),1,False,Deccan Plateau (Semi-Arid),#fa9b58
Aurangabad,Kannad,MH,0.0,0.0,0.0,0.0,1766.2046336106014,0.0,0.0,0.0,0.0,0.0,0.0,0.0,0.0,Deccan Plateau (Semi-Arid),1,False,Deccan Plateau (Semi-Arid),#fa9b58
Aurangabad,Khuldabad,MH,0.0,0.0,0.0,0.0,570.4376355649571,0.0,0.0,0.0,0.0,0.0,0.0,0.0,0.0,Deccan Plateau (Semi-Arid),1,False,Deccan Plateau (Semi-Arid),#fa9b58
Aurangabad,Paithan,MH,0.0,0.0,0.0,0.0,1586.4211358006896,0.0,0.0,0.0,0.0,0.0,0.0,0.0,0.0,Deccan Plateau (Semi-Arid),1,False,Deccan Plateau (Semi-Arid),#fa9b58
Aurangabad,Phulambri,MH,0.0,0.0,0.0,0.0,753.1147214781616,0.0,0.0,0.0,0.0,0.0,0.0,0.0,0.0,Deccan Plateau (Semi-Arid),1,False,Deccan Plateau (Semi-Arid),#fa9b58
Aurangabad,Sillod,MH,0.0,0.0,0.0,0.0,1290.1177203057528,0.0,0.0,0.0,0.0,0.0,0.0,0.0,0.0,Deccan Plateau (Semi-Arid),1,False,Deccan Plateau (Semi-Arid),#fa9b58
Aurangabad,Soegaon,MH,0.0,0.0,0.0,0.0,792.1361025474341,0.0,0.0,0.0,0.0,0.0,0.0,0.0,0.0,Deccan Plateau (Semi-Arid),1,False,Deccan Plateau (Semi-Arid),#fa9b58
Aurangabad,Vaijapur,MH,0.0,0.0,0.0,0.0,1838.6476359694027,0.0,0.0,0.0,0.0,0.0,0.0,0.0,0.0,Deccan Plateau (Semi-Arid),1,False,Deccan Plateau (Semi-Arid),#fa9b58
Beed,Ambejogai,MH,0.0,0.0,0.0,0.0,1038.512911338834,0.0,0.0,0.0,0.0,0.0,0.0,0.0,0.0,Deccan Plateau (Semi-Arid),1,False,Deccan Plateau (Semi-Arid),#fa9b58
Beed,Ashti,MH,0.0,0.0,0.0,0.0,1646.3131172032763,0.0,0.0,0.0,0.0,0.0,0.0,0.0,0.0,Deccan Plateau (Semi-Arid),1,False,Deccan Plateau (Semi-Arid),#fa9b58
Beed,Bid,MH,0.0,0.0,0.0,0.0,1691.567784825519,0.0,0.0,0.0,0.0,0.0,0.0,0.0,0.0,Deccan Plateau (Semi-Arid),1,False,Deccan Plateau (Semi-Arid),#fa9b58
Beed,Dharur,MH,0.0,0.0,0.0,0.0,683.8547175746575,0.0,0.0,0.0,0.0,0.0,0.0,0.0,0.0,Deccan Plateau (Semi-Arid),1,False,Deccan Plateau (Semi-Arid),#fa9b58
Beed,Georai,MH,0.0,0.0,0.0,0.0,1480.7931612371012,0.0,0.0,0.0,0.0,0.0,0.0,0.0,0.0,Deccan Plateau (Semi-Arid),1,False,Deccan Plateau (Semi-Arid),#fa9b58
Beed,Kaij,MH,0.0,0.0,0.0,0.0,1323.8845475152912,0.0,0.0,0.0,0.0,0.0,0.0,0.0,0.0,Deccan Plateau (Semi-Arid),1,False,Deccan Plateau (Semi-Arid),#fa9b58
Beed,Manjlegaon,MH,0.0,0.0,0.0,0.0,1045.8049784812492,0.0,0.0,0.0,0.0,0.0,0.0,0.0,0.0,Deccan Plateau (Semi-Arid),1,False,Deccan Plateau (Semi-Arid),#fa9b58
Beed,Parli,MH,0.0,0.0,0.0,0.0,928.2737307977944,0.0,0.0,0.0,0.0,0.0,0.0,0.0,0.0,Deccan Plateau (Semi-Arid),1,False,Deccan Plateau (Semi-Arid),#fa9b58
Beed,Patoda,MH,0.0,0.0,0.0,0.0,866.2927101270045,0.0,0.0,0.0,0.0,0.0,0.0,0.0,0.0,Deccan Plateau (Semi-Arid),1,False,Deccan Plateau (Semi-Arid),#fa9b58
Beed,Shirur (Kasar),MH,0.0,0.0,0.0,0.0,734.5722240096462,0.0,0.0,0.0,0.0,0.0,0.0,0.0,0.0,Deccan Plateau (Semi-Arid),1,False,Deccan Plateau (Semi-Arid),#fa9b58
Beed,Wadwani,MH,0.0,0.0,0.0,0.0,476.3160310551021,0.0,0.0,0.0,0.0,0.0,0.0,0.0,0.0,Deccan Plateau (Semi-Arid),1,False,Deccan Plateau (Semi-Arid),#fa9b58
Bhandara,Bhandara,MH,0.0,0.0,781.5306363331492,0.0,0.0,0.0,0.0,0.0,0.0,0.0,0.0,0.0,0.0,"Central Highlands (Malwa–Bundelkhand, Subhumid Dry)",1,False,"Central Highlands (Malwa–Bundelkhand, Subhumid Dry)",#ee6445
Bhandara,Lakhandur,MH,0.0,0.0,463.6045215935603,0.0,0.0,0.0,0.0,0.0,0.0,0.0,7.877849812838892,0.0,0.0,"Central Highlands (Malwa–Bundelkhand, Subhumid Dry); Eastern Plateau (Chhotanagpur) & Eastern Ghats (Subhumid)",2,True,"Shared: Central Highlands (Malwa–Bundelkhand, Subhumid Dry) + Eastern Plateau (Chhotanagpur) & Eastern Ghats (Subhumid)",#888888
Bhandara,Lakhani,MH,0.0,0.0,513.5825893397689,0.0,0.0,0.0,0.0,0.0,0.0,0.0,0.0,0.0,0.0,"Central Highlands (Malwa–Bundelkhand, Subhumid Dry)",1,False,"Central Highlands (Malwa–Bundelkhand, Subhumid Dry)",#ee6445
Bhandara,Mohadi,MH,0.0,0.0,552.6851396773502,0.0,0.0,0.0,0.0,0.0,0.0,0.0,0.0,0.0,0.0,"Central Highlands (Malwa–Bundelkhand, Subhumid Dry)",1,False,"Central Highlands (Malwa–Bundelkhand, Subhumid Dry)",#ee6445
Bhandara,Pauni,MH,0.0,0.0,719.2126225508537,0.0,0.0,0.0,0.0,0.0,0.0,0.0,47.85104370731017,0.0,0.0,"Central Highlands (Malwa–Bundelkhand, Subhumid Dry); Eastern Plateau (Chhotanagpur) & Eastern Ghats (Subhumid)",2,True,"Shared: Central Highlands (Malwa–Bundelkhand, Subhumid Dry) + Eastern Plateau (Chhotanagpur) & Eastern Ghats (Subhumid)",#888888
Bhandara,Sakoli,MH,0.0,0.0,676.4053698083292,0.0,0.0,0.0,0.0,0.0,0.0,0.0,0.0,0.0,0.0,"Central Highlands (Malwa–Bundelkhand, Subhumid Dry)",1,False,"Central Highlands (Malwa–Bundelkhand, Subhumid Dry)",#ee6445
Bhandara,Tumsar,MH,0.0,0.0,965.3797921375271,0.0,0.0,0.0,0.0,0.0,0.0,0.0,0.0,0.0,0.0,"Central Highlands (Malwa–Bundelkhand, Subhumid Dry)",1,False,"Central Highlands (Malwa–Bundelkhand, Subhumid Dry)",#ee6445
Buldhana,Buldana,MH,0.0,0.0,0.0,0.0,924.5874879127635,0.0,0.0,0.0,0.0,0.0,0.0,0.0,0.0,Deccan Plateau (Semi-Arid),1,False,Deccan Plateau (Semi-Arid),#fa9b58
Buldhana,Chikhli,MH,0.0,0.0,0.0,0.0,1336.2739670715143,0.0,0.0,0.0,0.0,0.0,0.0,0.0,0.0,Deccan Plateau (Semi-Arid),1,False,Deccan Plateau (Semi-Arid),#fa9b58
Buldhana,Deolgaon Raja,MH,0.0,0.0,0.0,0.0,540.7468148245614,0.0,0.0,0.0,0.0,0.0,0.0,0.0,0.0,Deccan Plateau (Semi-Arid),1,False,Deccan Plateau (Semi-Arid),#fa9b58
Buldhana,Jalgaon (Jamod),MH,0.0,0.8726417982313178,0.0,0.0,724.7349817044238,0.0,0.0,0.0,0.0,0.0,0.0,0.0,0.0,Central Highlands (Malwa)–Gujarat Plain & Kathiawar (Semi-Arid); Deccan Plateau (Semi-Arid),2,True,Shared: Central Highlands (Malwa)–Gujarat Plain & Kathiawar (Semi-Arid) + Deccan Plateau (Semi-Arid),#888888
Buldhana,Khamgaon,MH,0.0,0.0,0.0,0.0,1385.664697604501,0.0,0.0,0.0,0.0,0.0,0.0,0.0,0.0,Deccan Plateau (Semi-Arid),1,False,Deccan Plateau (Semi-Arid),#fa9b58
Buldhana,Lonar,MH,0.0,0.0,0.0,0.0,802.7324442449338,0.0,0.0,0.0,0.0,0.0,0.0,0.0,0.0,Deccan Plateau (Semi-Arid),1,False,Deccan Plateau (Semi-Arid),#fa9b58
Buldhana,Malkapur,MH,0.0,0.0,0.0,0.0,517.0763596305646,0.0,0.0,0.0,0.0,0.0,0.0,0.0,0.0,Deccan Plateau (Semi-Arid),1,False,Deccan Plateau (Semi-Arid),#fa9b58
Buldhana,Mehkar,MH,0.0,0.0,0.0,0.0,1230.4031545086264,0.0,0.0,0.0,0.0,0.0,0.0,0.0,0.0,Deccan Plateau (Semi-Arid),1,False,Deccan Plateau (Semi-Arid),#fa9b58
Buldhana,Motala,MH,0.0,0.0,0.0,0.0,857.6794478811844,0.0,0.0,0.0,0.0,0.0,0.0,0.0,0.0,Deccan Plateau (Semi-Arid),1,False,Deccan Plateau (Semi-Arid),#fa9b58
Buldhana,Nandura,MH,0.0,0.0,0.0,0.0,607.3897588072782,0.0,0.0,0.0,0.0,0.0,0.0,0.0,0.0,Deccan Plateau (Semi-Arid),1,False,Deccan Plateau (Semi-Arid),#fa9b58
Buldhana,Sangrampur,MH,0.0,0.0023953893250172,0.0,0.0,722.9656516596351,0.0,0.0,0.0,0.0,0.0,0.0,0.0,0.0,Central Highlands (Malwa)–Gujarat Plain & Kathiawar (Semi-Arid); Deccan Plateau (Semi-Arid),2,True,Shared: Central Highlands (Malwa)–Gujarat Plain & Kathiawar (Semi-Arid) + Deccan Plateau (Semi-Arid),#888888
Buldhana,Shegaon,MH,0.0,0.0,0.0,0.0,585.9163500311058,0.0,0.0,0.0,0.0,0.0,0.0,0.0,0.0,Deccan Plateau (Semi-Arid),1,False,Deccan Plateau (Semi-Arid),#fa9b58
Buldhana,Sindkhed Raja,MH,0.0,0.0,0.0,0.0,927.0343416678288,0.0,0.0,0.0,0.0,0.0,0.0,0.0,0.0,Deccan Plateau (Semi-Arid),1,False,Deccan Plateau (Semi-Arid),#fa9b58
Chandrapur,Ballarpur,MH,0.0,0.0,0.0,0.0,0.0,0.0,0.0,0.0,0.0,0.0,292.7167329698557,0.0,0.0,Eastern Plateau (Chhotanagpur) & Eastern Ghats (Subhumid),1,False,Eastern Plateau (Chhotanagpur) & Eastern Ghats (Subhumid),#5cb7aa
Chandrapur,Bhadravati,MH,0.0,0.0,0.0,0.0,0.0,0.0,0.0,0.0,0.0,0.0,1289.8768072608505,0.0,0.0,Eastern Plateau (Chhotanagpur) & Eastern Ghats (Subhumid),1,False,Eastern Plateau (Chhotanagpur) & Eastern Ghats (Subhumid),#5cb7aa
Chandrapur,Brahmapuri,MH,0.0,0.0,14.56584119493166,0.0,0.0,0.0,0.0,0.0,0.0,0.0,947.9290960609756,0.0,0.0,"Central Highlands (Malwa–Bundelkhand, Subhumid Dry); Eastern Plateau (Chhotanagpur) & Eastern Ghats (Subhumid)",2,True,"Shared: Central Highlands (Malwa–Bundelkhand, Subhumid Dry) + Eastern Plateau (Chhotanagpur) & Eastern Ghats (Subhumid)",#888888
Chandrapur,Chandrapur,MH,0.0,0.0,0.0,0.0,0.0,0.0,0.0,0.0,0.0,0.0,1288.39962470326,0.0,0.0,Eastern Plateau (Chhotanagpur) & Eastern Ghats (Subhumid),1,False,Eastern Plateau (Chhotanagpur) & Eastern Ghats (Subhumid),#5cb7aa
Chandrapur,Chimur,MH,0.0,0.0,66.63732327993452,0.0,0.0,0.0,0.0,0.0,0.0,0.0,1260.1954586590166,0.0,0.0,"Central Highlands (Malwa–Bundelkhand, Subhumid Dry); Eastern Plateau (Chhotanagpur) & Eastern Ghats (Subhumid)",2,True,"Shared: Central Highlands (Malwa–Bundelkhand, Subhumid Dry) + Eastern Plateau (Chhotanagpur) & Eastern Ghats (Subhumid)",#888888
Chandrapur,Gondpipri,MH,0.0,0.0,0.0,0.0,3.0187587898203203,0.0,0.0,0.0,0.0,0.0,811.4381963885406,0.0,0.0,Deccan Plateau (Semi-Arid); Eastern Plateau (Chhotanagpur) & Eastern Ghats (Subhumid),2,True,Shared: Deccan Plateau (Semi-Arid) + Eastern Plateau (Chhotanagpur) & Eastern Ghats (Subhumid),#888888
Chandrapur,Jiwati,MH,0.0,0.0,0.0,0.0,37.51679630625652,0.0,0.0,0.0,0.0,0.0,590.3667533270466,0.0,0.0,Deccan Plateau (Semi-Arid); Eastern Plateau (Chhotanagpur) & Eastern Ghats (Subhumid),2,True,Shared: Deccan Plateau (Semi-Arid) + Eastern Plateau (Chhotanagpur) & Eastern Ghats (Subhumid),#888888
Chandrapur,Korpana,MH,0.0,0.0,0.0,0.0,18.02508410375399,0.0,0.0,0.0,0.0,0.0,600.2167890539948,0.0,0.0,Deccan Plateau (Semi-Arid); Eastern Plateau (Chhotanagpur) & Eastern Ghats (Subhumid),2,True,Shared: Deccan Plateau (Semi-Arid) + Eastern Plateau (Chhotanagpur) & Eastern Ghats (Subhumid),#888888
Chandrapur,Mul,MH,0.0,0.0,0.0,0.0,0.0,0.0,0.0,0.0,0.0,0.0,653.1383203320019,0.0,0.0,Eastern Plateau (Chhotanagpur) & Eastern Ghats (Subhumid),1,False,Eastern Plateau (Chhotanagpur) & Eastern Ghats (Subhumid),#5cb7aa
Chandrapur,Nagbhir,MH,0.0,0.0,0.5135312269945776,0.0,0.0,0.0,0.0,0.0,0.0,0.0,832.9405025464458,0.0,0.0,"Central Highlands (Malwa–Bundelkhand, Subhumid Dry); Eastern Plateau (Chhotanagpur) & Eastern Ghats (Subhumid)",2,True,"Shared: Central Highlands (Malwa–Bundelkhand, Subhumid Dry) + Eastern Plateau (Chhotanagpur) & Eastern Ghats (Subhumid)",#888888
Chandrapur,Pombhurna,MH,0.0,0.0,0.0,0.0,0.0,0.0,0.0,0.0,0.0,0.0,473.37332609600367,0.0,0.0,Eastern Plateau (Chhotanagpur) & Eastern Ghats (Subhumid),1,False,Eastern Plateau (Chhotanagpur) & Eastern Ghats (Subhumid),#5cb7aa
Chandrapur,Rajura,MH,0.0,0.0,0.0,0.0,7.812144752392401,0.0,0.0,0.0,0.0,0.0,932.2368528666648,0.0,0.0,Deccan Plateau (Semi-Arid); Eastern Plateau (Chhotanagpur) & Eastern Ghats (Subhumid),2,True,Shared: Deccan Plateau (Semi-Arid) + Eastern Plateau (Chhotanagpur) & Eastern Ghats (Subhumid),#888888
Chandrapur,Sawali,MH,0.0,0.0,0.0,0.0,0.0,0.0,0.0,0.0,0.0,0.0,804.7896604977722,0.0,0.0,Eastern Plateau (Chhotanagpur) & Eastern Ghats (Subhumid),1,False,Eastern Plateau (Chhotanagpur) & Eastern Ghats (Subhumid),#5cb7aa
Chandrapur,Sindewahi,MH,0.0,0.0,0.0,0.0,0.0,0.0,0.0,0.0,0.0,0.0,889.8247407296273,0.0,0.0,Eastern Plateau (Chhotanagpur) & Eastern Ghats (Subhumid),1,False,Eastern Plateau (Chhotanagpur) & Eastern Ghats (Subhumid),#5cb7aa
Chandrapur,Warora,MH,0.0,0.0,56.87568615043647,0.0,0.0,0.0,0.0,0.0,0.0,0.0,1073.0827304616523,0.0,0.0,"Central Highlands (Malwa–Bundelkhand, Subhumid Dry); Eastern Plateau (Chhotanagpur) & Eastern Ghats (Subhumid)",2,True,"Shared: Central Highlands (Malwa–Bundelkhand, Subhumid Dry) + Eastern Plateau (Chhotanagpur) & Eastern Ghats (Subhumid)",#888888
Dhule,Dhule,MH,0.0,0.0,0.0,0.0,2212.096808703626,0.0,0.0,0.0,0.0,0.0,0.0,0.0,0.0,Deccan Plateau (Semi-Arid),1,False,Deccan Plateau (Semi-Arid),#fa9b58
Dhule,Sakri,MH,0.0,0.0,0.0,0.0,2796.6911403307245,0.0,0.0,0.0,0.0,0.0,0.0,0.0,7.428905301298428,Deccan Plateau (Semi-Arid); Western Ghats & Coastal Plain (Humid–Perhumid),2,True,Shared: Deccan Plateau (Semi-Arid) + Western Ghats & Coastal Plain (Humid–Perhumid),#888888
Dhule,Shirpur,MH,0.0,8.566968303305384,0.0,0.0,1746.0932377387785,0.0,0.0,0.0,0.0,0.0,0.0,0.0,0.0,Central Highlands (Malwa)–Gujarat Plain & Kathiawar (Semi-Arid); Deccan Plateau (Semi-Arid),2,True,Shared: Central Highlands (Malwa)–Gujarat Plain & Kathiawar (Semi-Arid) + Deccan Plateau (Semi-Arid),#888888
Dhule,Sindkhede,MH,0.0,0.0,0.0,0.0,1530.6377550111465,0.0,0.0,0.0,0.0,0.0,0.0,0.0,0.0,Deccan Plateau (Semi-Arid),1,False,Deccan Plateau (Semi-Arid),#fa9b58
Gadchiroli,Aheri,MH,0.0,0.0,0.0,0.0,12.325809933806624,0.0,0.0,0.0,0.0,0.0,2710.7575587548617,0.0,0.0,Deccan Plateau (Semi-Arid); Eastern Plateau (Chhotanagpur) & Eastern Ghats (Subhumid),2,True,Shared: Deccan Plateau (Semi-Arid) + Eastern Plateau (Chhotanagpur) & Eastern Ghats (Subhumid),#888888
Gadchiroli,Armori,MH,0.0,0.0,0.0,0.0,0.0,0.0,0.0,0.0,0.0,0.0,832.7368846429562,0.0,0.0,Eastern Plateau (Chhotanagpur) & Eastern Ghats (Subhumid),1,False,Eastern Plateau (Chhotanagpur) & Eastern Ghats (Subhumid),#5cb7aa
Gadchiroli,Bhamragad,MH,0.0,0.0,0.0,0.0,0.0,0.0,0.0,0.0,0.0,0.0,1645.7056698565907,0.0,0.0,Eastern Plateau (Chhotanagpur) & Eastern Ghats (Subhumid),1,False,Eastern Plateau (Chhotanagpur) & Eastern Ghats (Subhumid),#5cb7aa
Gadchiroli,Chamorshi,MH,0.0,0.0,0.0,0.0,2.479771559862678,0.0,0.0,0.0,0.0,0.0,1484.02957625099,0.0,0.0,Deccan Plateau (Semi-Arid); Eastern Plateau (Chhotanagpur) & Eastern Ghats (Subhumid),2,True,Shared: Deccan Plateau (Semi-Arid) + Eastern Plateau (Chhotanagpur) & Eastern Ghats (Subhumid),#888888
Gadchiroli,Desaiganj (Vadasa),MH,0.0,0.0,56.2178415296798,0.0,0.0,0.0,0.0,0.0,0.0,0.0,270.4075637138824,0.0,0.0,"Central Highlands (Malwa–Bundelkhand, Subhumid Dry); Eastern Plateau (Chhotanagpur) & Eastern Ghats (Subhumid)",2,True,"Shared: Central Highlands (Malwa–Bundelkhand, Subhumid Dry) + Eastern Plateau (Chhotanagpur) & Eastern Ghats (Subhumid)",#888888
Gadchiroli,Dhanora,MH,0.0,0.0,0.0,0.0,0.0,0.0,0.0,0.0,0.0,2.555753568812374,2017.160342774447,0.0,0.0,Eastern Plateau (Chhattisgarh); Eastern Plateau (Chhotanagpur) & Eastern Ghats (Subhumid),2,True,Shared: Eastern Plateau (Chhattisgarh) + Eastern Plateau (Chhotanagpur) & Eastern Ghats (Subhumid),#888888
Gadchiroli,Etapalli,MH,0.0,0.0,0.0,0.0,0.0,0.0,0.0,0.0,0.0,0.0,2488.80225825204,0.0,0.0,Eastern Plateau (Chhotanagpur) & Eastern Ghats (Subhumid),1,False,Eastern Plateau (Chhotanagpur) & Eastern Ghats (Subhumid),#5cb7aa
Gadchiroli,Gadchiroli,MH,0.0,0.0,0.0,0.0,0.0,0.0,0.0,0.0,0.0,0.0,1061.9221532437232,0.0,0.0,Eastern Plateau (Chhotanagpur) & Eastern Ghats (Subhumid),1,False,Eastern Plateau (Chhotanagpur) & Eastern Ghats (Subhumid),#5cb7aa
Gadchiroli,Korchi,MH,0.0,0.0,115.73682401234724,0.0,0.0,0.0,0.0,0.0,0.0,10.23786290141025,672.8755805289537,0.0,0.0,"Central Highlands (Malwa–Bundelkhand, Subhumid Dry); Eastern Plateau (Chhattisgarh); Eastern Plateau (Chhotanagpur) & Eastern Ghats (Subhumid)",3,True,"Shared: Central Highlands (Malwa–Bundelkhand, Subhumid Dry) + Eastern Plateau (Chhattisgarh) + Eastern Plateau (Chhotanagpur) & Eastern Ghats (Subhumid)",#888888
Gadchiroli,Kurkheda,MH,0.0,0.0,31.06845815222152,0.0,0.0,0.0,0.0,0.0,0.0,0.0,857.9273483349443,0.0,0.0,"Central Highlands (Malwa–Bundelkhand, Subhumid Dry); Eastern Plateau (Chhotanagpur) & Eastern Ghats (Subhumid)",2,True,"Shared: Central Highlands (Malwa–Bundelkhand, Subhumid Dry) + Eastern Plateau (Chhotanagpur) & Eastern Ghats (Subhumid)",#888888
Gadchiroli,Mulchera,MH,0.0,0.0,0.0,0.0,2.64960545428876,0.0,0.0,0.0,0.0,0.0,770.8166913911797,0.0,0.0,Deccan Plateau (Semi-Arid); Eastern Plateau (Chhotanagpur) & Eastern Ghats (Subhumid),2,True,Shared: Deccan Plateau (Semi-Arid) + Eastern Plateau (Chhotanagpur) & Eastern Ghats (Subhumid),#888888
Gadchiroli,Sironcha,MH,0.0,0.0,0.0,6.346157205171518,7.55332265645583,0.0,0.0,0.0,0.0,0.0,1428.8399904332448,0.0,0.0,Deccan Plateau (Telangana) & Eastern Ghats (Semi-Arid); Deccan Plateau (Semi-Arid); Eastern Plateau (Chhotanagpur) & Eastern Ghats (Subhumid),3,True,Shared: Deccan Plateau (Telangana) & Eastern Ghats (Semi-Arid) + Deccan Plateau (Semi-Arid) + Eastern Plateau (Chhotanagpur) & Eastern Ghats (Subhumid),#888888
Gondia,Amgaon,MH,0.0,0.0,377.1349442743543,0.0,0.0,0.0,0.0,0.0,0.0,0.0,0.0,0.0,0.0,"Central Highlands (Malwa–Bundelkhand, Subhumid Dry)",1,False,"Central Highlands (Malwa–Bundelkhand, Subhumid Dry)",#ee6445
Gondia,Arjuni Morgaon,MH,0.0,0.0,1072.9078899265717,0.0,0.0,0.0,0.0,0.0,0.0,0.0,9.8744686190555,0.0,0.0,"Central Highlands (Malwa–Bundelkhand, Subhumid Dry); Eastern Plateau (Chhotanagpur) & Eastern Ghats (Subhumid)",2,True,"Shared: Central Highlands (Malwa–Bundelkhand, Subhumid Dry) + Eastern Plateau (Chhotanagpur) & Eastern Ghats (Subhumid)",#888888
Gondia,Deori,MH,0.0,0.0,1222.553513015181,0.0,0.0,0.0,0.0,0.0,0.0,1.046694958476821,0.0,0.0,0.0,"Central Highlands (Malwa–Bundelkhand, Subhumid Dry); Eastern Plateau (Chhattisgarh)",2,True,"Shared: Central Highlands (Malwa–Bundelkhand, Subhumid Dry) + Eastern Plateau (Chhattisgarh)",#888888
Gondia,Gondiya,MH,0.0,0.0,787.5115264024504,0.0,0.0,0.0,0.0,0.0,0.0,0.0,0.0,0.0,0.0,"Central Highlands (Malwa–Bundelkhand, Subhumid Dry)",1,False,"Central Highlands (Malwa–Bundelkhand, Subhumid Dry)",#ee6445
Gondia,Goregaon,MH,0.0,0.0,549.479303319344,0.0,0.0,0.0,0.0,0.0,0.0,0.0,0.0,0.0,0.0,"Central Highlands (Malwa–Bundelkhand, Subhumid Dry)",1,False,"Central Highlands (Malwa–Bundelkhand, Subhumid Dry)",#ee6445
Gondia,Sadak-Arjuni,MH,0.0,0.0,773.2861279470467,0.0,0.0,0.0,0.0,0.0,0.0,0.0,0.0,0.0,0.0,"Central Highlands (Malwa–Bundelkhand, Subhumid Dry)",1,False,"Central Highlands (Malwa–Bundelkhand, Subhumid Dry)",#ee6445
Gondia,Salekasa,MH,0.0,0.0,519.0407299806478,0.0,0.0,0.0,0.0,0.0,0.0,2.163126677276992,0.0,0.0,0.0,"Central Highlands (Malwa–Bundelkhand, Subhumid Dry); Eastern Plateau (Chhattisgarh)",2,True,"Shared: Central Highlands (Malwa–Bundelkhand, Subhumid Dry) + Eastern Plateau (Chhattisgarh)",#888888
Gondia,Tirora,MH,0.0,0.0,725.903915888363,0.0,0.0,0.0,0.0,0.0,0.0,0.0,0.0,0.0,0.0,"Central Highlands (Malwa–Bundelkhand, Subhumid Dry)",1,False,"Central Highlands (Malwa–Bundelkhand, Subhumid Dry)",#ee6445
Hingoli,Aundha (Nagnath),MH,0.0,0.0,0.0,0.0,951.7234216745488,0.0,0.0,0.0,0.0,0.0,0.0,0.0,0.0,Deccan Plateau (Semi-Arid),1,False,Deccan Plateau (Semi-Arid),#fa9b58
Hingoli,Basmath,MH,0.0,0.0,0.0,0.0,976.54742908873,0.0,0.0,0.0,0.0,0.0,0.0,0.0,0.0,Deccan Plateau (Semi-Arid),1,False,Deccan Plateau (Semi-Arid),#fa9b58
Hingoli,Hingoli,MH,0.0,0.0,0.0,0.0,1084.520703562975,0.0,0.0,0.0,0.0,0.0,0.0,0.0,0.0,Deccan Plateau (Semi-Arid),1,False,Deccan Plateau (Semi-Arid),#fa9b58
Hingoli,Kalamnuri,MH,0.0,0.0,0.0,0.0,967.77340051181,0.0,0.0,0.0,0.0,0.0,0.0,0.0,0.0,Deccan Plateau (Semi-Arid),1,False,Deccan Plateau (Semi-Arid),#fa9b58
Hingoli,Sengaon,MH,0.0,0.0,0.0,0.0,1249.210895512653,0.0,0.0,0.0,0.0,0.0,0.0,0.0,0.0,Deccan Plateau (Semi-Arid),1,False,Deccan Plateau (Semi-Arid),#fa9b58
Jalgaon,Amalner,MH,0.0,0.0,0.0,0.0,981.730709962564,0.0,0.0,0.0,0.0,0.0,0.0,0.0,0.0,Deccan Plateau (Semi-Arid),1,False,Deccan Plateau (Semi-Arid),#fa9b58
Jalgaon,Bhadgaon,MH,0.0,0.0,0.0,0.0,557.0164135655386,0.0,0.0,0.0,0.0,0.0,0.0,0.0,0.0,Deccan Plateau (Semi-Arid),1,False,Deccan Plateau (Semi-Arid),#fa9b58
Jalgaon,Bhusawal,MH,0.0,0.0,0.0,0.0,536.8306447038825,0.0,0.0,0.0,0.0,0.0,0.0,0.0,0.0,Deccan Plateau (Semi-Arid),1,False,Deccan Plateau (Semi-Arid),#fa9b58
Jalgaon,Bodvad,MH,0.0,0.0,0.0,0.0,442.30314304153165,0.0,0.0,0.0,0.0,0.0,0.0,0.0,0.0,Deccan Plateau (Semi-Arid),1,False,Deccan Plateau (Semi-Arid),#fa9b58
Jalgaon,Chalisgaon,MH,0.0,0.0,0.0,0.0,1444.49927143409,0.0,0.0,0.0,0.0,0.0,0.0,0.0,0.0,Deccan Plateau (Semi-Arid),1,False,Deccan Plateau (Semi-Arid),#fa9b58
Jalgaon,Chopda,MH,0.0,0.973492855090002,0.0,0.0,1327.490145782995,0.0,0.0,0.0,0.0,0.0,0.0,0.0,0.0,Central Highlands (Malwa)–Gujarat Plain & Kathiawar (Semi-Arid); Deccan Plateau (Semi-Arid),2,True,Shared: Central Highlands (Malwa)–Gujarat Plain & Kathiawar (Semi-Arid) + Deccan Plateau (Semi-Arid),#888888
Jalgaon,Dharangaon,MH,0.0,0.0,0.0,0.0,538.3128832090108,0.0,0.0,0.0,0.0,0.0,0.0,0.0,0.0,Deccan Plateau (Semi-Arid),1,False,Deccan Plateau (Semi-Arid),#fa9b58
Jalgaon,Erandol,MH,0.0,0.0,0.0,0.0,540.8021679116011,0.0,0.0,0.0,0.0,0.0,0.0,0.0,0.0,Deccan Plateau (Semi-Arid),1,False,Deccan Plateau (Semi-Arid),#fa9b58
Jalgaon,Jalgaon,MH,0.0,0.0,0.0,0.0,976.5798832086087,0.0,0.0,0.0,0.0,0.0,0.0,0.0,0.0,Deccan Plateau (Semi-Arid),1,False,Deccan Plateau (Semi-Arid),#fa9b58
Jalgaon,Jamner,MH,0.0,0.0,0.0,0.0,1599.814171104031,0.0,0.0,0.0,0.0,0.0,0.0,0.0,0.0,Deccan Plateau (Semi-Arid),1,False,Deccan Plateau (Semi-Arid),#fa9b58
Jalgaon,Muktainagar (Edlabad),MH,0.0,2.179630851688809,0.0,0.0,738.6460598570974,0.0,0.0,0.0,0.0,0.0,0.0,0.0,0.0,Central Highlands (Malwa)–Gujarat Plain & Kathiawar (Semi-Arid); Deccan Plateau (Semi-Arid),2,True,Shared: Central Highlands (Malwa)–Gujarat Plain & Kathiawar (Semi-Arid) + Deccan Plateau (Semi-Arid),#888888
Jalgaon,Pachora,MH,0.0,0.0,0.0,0.0,973.418789518623,0.0,0.0,0.0,0.0,0.0,0.0,0.0,0.0,Deccan Plateau (Semi-Arid),1,False,Deccan Plateau (Semi-Arid),#fa9b58
Jalgaon,Parola,MH,0.0,0.0,0.0,0.0,852.3219733761811,0.0,0.0,0.0,0.0,0.0,0.0,0.0,0.0,Deccan Plateau (Semi-Arid),1,False,Deccan Plateau (Semi-Arid),#fa9b58
Jalgaon,Raver,MH,0.0,0.5346233437003315,0.0,0.0,1018.1356737600468,0.0,0.0,0.0,0.0,0.0,0.0,0.0,0.0,Central Highlands (Malwa)–Gujarat Plain & Kathiawar (Semi-Arid); Deccan Plateau (Semi-Arid),2,True,Shared: Central Highlands (Malwa)–Gujarat Plain & Kathiawar (Semi-Arid) + Deccan Plateau (Semi-Arid),#888888
Jalgaon,Yawal,MH,0.0,0.8523994600141319,0.0,0.0,1019.7955137622994,0.0,0.0,0.0,0.0,0.0,0.0,0.0,0.0,Central Highlands (Malwa)–Gujarat Plain & Kathiawar (Semi-Arid); Deccan Plateau (Semi-Arid),2,True,Shared: Central Highlands (Malwa)–Gujarat Plain & Kathiawar (Semi-Arid) + Deccan Plateau (Semi-Arid),#888888
Jalna,Ambad,MH,0.0,0.0,0.0,0.0,1442.071306218351,0.0,0.0,0.0,0.0,0.0,0.0,0.0,0.0,Deccan Plateau (Semi-Arid),1,False,Deccan Plateau (Semi-Arid),#fa9b58
Jalna,Badnapur,MH,0.0,0.0,0.0,0.0,857.0598359046045,0.0,0.0,0.0,0.0,0.0,0.0,0.0,0.0,Deccan Plateau (Semi-Arid),1,False,Deccan Plateau (Semi-Arid),#fa9b58
Jalna,Bhokardan,MH,0.0,0.0,0.0,0.0,1383.7449154709727,0.0,0.0,0.0,0.0,0.0,0.0,0.0,0.0,Deccan Plateau (Semi-Arid),1,False,Deccan Plateau (Semi-Arid),#fa9b58
Jalna,Ghansawangi,MH,0.0,0.0,0.0,0.0,1051.815640759236,0.0,0.0,0.0,0.0,0.0,0.0,0.0,0.0,Deccan Plateau (Semi-Arid),1,False,Deccan Plateau (Semi-Arid),#fa9b58
Jalna,Jafferabad,MH,0.0,0.0,0.0,0.0,792.0838174317645,0.0,0.0,0.0,0.0,0.0,0.0,0.0,0.0,Deccan Plateau (Semi-Arid),1,False,Deccan Plateau (Semi-Arid),#fa9b58
Jalna,Jalna,MH,0.0,0.0,0.0,0.0,1372.4146239865945,0.0,0.0,0.0,0.0,0.0,0.0,0.0,0.0,Deccan Plateau (Semi-Arid),1,False,Deccan Plateau (Semi-Arid),#fa9b58
Jalna,Mantha,MH,0.0,0.0,0.0,0.0,875.9424294701587,0.0,0.0,0.0,0.0,0.0,0.0,0.0,0.0,Deccan Plateau (Semi-Arid),1,False,Deccan Plateau (Semi-Arid),#fa9b58
Jalna,Partur,MH,0.0,0.0,0.0,0.0,912.2403713543064,0.0,0.0,0.0,0.0,0.0,0.0,0.0,0.0,Deccan Plateau (Semi-Arid),1,False,Deccan Plateau (Semi-Arid),#fa9b58
Kolhapur,Ajra,MH,0.0,0.0,0.0,0.0,286.8997569965659,0.0,0.0,0.0,0.0,0.0,0.0,0.0,270.2634748742543,Deccan Plateau (Semi-Arid); Western Ghats & Coastal Plain (Humid–Perhumid),2,True,Shared: Deccan Plateau (Semi-Arid) + Western Ghats & Coastal Plain (Humid–Perhumid),#888888
Kolhapur,Bavda,MH,0.0,0.0,0.0,0.0,16.40550339556912,0.0,0.0,0.0,0.0,0.0,0.0,0.0,289.93524176716795,Deccan Plateau (Semi-Arid); Western Ghats & Coastal Plain (Humid–Perhumid),2,True,Shared: Deccan Plateau (Semi-Arid) + Western Ghats & Coastal Plain (Humid–Perhumid),#888888
Kolhapur,Bhudargad,MH,0.0,0.0,0.0,0.0,209.9760821480513,0.0,0.0,0.0,0.0,0.0,0.0,0.0,523.0349171444418,Deccan Plateau (Semi-Arid); Western Ghats & Coastal Plain (Humid–Perhumid),2,True,Shared: Deccan Plateau (Semi-Arid) + Western Ghats & Coastal Plain (Humid–Perhumid),#888888
Kolhapur,Chandgad,MH,0.0,0.0,0.0,0.0,322.06879490408494,0.0,0.0,0.0,0.0,0.0,0.0,0.0,686.5235754724314,Deccan Plateau (Semi-Arid); Western Ghats & Coastal Plain (Humid–Perhumid),2,True,Shared: Deccan Plateau (Semi-Arid) + Western Ghats & Coastal Plain (Humid–Perhumid),#888888
Kolhapur,Gadhinglaj,MH,0.0,0.0,0.0,0.0,495.923715839483,0.0,0.0,0.0,0.0,0.0,0.0,0.0,0.0,Deccan Plateau (Semi-Arid),1,False,Deccan Plateau (Semi-Arid),#fa9b58
Kolhapur,Hatkanangle,MH,0.0,0.0,0.0,0.0,666.4494200056116,0.0,0.0,0.0,0.0,0.0,0.0,0.0,0.0,Deccan Plateau (Semi-Arid),1,False,Deccan Plateau (Semi-Arid),#fa9b58
Kolhapur,Kagal,MH,0.0,0.0,0.0,0.0,594.8845106696444,0.0,0.0,0.0,0.0,0.0,0.0,0.0,0.0,Deccan Plateau (Semi-Arid),1,False,Deccan Plateau (Semi-Arid),#fa9b58
Kolhapur,Karvir,MH,0.0,0.0,0.0,0.0,706.4742912923256,0.0,0.0,0.0,0.0,0.0,0.0,0.0,0.4913122079057866,Deccan Plateau (Semi-Arid); Western Ghats & Coastal Plain (Humid–Perhumid),2,True,Shared: Deccan Plateau (Semi-Arid) + Western Ghats & Coastal Plain (Humid–Perhumid),#888888
Kolhapur,Panhala,MH,0.0,0.0,0.0,0.0,467.1419994529181,0.0,0.0,0.0,0.0,0.0,0.0,0.0,144.5552395096558,Deccan Plateau (Semi-Arid); Western Ghats & Coastal Plain (Humid–Perhumid),2,True,Shared: Deccan Plateau (Semi-Arid) + Western Ghats & Coastal Plain (Humid–Perhumid),#888888
Kolhapur,Radhanagari,MH,0.0,0.0,0.0,0.0,175.66000084016696,0.0,0.0,0.0,0.0,0.0,0.0,0.0,854.8768589699469,Deccan Plateau (Semi-Arid); Western Ghats & Coastal Plain (Humid–Perhumid),2,True,Shared: Deccan Plateau (Semi-Arid) + Western Ghats & Coastal Plain (Humid–Perhumid),#888888
Kolhapur,Shahuwadi,MH,0.0,0.0,0.0,0.0,540.3242996808127,0.0,0.0,0.0,0.0,0.0,0.0,0.0,599.4241177816398,Deccan Plateau (Semi-Arid); Western Ghats & Coastal Plain (Humid–Perhumid),2,True,Shared: Deccan Plateau (Semi-Arid) + Western Ghats & Coastal Plain (Humid–Perhumid),#888888
Kolhapur,Shirol,MH,0.0,0.0,0.0,0.0,554.0090465676863,0.0,0.0,0.0,0.0,0.0,0.0,0.0,0.0,Deccan Plateau (Semi-Arid),1,False,Deccan Plateau (Semi-Arid),#fa9b58
Latur,Ahmadpur,MH,0.0,0.0,0.0,0.0,835.0730165687772,0.0,0.0,0.0,0.0,0.0,0.0,0.0,0.0,Deccan Plateau (Semi-Arid),1,False,Deccan Plateau (Semi-Arid),#fa9b58
Latur,Ausa,MH,0.0,0.0,0.0,0.0,1443.579252227216,0.0,0.0,0.0,0.0,0.0,0.0,0.0,0.0,Deccan Plateau (Semi-Arid),1,False,Deccan Plateau (Semi-Arid),#fa9b58
Latur,Chakur,MH,0.0,0.0,0.0,0.0,703.250495167466,0.0,0.0,0.0,0.0,0.0,0.0,0.0,0.0,Deccan Plateau (Semi-Arid),1,False,Deccan Plateau (Semi-Arid),#fa9b58
Latur,Deoni,MH,0.0,0.0,0.0,0.0,464.7654763689909,0.0,0.0,0.0,0.0,0.0,0.0,0.0,0.0,Deccan Plateau (Semi-Arid),1,False,Deccan Plateau (Semi-Arid),#fa9b58
Latur,Jalkot,MH,0.0,0.0,0.0,0.0,397.9421465404616,0.0,0.0,0.0,0.0,0.0,0.0,0.0,0.0,Deccan Plateau (Semi-Arid),1,False,Deccan Plateau (Semi-Arid),#fa9b58
Latur,Latur,MH,0.0,0.0,0.0,0.0,1178.6897491762936,0.0,0.0,0.0,0.0,0.0,0.0,0.0,0.0,Deccan Plateau (Semi-Arid),1,False,Deccan Plateau (Semi-Arid),#fa9b58
Latur,Nilanga,MH,0.0,0.0,0.0,0.0,1203.368979247078,0.0,0.0,0.0,0.0,0.0,0.0,0.0,0.0,Deccan Plateau (Semi-Arid),1,False,Deccan Plateau (Semi-Arid),#fa9b58
Latur,Renapur,MH,0.0,0.0,0.0,0.0,676.9546071731608,0.0,0.0,0.0,0.0,0.0,0.0,0.0,0.0,Deccan Plateau (Semi-Arid),1,False,Deccan Plateau (Semi-Arid),#fa9b58
Latur,Shirur-Anantpal,MH,0.0,0.0,0.0,0.0,355.08053435858096,0.0,0.0,0.0,0.0,0.0,0.0,0.0,0.0,Deccan Plateau (Semi-Arid),1,False,Deccan Plateau (Semi-Arid),#fa9b58
Latur,Udgir,MH,0.0,0.0,0.0,0.0,786.2311236715868,0.0,0.0,0.0,0.0,0.0,0.0,0.0,0.0,Deccan Plateau (Semi-Arid),1,False,Deccan Plateau (Semi-Arid),#fa9b58
Mumbai Suburban,Mumbai Suburban,MH,0.0,0.0,0.0,0.0,0.0,0.0,0.0,0.0,0.0,0.0,0.0,0.0,549.7078871370215,Western Ghats & Coastal Plain (Humid–Perhumid),1,False,Western Ghats & Coastal Plain (Humid–Perhumid),#5e4fa2
Nagpur,Bhiwapur,MH,0.0,0.0,672.8561978364428,0.0,0.0,0.0,0.0,0.0,0.0,0.0,22.38862104604519,0.0,0.0,"Central Highlands (Malwa–Bundelkhand, Subhumid Dry); Eastern Plateau (Chhotanagpur) & Eastern Ghats (Subhumid)",2,True,"Shared: Central Highlands (Malwa–Bundelkhand, Subhumid Dry) + Eastern Plateau (Chhotanagpur) & Eastern Ghats (Subhumid)",#888888
Nagpur,Hingna,MH,0.0,0.0,896.4075659808141,0.0,0.0,0.0,0.0,0.0,0.0,0.0,0.0,0.0,0.0,"Central Highlands (Malwa–Bundelkhand, Subhumid Dry)",1,False,"Central Highlands (Malwa–Bundelkhand, Subhumid Dry)",#ee6445
Nagpur,Kalameshwar,MH,0.0,0.0,668.5058855035498,0.0,0.0,0.0,0.0,0.0,0.0,0.0,0.0,0.0,0.0,"Central Highlands (Malwa–Bundelkhand, Subhumid Dry)",1,False,"Central Highlands (Malwa–Bundelkhand, Subhumid Dry)",#ee6445
Nagpur,Kamptee,MH,0.0,0.0,490.5797595030179,0.0,0.0,0.0,0.0,0.0,0.0,0.0,0.0,0.0,0.0,"Central Highlands (Malwa–Bundelkhand, Subhumid Dry)",1,False,"Central Highlands (Malwa–Bundelkhand, Subhumid Dry)",#ee6445
Nagpur,Katol,MH,0.0,0.0,1007.5126649022884,0.0,0.0,0.0,0.0,0.0,0.0,0.0,0.0,0.0,0.0,"Central Highlands (Malwa–Bundelkhand, Subhumid Dry)",1,False,"Central Highlands (Malwa–Bundelkhand, Subhumid Dry)",#ee6445
Nagpur,Kuhi,MH,0.0,0.0,928.8873272763916,0.0,0.0,0.0,0.0,0.0,0.0,0.0,0.0,0.0,0.0,"Central Highlands (Malwa–Bundelkhand, Subhumid Dry)",1,False,"Central Highlands (Malwa–Bundelkhand, Subhumid Dry)",#ee6445
Nagpur,Mauda,MH,0.0,0.0,681.1953856751675,0.0,0.0,0.0,0.0,0.0,0.0,0.0,0.0,0.0,0.0,"Central Highlands (Malwa–Bundelkhand, Subhumid Dry)",1,False,"Central Highlands (Malwa–Bundelkhand, Subhumid Dry)",#ee6445
Nagpur,Nagpur (Rural),MH,0.0,0.0,786.9617821307908,0.0,0.0,0.0,0.0,0.0,0.0,0.0,0.0,0.0,0.0,"Central Highlands (Malwa–Bundelkhand, Subhumid Dry)",1,False,"Central Highlands (Malwa–Bundelkhand, Subhumid Dry)",#ee6445
Nagpur,Nagpur (Urban),MH,0.0,0.0,254.43193586146904,0.0,0.0,0.0,0.0,0.0,0.0,0.0,0.0,0.0,0.0,"Central Highlands (Malwa–Bundelkhand, Subhumid Dry)",1,False,"Central Highlands (Malwa–Bundelkhand, Subhumid Dry)",#ee6445
Nagpur,Narkhed,MH,0.0,0.0,868.9886055445743,0.0,0.0,0.0,0.0,0.0,0.0,0.0,0.0,0.0,0.0,"Central Highlands (Malwa–Bundelkhand, Subhumid Dry)",1,False,"Central Highlands (Malwa–Bundelkhand, Subhumid Dry)",#ee6445
Nagpur,Parseoni,MH,0.0,0.0,1002.2758220410552,0.0,0.0,0.0,0.0,0.0,0.0,0.0,0.0,0.0,0.0,"Central Highlands (Malwa–Bundelkhand, Subhumid Dry)",1,False,"Central Highlands (Malwa–Bundelkhand, Subhumid Dry)",#ee6445
Nagpur,Ramtek,MH,0.0,0.0,1328.5864495899718,0.0,0.0,0.0,0.0,0.0,0.0,0.0,0.0,0.0,0.0,"Central Highlands (Malwa–Bundelkhand, Subhumid Dry)",1,False,"Central Highlands (Malwa–Bundelkhand, Subhumid Dry)",#ee6445
Nagpur,Savner,MH,0.0,0.0,786.0123653712675,0.0,0.0,0.0,0.0,0.0,0.0,0.0,0.0,0.0,0.0,"Central Highlands (Malwa–Bundelkhand, Subhumid Dry)",1,False,"Central Highlands (Malwa–Bundelkhand, Subhumid Dry)",#ee6445
Nagpur,Umred,MH,0.0,0.0,1042.5373749340897,0.0,0.0,0.0,0.0,0.0,0.0,0.0,0.0,0.0,0.0,"Central Highlands (Malwa–Bundelkhand, Subhumid Dry)",1,False,"Central Highlands (Malwa–Bundelkhand, Subhumid Dry)",#ee6445
Nanded,Ardhapur,MH,0.0,0.0,0.0,0.0,330.3804338131315,0.0,0.0,0.0,0.0,0.0,0.0,0.0,0.0,Deccan Plateau (Semi-Arid),1,False,Deccan Plateau (Semi-Arid),#fa9b58
Nanded,Bhokar,MH,0.0,0.0,0.0,0.0,749.6117352711602,0.0,0.0,0.0,0.0,0.0,0.0,0.0,0.0,Deccan Plateau (Semi-Arid),1,False,Deccan Plateau (Semi-Arid),#fa9b58
Nanded,Biloli,MH,0.0,0.0,0.0,0.0,588.4265475501606,0.0,0.0,0.0,0.0,0.0,0.0,0.0,0.0,Deccan Plateau (Semi-Arid),1,False,Deccan Plateau (Semi-Arid),#fa9b58
Nanded,Deglur,MH,0.0,0.0,0.0,0.0,687.6189582404363,0.0,0.0,0.0,0.0,0.0,0.0,0.0,0.0,Deccan Plateau (Semi-Arid),1,False,Deccan Plateau (Semi-Arid),#fa9b58
Nanded,Dharmabad,MH,0.0,0.0,0.0,0.0,393.4859504868894,0.0,0.0,0.0,0.0,0.0,0.0,0.0,0.0,Deccan Plateau (Semi-Arid),1,False,Deccan Plateau (Semi-Arid),#fa9b58
Nanded,Hadgaon,MH,0.0,0.0,0.0,0.0,1205.9066298038065,0.0,0.0,0.0,0.0,0.0,0.0,0.0,0.0,Deccan Plateau (Semi-Arid),1,False,Deccan Plateau (Semi-Arid),#fa9b58
Nanded,Himayatnagar,MH,0.0,0.0,0.0,0.0,541.4656036677825,0.0,0.0,0.0,0.0,0.0,0.0,0.0,0.0,Deccan Plateau (Semi-Arid),1,False,Deccan Plateau (Semi-Arid),#fa9b58
Nanded,Kandhar,MH,0.0,0.0,0.0,0.0,957.271583207268,0.0,0.0,0.0,0.0,0.0,0.0,0.0,0.0,Deccan Plateau (Semi-Arid),1,False,Deccan Plateau (Semi-Arid),#fa9b58
Nanded,Kinwat,MH,0.0,0.0,0.0,0.0,1740.5630845988103,0.0,0.0,0.0,0.0,0.0,0.0,0.0,0.0,Deccan Plateau (Semi-Arid),1,False,Deccan Plateau (Semi-Arid),#fa9b58
Nanded,Loha,MH,0.0,0.0,0.0,0.0,976.6561924690876,0.0,0.0,0.0,0.0,0.0,0.0,0.0,0.0,Deccan Plateau (Semi-Arid),1,False,Deccan Plateau (Semi-Arid),#fa9b58
Nanded,Mahoor,MH,0.0,0.0,0.0,0.0,586.1456418634973,0.0,0.0,0.0,0.0,0.0,0.0,0.0,0.0,Deccan Plateau (Semi-Arid),1,False,Deccan Plateau (Semi-Arid),#fa9b58
Nanded,Mudkhed,MH,0.0,0.0,0.0,0.0,375.5252800268911,0.0,0.0,0.0,0.0,0.0,0.0,0.0,0.0,Deccan Plateau (Semi-Arid),1,False,Deccan Plateau (Semi-Arid),#fa9b58
Nanded,Mukhed,MH,0.0,0.0,0.0,0.0,1057.6641966847874,0.0,0.0,0.0,0.0,0.0,0.0,0.0,0.0,Deccan Plateau (Semi-Arid),1,False,Deccan Plateau (Semi-Arid),#fa9b58
Nanded,Naigaon (Khairgaon),MH,0.0,0.0,0.0,0.0,688.0712480924055,0.0,0.0,0.0,0.0,0.0,0.0,0.0,0.0,Deccan Plateau (Semi-Arid),1,False,Deccan Plateau (Semi-Arid),#fa9b58
Nanded,Nanded,MH,0.0,0.0,0.0,0.0,454.4958743048728,0.0,0.0,0.0,0.0,0.0,0.0,0.0,0.0,Deccan Plateau (Semi-Arid),1,False,Deccan Plateau (Semi-Arid),#fa9b58
Nanded,Umri,MH,0.0,0.0,0.0,0.0,522.6001041025794,0.0,0.0,0.0,0.0,0.0,0.0,0.0,0.0,Deccan Plateau (Semi-Arid),1,False,Deccan Plateau (Semi-Arid),#fa9b58
Nandurbar,Akkalkuwa,MH,0.0,1073.5208771755676,0.0,0.0,0.0,0.0,0.0,0.0,0.0,0.0,0.0,0.0,0.0,Central Highlands (Malwa)–Gujarat Plain & Kathiawar (Semi-Arid),1,False,Central Highlands (Malwa)–Gujarat Plain & Kathiawar (Semi-Arid),#d0384e
Nandurbar,Akrani,MH,0.0,1550.3251818707056,0.0,0.0,0.0,0.0,0.0,0.0,0.0,0.0,0.0,0.0,0.0,Central Highlands (Malwa)–Gujarat Plain & Kathiawar (Semi-Arid),1,False,Central Highlands (Malwa)–Gujarat Plain & Kathiawar (Semi-Arid),#d0384e
Nandurbar,Nandurbar,MH,0.0,29.02433201981684,0.0,0.0,1283.9208572357106,0.0,0.0,0.0,0.0,0.0,0.0,0.0,0.0,Central Highlands (Malwa)–Gujarat Plain & Kathiawar (Semi-Arid); Deccan Plateau (Semi-Arid),2,True,Shared: Central Highlands (Malwa)–Gujarat Plain & Kathiawar (Semi-Arid) + Deccan Plateau (Semi-Arid),#888888
Nandurbar,Nawapur,MH,0.0,23.733289360931604,0.0,0.0,970.0299078355174,0.0,0.0,0.0,0.0,0.0,0.0,0.0,119.36818546952892,Central Highlands (Malwa)–Gujarat Plain & Kathiawar (Semi-Arid); Deccan Plateau (Semi-Arid); Western Ghats & Coastal Plain (Humid–Perhumid),3,True,Shared: Central Highlands (Malwa)–Gujarat Plain & Kathiawar (Semi-Arid) + Deccan Plateau (Semi-Arid) + Western Ghats & Coastal Plain (Humid–Perhumid),#888888
Nandurbar,Shahade,MH,0.0,263.0299672465205,0.0,0.0,1107.5471692643418,0.0,0.0,0.0,0.0,0.0,0.0,0.0,0.0,Central Highlands (Malwa)–Gujarat Plain & Kathiawar (Semi-Arid); Deccan Plateau (Semi-Arid),2,True,Shared: Central Highlands (Malwa)–Gujarat Plain & Kathiawar (Semi-Arid) + Deccan Plateau (Semi-Arid),#888888
Nandurbar,Talode,MH,0.0,491.1938067903034,0.0,0.0,15.986281743351269,0.0,0.0,0.0,0.0,0.0,0.0,0.0,0.0,Central Highlands (Malwa)–Gujarat Plain & Kathiawar (Semi-Arid); Deccan Plateau (Semi-Arid),2,True,Shared: Central Highlands (Malwa)–Gujarat Plain & Kathiawar (Semi-Arid) + Deccan Plateau (Semi-Arid),#888888
Nashik,Baglan,MH,0.0,0.0,0.0,0.0,1626.3720868399434,0.0,0.0,0.0,0.0,0.0,0.0,0.0,30.08719404916124,Deccan Plateau (Semi-Arid); Western Ghats & Coastal Plain (Humid–Perhumid),2,True,Shared: Deccan Plateau (Semi-Arid) + Western Ghats & Coastal Plain (Humid–Perhumid),#888888
Nashik,Chandvad,MH,0.0,0.0,0.0,0.0,1020.4872440423368,0.0,0.0,0.0,0.0,0.0,0.0,0.0,0.0,Deccan Plateau (Semi-Arid),1,False,Deccan Plateau (Semi-Arid),#fa9b58
Nashik,Deola,MH,0.0,0.0,0.0,0.0,584.0341459831806,0.0,0.0,0.0,0.0,0.0,0.0,0.0,0.0,Deccan Plateau (Semi-Arid),1,False,Deccan Plateau (Semi-Arid),#fa9b58
Nashik,Dindori,MH,0.0,0.0,0.0,0.0,1552.4247611239405,0.0,0.0,0.0,0.0,0.0,0.0,0.0,0.0,Deccan Plateau (Semi-Arid),1,False,Deccan Plateau (Semi-Arid),#fa9b58
Nashik,Igatpuri,MH,0.0,0.0,0.0,0.0,783.8481032442999,0.0,0.0,0.0,0.0,0.0,0.0,0.0,202.5131739806912,Deccan Plateau (Semi-Arid); Western Ghats & Coastal Plain (Humid–Perhumid),2,True,Shared: Deccan Plateau (Semi-Arid) + Western Ghats & Coastal Plain (Humid–Perhumid),#888888
Nashik,Kalwan,MH,0.0,0.0,0.0,0.0,968.9216023885376,0.0,0.0,0.0,0.0,0.0,0.0,0.0,45.21709676337044,Deccan Plateau (Semi-Arid); Western Ghats & Coastal Plain (Humid–Perhumid),2,True,Shared: Deccan Plateau (Semi-Arid) + Western Ghats & Coastal Plain (Humid–Perhumid),#888888
Nashik,Malegaon,MH,0.0,0.0,0.0,0.0,2089.143891634097,0.0,0.0,0.0,0.0,0.0,0.0,0.0,0.0,Deccan Plateau (Semi-Arid),1,False,Deccan Plateau (Semi-Arid),#fa9b58
Nashik,Nandgaon,MH,0.0,0.0,0.0,0.0,1278.311331010843,0.0,0.0,0.0,0.0,0.0,0.0,0.0,0.0,Deccan Plateau (Semi-Arid),1,False,Deccan Plateau (Semi-Arid),#fa9b58
Nashik,Nashik,MH,0.0,0.0,0.0,0.0,1037.9637582760324,0.0,0.0,0.0,0.0,0.0,0.0,0.0,0.0,Deccan Plateau (Semi-Arid),1,False,Deccan Plateau (Semi-Arid),#fa9b58
Nashik,Niphad,MH,0.0,0.0,0.0,0.0,1176.265255045449,0.0,0.0,0.0,0.0,0.0,0.0,0.0,0.0,Deccan Plateau (Semi-Arid),1,False,Deccan Plateau (Semi-Arid),#fa9b58
Nashik,Peth,MH,0.0,0.0,0.0,0.0,553.5522372299469,0.0,0.0,0.0,0.0,0.0,0.0,0.0,86.1286846269899,Deccan Plateau (Semi-Arid); Western Ghats & Coastal Plain (Humid–Perhumid),2,True,Shared: Deccan Plateau (Semi-Arid) + Western Ghats & Coastal Plain (Humid–Perhumid),#888888
Nashik,Sinnar,MH,0.0,0.0,0.0,0.0,1494.8059397371687,0.0,0.0,0.0,0.0,0.0,0.0,0.0,0.0,Deccan Plateau (Semi-Arid),1,False,Deccan Plateau (Semi-Arid),#fa9b58
Nashik,Surgana,MH,0.0,0.0,0.0,0.0,419.9440042743169,0.0,0.0,0.0,0.0,0.0,0.0,0.0,533.2399660628889,Deccan Plateau (Semi-Arid); Western Ghats & Coastal Plain (Humid–Perhumid),2,True,Shared: Deccan Plateau (Semi-Arid) + Western Ghats & Coastal Plain (Humid–Perhumid),#888888
Nashik,Trimbakeshwar,MH,0.0,0.0,0.0,0.0,421.4478661769808,0.0,0.0,0.0,0.0,0.0,0.0,0.0,636.4740664675483,Deccan Plateau (Semi-Arid); Western Ghats & Coastal Plain (Humid–Perhumid),2,True,Shared: Deccan Plateau (Semi-Arid) + Western Ghats & Coastal Plain (Humid–Perhumid),#888888
Nashik,Yevla,MH,0.0,0.0,0.0,0.0,1199.603725816232,0.0,0.0,0.0,0.0,0.0,0.0,0.0,0.0,Deccan Plateau (Semi-Arid),1,False,Deccan Plateau (Semi-Arid),#fa9b58
Osmanabad,Bhum,MH,0.0,0.0,0.0,0.0,906.3591908684896,0.0,0.0,0.0,0.0,0.0,0.0,0.0,0.0,Deccan Plateau (Semi-Arid),1,False,Deccan Plateau (Semi-Arid),#fa9b58
Osmanabad,Kalamb,MH,0.0,0.0,0.0,0.0,1058.0160407344028,0.0,0.0,0.0,0.0,0.0,0.0,0.0,0.0,Deccan Plateau (Semi-Arid),1,False,Deccan Plateau (Semi-Arid),#fa9b58
Osmanabad,Lohara,MH,0.0,0.0,0.0,0.0,667.584648260795,0.0,0.0,0.0,0.0,0.0,0.0,0.0,0.0,Deccan Plateau (Semi-Arid),1,False,Deccan Plateau (Semi-Arid),#fa9b58
Osmanabad,Osmanabad,MH,0.0,0.0,0.0,0.0,1482.2468349669284,0.0,0.0,0.0,0.0,0.0,0.0,0.0,0.0,Deccan Plateau (Semi-Arid),1,False,Deccan Plateau (Semi-Arid),#fa9b58
Osmanabad,Paranda,MH,0.0,0.0,0.0,0.0,962.064442283602,0.0,0.0,0.0,0.0,0.0,0.0,0.0,0.0,Deccan Plateau (Semi-Arid),1,False,Deccan Plateau (Semi-Arid),#fa9b58
Osmanabad,Tuljapur,MH,0.0,0.0,0.0,0.0,1657.9719684580948,0.0,0.0,0.0,0.0,0.0,0.0,0.0,0.0,Deccan Plateau (Semi-Arid),1,False,Deccan Plateau (Semi-Arid),#fa9b58
Osmanabad,Umarga,MH,0.0,0.0,0.0,0.0,1081.1739193963945,0.0,0.0,0.0,0.0,0.0,0.0,0.0,0.0,Deccan Plateau (Semi-Arid),1,False,Deccan Plateau (Semi-Arid),#fa9b58
Osmanabad,Washi,MH,0.0,0.0,0.0,0.0,624.0010710973543,0.0,0.0,0.0,0.0,0.0,0.0,0.0,0.0,Deccan Plateau (Semi-Arid),1,False,Deccan Plateau (Semi-Arid),#fa9b58
Palghar,Dahanu,MH,0.0,0.0,0.0,0.0,0.0,0.0,0.0,0.0,0.0,0.0,0.0,0.0,1089.2688861258976,Western Ghats & Coastal Plain (Humid–Perhumid),1,False,Western Ghats & Coastal Plain (Humid–Perhumid),#5e4fa2
Palghar,Jawhar,MH,0.0,0.0,0.0,0.0,0.0,0.0,0.0,0.0,0.0,0.0,0.0,0.0,735.8367983523201,Western Ghats & Coastal Plain (Humid–Perhumid),1,False,Western Ghats & Coastal Plain (Humid–Perhumid),#5e4fa2
Palghar,Mokhada,MH,0.0,0.0,0.0,0.0,0.0,0.0,0.0,0.0,0.0,0.0,0.0,0.0,598.0144820520416,Western Ghats & Coastal Plain (Humid–Perhumid),1,False,Western Ghats & Coastal Plain (Humid–Perhumid),#5e4fa2
Palghar,Palghar,MH,0.0,0.0,0.0,0.0,0.0,0.0,0.0,0.0,0.0,0.0,0.0,0.0,1064.2025604880596,Western Ghats & Coastal Plain (Humid–Perhumid),1,False,Western Ghats & Coastal Plain (Humid–Perhumid),#5e4fa2
Palghar,Talasari,MH,0.0,0.0,0.0,0.0,0.0,0.0,0.0,0.0,0.0,0.0,0.0,0.0,302.30713270579986,Western Ghats & Coastal Plain (Humid–Perhumid),1,False,Western Ghats & Coastal Plain (Humid–Perhumid),#5e4fa2
Palghar,Vada,MH,0.0,0.0,0.0,0.0,0.0,0.0,0.0,0.0,0.0,0.0,0.0,0.0,903.1359488680216,Western Ghats & Coastal Plain (Humid–Perhumid),1,False,Western Ghats & Coastal Plain (Humid–Perhumid),#5e4fa2
Palghar,Vasai,MH,0.0,0.0,0.0,0.0,0.0,0.0,0.0,0.0,0.0,0.0,0.0,0.0,633.8405194627951,Western Ghats & Coastal Plain (Humid–Perhumid),1,False,Western Ghats & Coastal Plain (Humid–Perhumid),#5e4fa2
Palghar,Vikramgad,MH,0.0,0.0,0.0,0.0,0.0,0.0,0.0,0.0,0.0,0.0,0.0,0.0,577.1422491014456,Western Ghats & Coastal Plain (Humid–Perhumid),1,False,Western Ghats & Coastal Plain (Humid–Perhumid),#5e4fa2
Parbhani,Gangakhed,MH,0.0,0.0,0.0,0.0,786.2085821883662,0.0,0.0,0.0,0.0,0.0,0.0,0.0,0.0,Deccan Plateau (Semi-Arid),1,False,Deccan Plateau (Semi-Arid),#fa9b58
Parbhani,Jintur,MH,0.0,0.0,0.0,0.0,1304.9231742046202,0.0,0.0,0.0,0.0,0.0,0.0,0.0,0.0,Deccan Plateau (Semi-Arid),1,False,Deccan Plateau (Semi-Arid),#fa9b58
Parbhani,Manwath,MH,0.0,0.0,0.0,0.0,633.5321989199714,0.0,0.0,0.0,0.0,0.0,0.0,0.0,0.0,Deccan Plateau (Semi-Arid),1,False,Deccan Plateau (Semi-Arid),#fa9b58
Parbhani,Palam,MH,0.0,0.0,0.0,0.0,566.7928603916878,0.0,0.0,0.0,0.0,0.0,0.0,0.0,0.0,Deccan Plateau (Semi-Arid),1,False,Deccan Plateau (Semi-Arid),#fa9b58
Parbhani,Parbhani,MH,0.0,0.0,0.0,0.0,1237.3570633834215,0.0,0.0,0.0,0.0,0.0,0.0,0.0,0.0,Deccan Plateau (Semi-Arid),1,False,Deccan Plateau (Semi-Arid),#fa9b58
Parbhani,Pathri,MH,0.0,0.0,0.0,0.0,653.7906430448925,0.0,0.0,0.0,0.0,0.0,0.0,0.0,0.0,Deccan Plateau (Semi-Arid),1,False,Deccan Plateau (Semi-Arid),#fa9b58
Parbhani,Purna,MH,0.0,0.0,0.0,0.0,732.736032694323,0.0,0.0,0.0,0.0,0.0,0.0,0.0,0.0,Deccan Plateau (Semi-Arid),1,False,Deccan Plateau (Semi-Arid),#fa9b58
Parbhani,Sailu,MH,0.0,0.0,0.0,0.0,824.6497738509538,0.0,0.0,0.0,0.0,0.0,0.0,0.0,0.0,Deccan Plateau (Semi-Arid),1,False,Deccan Plateau (Semi-Arid),#fa9b58
Parbhani,Sonpeth,MH,0.0,0.0,0.0,0.0,485.2159838397886,0.0,0.0,0.0,0.0,0.0,0.0,0.0,0.0,Deccan Plateau (Semi-Arid),1,False,Deccan Plateau (Semi-Arid),#fa9b58
Pune,Ambegaon,MH,0.0,0.0,0.0,0.0,1035.384687272426,0.0,0.0,0.0,0.0,0.0,0.0,0.0,117.73698197713814,Deccan Plateau (Semi-Arid); Western Ghats & Coastal Plain (Humid–Perhumid),2,True,Shared: Deccan Plateau (Semi-Arid) + Western Ghats & Coastal Plain (Humid–Perhumid),#888888
Pune,Baramati,MH,0.0,0.0,0.0,0.0,1562.2421962394976,0.0,0.0,0.0,0.0,0.0,0.0,0.0,0.0,Deccan Plateau (Semi-Arid),1,False,Deccan Plateau (Semi-Arid),#fa9b58
Pune,Bhor,MH,0.0,0.0,0.0,0.0,991.7028257338308,0.0,0.0,0.0,0.0,0.0,0.0,0.0,2.8880844787790574,Deccan Plateau (Semi-Arid); Western Ghats & Coastal Plain (Humid–Perhumid),2,True,Shared: Deccan Plateau (Semi-Arid) + Western Ghats & Coastal Plain (Humid–Perhumid),#888888
Pune,Daund,MH,0.0,0.0,0.0,0.0,1405.9195039496904,0.0,0.0,0.0,0.0,0.0,0.0,0.0,0.0,Deccan Plateau (Semi-Arid),1,False,Deccan Plateau (Semi-Arid),#fa9b58
Pune,Haveli,MH,0.0,0.0,0.0,0.0,1427.7407592551688,0.0,0.0,0.0,0.0,0.0,0.0,0.0,0.0,Deccan Plateau (Semi-Arid),1,False,Deccan Plateau (Semi-Arid),#fa9b58
Pune,Indapur,MH,0.0,0.0,0.0,0.0,1638.2885839189933,0.0,0.0,0.0,0.0,0.0,0.0,0.0,0.0,Deccan Plateau (Semi-Arid),1,False,Deccan Plateau (Semi-Arid),#fa9b58
Pune,Junnar,MH,0.0,0.0,0.0,0.0,1485.2314895161571,0.0,0.0,0.0,0.0,0.0,0.0,0.0,0.0,Deccan Plateau (Semi-Arid),1,False,Deccan Plateau (Semi-Arid),#fa9b58
Pune,Khed,MH,0.0,0.0,0.0,0.0,1520.0567759298,0.0,0.0,0.0,0.0,0.0,0.0,0.0,71.7723189919225,Deccan Plateau (Semi-Arid); Western Ghats & Coastal Plain (Humid–Perhumid),2,True,Shared: Deccan Plateau (Semi-Arid) + Western Ghats & Coastal Plain (Humid–Perhumid),#888888
Pune,Mawal,MH,0.0,0.0,0.0,0.0,679.0425338849179,0.0,0.0,0.0,0.0,0.0,0.0,0.0,719.036934323376,Deccan Plateau (Semi-Arid); Western Ghats & Coastal Plain (Humid–Perhumid),2,True,Shared: Deccan Plateau (Semi-Arid) + Western Ghats & Coastal Plain (Humid–Perhumid),#888888
Pune,Mulshi,MH,0.0,0.0,0.0,0.0,568.3903276324974,0.0,0.0,0.0,0.0,0.0,0.0,0.0,561.3083588217166,Deccan Plateau (Semi-Arid); Western Ghats & Coastal Plain (Humid–Perhumid),2,True,Shared: Deccan Plateau (Semi-Arid) + Western Ghats & Coastal Plain (Humid–Perhumid),#888888
Pune,Pune City,MH,0.0,0.0,0.0,0.0,139.20566446011614,0.0,0.0,0.0,0.0,0.0,0.0,0.0,0.0,Deccan Plateau (Semi-Arid),1,False,Deccan Plateau (Semi-Arid),#fa9b58
Pune,Purandhar,MH,0.0,0.0,0.0,0.0,1204.204666073523,0.0,0.0,0.0,0.0,0.0,0.0,0.0,0.0,Deccan Plateau (Semi-Arid),1,False,Deccan Plateau (Semi-Arid),#fa9b58
Pune,Shirur,MH,0.0,0.0,0.0,0.0,1745.200617696109,0.0,0.0,0.0,0.0,0.0,0.0,0.0,0.0,Deccan Plateau (Semi-Arid),1,False,Deccan Plateau (Semi-Arid),#fa9b58
Pune,Velhe,MH,0.0,0.0,0.0,0.0,507.89939914405073,0.0,0.0,0.0,0.0,0.0,0.0,0.0,129.07373720188514,Deccan Plateau (Semi-Arid); Western Ghats & Coastal Plain (Humid–Perhumid),2,True,Shared: Deccan Plateau (Semi-Arid) + Western Ghats & Coastal Plain (Humid–Perhumid),#888888
Raigad,Alibag,MH,0.0,0.0,0.0,0.0,0.0,0.0,0.0,0.0,0.0,0.0,0.0,0.0,583.0057341136786,Western Ghats & Coastal Plain (Humid–Perhumid),1,False,Western Ghats & Coastal Plain (Humid–Perhumid),#5e4fa2
Raigad,Karjat,MH,0.0,0.0,0.0,0.0,0.0,0.0,0.0,0.0,0.0,0.0,0.0,0.0,728.3134404191204,Western Ghats & Coastal Plain (Humid–Perhumid),1,False,Western Ghats & Coastal Plain (Humid–Perhumid),#5e4fa2
Raigad,Khalapur,MH,0.0,0.0,0.0,0.0,0.0,0.0,0.0,0.0,0.0,0.0,0.0,0.0,451.2155990884246,Western Ghats & Coastal Plain (Humid–Perhumid),1,False,Western Ghats & Coastal Plain (Humid–Perhumid),#5e4fa2
Raigad,Mahad,MH,0.0,0.0,0.0,0.0,40.10064723794372,0.0,0.0,0.0,0.0,0.0,0.0,0.0,869.1542890986059,Deccan Plateau (Semi-Arid); Western Ghats & Coastal Plain (Humid–Perhumid),2,True,Shared: Deccan Plateau (Semi-Arid) + Western Ghats & Coastal Plain (Humid–Perhumid),#888888
Raigad,Mangaon,MH,0.0,0.0,0.0,0.0,0.0,0.0,0.0,0.0,0.0,0.0,0.0,0.0,769.8917257364508,Western Ghats & Coastal Plain (Humid–Perhumid),1,False,Western Ghats & Coastal Plain (Humid–Perhumid),#5e4fa2
Raigad,Mhasla,MH,0.0,0.0,0.0,0.0,0.0,0.0,0.0,0.0,0.0,0.0,0.0,0.0,380.0816361940688,Western Ghats & Coastal Plain (Humid–Perhumid),1,False,Western Ghats & Coastal Plain (Humid–Perhumid),#5e4fa2
Raigad,Murud,MH,0.0,0.0,0.0,0.0,0.0,0.0,0.0,0.0,0.0,0.0,0.0,0.0,288.68128017947527,Western Ghats & Coastal Plain (Humid–Perhumid),1,False,Western Ghats & Coastal Plain (Humid–Perhumid),#5e4fa2
Raigad,Panvel,MH,0.0,0.0,0.0,0.0,0.0,0.0,0.0,0.0,0.0,0.0,0.0,0.0,672.6254016057787,Western Ghats & Coastal Plain (Humid–Perhumid),1,False,Western Ghats & Coastal Plain (Humid–Perhumid),#5e4fa2
Raigad,Pen,MH,0.0,0.0,0.0,0.0,0.0,0.0,0.0,0.0,0.0,0.0,0.0,0.0,582.781426773219,Western Ghats & Coastal Plain (Humid–Perhumid),1,False,Western Ghats & Coastal Plain (Humid–Perhumid),#5e4fa2
Raigad,Poladpur,MH,0.0,0.0,0.0,0.0,31.684811974649776,0.0,0.0,0.0,0.0,0.0,0.0,0.0,371.65636627017983,Deccan Plateau (Semi-Arid); Western Ghats & Coastal Plain (Humid–Perhumid),2,True,Shared: Deccan Plateau (Semi-Arid) + Western Ghats & Coastal Plain (Humid–Perhumid),#888888
Raigad,Roha,MH,0.0,0.0,0.0,0.0,0.0,0.0,0.0,0.0,0.0,0.0,0.0,0.0,694.4075438739214,Western Ghats & Coastal Plain (Humid–Perhumid),1,False,Western Ghats & Coastal Plain (Humid–Perhumid),#5e4fa2
Raigad,Shrivardhan,MH,0.0,0.0,0.0,0.0,0.0,0.0,0.0,0.0,0.0,0.0,0.0,0.0,286.2867890447309,Western Ghats & Coastal Plain (Humid–Perhumid),1,False,Western Ghats & Coastal Plain (Humid–Perhumid),#5e4fa2
Raigad,Sudhagad,MH,0.0,0.0,0.0,0.0,0.0,0.0,0.0,0.0,0.0,0.0,0.0,0.0,508.45445148286336,Western Ghats & Coastal Plain (Humid–Perhumid),1,False,Western Ghats & Coastal Plain (Humid–Perhumid),#5e4fa2
Raigad,Tala,MH,0.0,0.0,0.0,0.0,0.0,0.0,0.0,0.0,0.0,0.0,0.0,0.0,284.58219549672845,Western Ghats & Coastal Plain (Humid–Perhumid),1,False,Western Ghats & Coastal Plain (Humid–Perhumid),#5e4fa2
Raigad,Uran,MH,0.0,0.0,0.0,0.0,0.0,0.0,0.0,0.0,0.0,0.0,0.0,0.0,262.1953876163697,Western Ghats & Coastal Plain (Humid–Perhumid),1,False,Western Ghats & Coastal Plain (Humid–Perhumid),#5e4fa2
Ratnagiri,Chiplun,MH,0.0,0.0,0.0,0.0,4.725783263119635,0.0,0.0,0.0,0.0,0.0,0.0,0.0,1227.326057936597,Deccan Plateau (Semi-Arid); Western Ghats & Coastal Plain (Humid–Perhumid),2,True,Shared: Deccan Plateau (Semi-Arid) + Western Ghats & Coastal Plain (Humid–Perhumid),#888888
Ratnagiri,Dapoli,MH,0.0,0.0,0.0,0.0,0.0,0.0,0.0,0.0,0.0,0.0,0.0,0.0,937.3646475273532,Western Ghats & Coastal Plain (Humid–Perhumid),1,False,Western Ghats & Coastal Plain (Humid–Perhumid),#5e4fa2
Ratnagiri,Guhagar,MH,0.0,0.0,0.0,0.0,0.0,0.0,0.0,0.0,0.0,0.0,0.0,0.0,660.0565565993836,Western Ghats & Coastal Plain (Humid–Perhumid),1,False,Western Ghats & Coastal Plain (Humid–Perhumid),#5e4fa2
Ratnagiri,Khed,MH,0.0,0.0,0.0,0.0,10.557181051045331,0.0,0.0,0.0,0.0,0.0,0.0,0.0,1154.2359990190118,Deccan Plateau (Semi-Arid); Western Ghats & Coastal Plain (Humid–Perhumid),2,True,Shared: Deccan Plateau (Semi-Arid) + Western Ghats & Coastal Plain (Humid–Perhumid),#888888
Ratnagiri,Lanja,MH,0.0,0.0,0.0,0.0,0.0,0.0,0.0,0.0,0.0,0.0,0.0,0.0,832.5467046778954,Western Ghats & Coastal Plain (Humid–Perhumid),1,False,Western Ghats & Coastal Plain (Humid–Perhumid),#5e4fa2
Ratnagiri,Mandangad,MH,0.0,0.0,0.0,0.0,0.0,0.0,0.0,0.0,0.0,0.0,0.0,0.0,486.9235470493717,Western Ghats & Coastal Plain (Humid–Perhumid),1,False,Western Ghats & Coastal Plain (Humid–Perhumid),#5e4fa2
Ratnagiri,Rajapur,MH,0.0,0.0,0.0,0.0,0.0,0.0,0.0,0.0,0.0,0.0,0.0,0.0,1312.4217040851524,Western Ghats & Coastal Plain (Humid–Perhumid),1,False,Western Ghats & Coastal Plain (Humid–Perhumid),#5e4fa2
Ratnagiri,Ratnagiri,MH,0.0,0.0,0.0,0.0,0.0,0.0,0.0,0.0,0.0,0.0,0.0,0.0,1053.388671168677,Western Ghats & Coastal Plain (Humid–Perhumid),1,False,Western Ghats & Coastal Plain (Humid–Perhumid),#5e4fa2
Ratnagiri,Sangameshwar,MH,0.0,0.0,0.0,0.0,0.0,0.0,0.0,0.0,0.0,0.0,0.0,0.0,1387.0743905067002,Western Ghats & Coastal Plain (Humid–Perhumid),1,False,Western Ghats & Coastal Plain (Humid–Perhumid),#5e4fa2
Sangli,Atpadi,MH,0.0,0.0,0.0,0.0,960.944092600052,0.0,0.0,0.0,0.0,0.0,0.0,0.0,0.0,Deccan Plateau (Semi-Arid),1,False,Deccan Plateau (Semi-Arid),#fa9b58
Sangli,Jat,MH,0.0,0.0,0.0,0.0,2448.280419698495,0.0,0.0,0.0,0.0,0.0,0.0,1.619753277791214,0.0,Deccan Plateau (Semi-Arid); Karnataka Plateau (incl. Rayalaseema),2,True,Shared: Deccan Plateau (Semi-Arid) + Karnataka Plateau (incl. Rayalaseema),#888888
Sangli,Kadegaon,MH,0.0,0.0,0.0,0.0,631.4058739518763,0.0,0.0,0.0,0.0,0.0,0.0,0.0,0.0,Deccan Plateau (Semi-Arid),1,False,Deccan Plateau (Semi-Arid),#fa9b58
Sangli,Kavathemahankal,MH,0.0,0.0,0.0,0.0,830.4043260224549,0.0,0.0,0.0,0.0,0.0,0.0,0.0,0.0,Deccan Plateau (Semi-Arid),1,False,Deccan Plateau (Semi-Arid),#fa9b58
Sangli,Khanapur,MH,0.0,0.0,0.0,0.0,771.1481283623486,0.0,0.0,0.0,0.0,0.0,0.0,0.0,0.0,Deccan Plateau (Semi-Arid),1,False,Deccan Plateau (Semi-Arid),#fa9b58
Sangli,Miraj,MH,0.0,0.0,0.0,0.0,1093.993317379602,0.0,0.0,0.0,0.0,0.0,0.0,0.0,0.0,Deccan Plateau (Semi-Arid),1,False,Deccan Plateau (Semi-Arid),#fa9b58
Sangli,Palus,MH,0.0,0.0,0.0,0.0,303.36211129720743,0.0,0.0,0.0,0.0,0.0,0.0,0.0,0.0,Deccan Plateau (Semi-Arid),1,False,Deccan Plateau (Semi-Arid),#fa9b58
Sangli,Shirala,MH,0.0,0.0,0.0,0.0,581.8422534603393,0.0,0.0,0.0,0.0,0.0,0.0,0.0,119.07426312673384,Deccan Plateau (Semi-Arid); Western Ghats & Coastal Plain (Humid–Perhumid),2,True,Shared: Deccan Plateau (Semi-Arid) + Western Ghats & Coastal Plain (Humid–Perhumid),#888888
Sangli,Tasgaon,MH,0.0,0.0,0.0,0.0,870.1542703202658,0.0,0.0,0.0,0.0,0.0,0.0,0.0,0.0,Deccan Plateau (Semi-Arid),1,False,Deccan Plateau (Semi-Arid),#fa9b58
Sangli,Walwa,MH,0.0,0.0,0.0,0.0,863.5629093624904,0.0,0.0,0.0,0.0,0.0,0.0,0.0,0.0,Deccan Plateau (Semi-Arid),1,False,Deccan Plateau (Semi-Arid),#fa9b58
Satara,Jaoli,MH,0.0,0.0,0.0,0.0,648.8823110298357,0.0,0.0,0.0,0.0,0.0,0.0,0.0,6.210873489967876,Deccan Plateau (Semi-Arid); Western Ghats & Coastal Plain (Humid–Perhumid),2,True,Shared: Deccan Plateau (Semi-Arid) + Western Ghats & Coastal Plain (Humid–Perhumid),#888888
Satara,Karad,MH,0.0,0.0,0.0,0.0,1144.600598395767,0.0,0.0,0.0,0.0,0.0,0.0,0.0,0.0,Deccan Plateau (Semi-Arid),1,False,Deccan Plateau (Semi-Arid),#fa9b58
Satara,Khandala,MH,0.0,0.0,0.0,0.0,561.0054114211944,0.0,0.0,0.0,0.0,0.0,0.0,0.0,0.0,Deccan Plateau (Semi-Arid),1,False,Deccan Plateau (Semi-Arid),#fa9b58
Satara,Khatav,MH,0.0,0.0,0.0,0.0,1521.815807163673,0.0,0.0,0.0,0.0,0.0,0.0,0.0,0.0,Deccan Plateau (Semi-Arid),1,False,Deccan Plateau (Semi-Arid),#fa9b58
Satara,Koregaon,MH,0.0,0.0,0.0,0.0,999.45066093271,0.0,0.0,0.0,0.0,0.0,0.0,0.0,0.0,Deccan Plateau (Semi-Arid),1,False,Deccan Plateau (Semi-Arid),#fa9b58
Satara,Mahabaleshwar,MH,0.0,0.0,0.0,0.0,498.58825308224544,0.0,0.0,0.0,0.0,0.0,0.0,0.0,78.54276271658577,Deccan Plateau (Semi-Arid); Western Ghats & Coastal Plain (Humid–Perhumid),2,True,Shared: Deccan Plateau (Semi-Arid) + Western Ghats & Coastal Plain (Humid–Perhumid),#888888
Satara,Man,MH,0.0,0.0,0.0,0.0,1690.1762621737355,0.0,0.0,0.0,0.0,0.0,0.0,0.0,0.0,Deccan Plateau (Semi-Arid),1,False,Deccan Plateau (Semi-Arid),#fa9b58
Satara,Patan,MH,0.0,0.0,0.0,0.0,1258.0516214199954,0.0,0.0,0.0,0.0,0.0,0.0,0.0,242.8496630637753,Deccan Plateau (Semi-Arid); Western Ghats & Coastal Plain (Humid–Perhumid),2,True,Shared: Deccan Plateau (Semi-Arid) + Western Ghats & Coastal Plain (Humid–Perhumid),#888888
Satara,Phaltan,MH,0.0,0.0,0.0,0.0,1316.0531105165433,0.0,0.0,0.0,0.0,0.0,0.0,0.0,0.0,Deccan Plateau (Semi-Arid),1,False,Deccan Plateau (Semi-Arid),#fa9b58
Satara,Satara,MH,0.0,0.0,0.0,0.0,957.7224223452336,0.0,0.0,0.0,0.0,0.0,0.0,0.0,0.0,Deccan Plateau (Semi-Arid),1,False,Deccan Plateau (Semi-Arid),#fa9b58
Satara,Wai,MH,0.0,0.0,0.0,0.0,679.6744589586782,0.0,0.0,0.0,0.0,0.0,0.0,0.0,0.0,Deccan Plateau (Semi-Arid),1,False,Deccan Plateau (Semi-Arid),#fa9b58
Sindhudurg,Devgad,MH,0.0,0.0,0.0,0.0,0.0,0.0,0.0,0.0,0.0,0.0,0.0,0.0,857.8000701324453,Western Ghats & Coastal Plain (Humid–Perhumid),1,False,Western Ghats & Coastal Plain (Humid–Perhumid),#5e4fa2
Sindhudurg,Dodamarg,MH,0.0,0.0,0.0,0.0,0.0,0.0,0.0,0.0,0.0,0.0,0.0,0.0,551.2218503451236,Western Ghats & Coastal Plain (Humid–Perhumid),1,False,Western Ghats & Coastal Plain (Humid–Perhumid),#5e4fa2
Sindhudurg,Kankavli,MH,0.0,0.0,0.0,0.0,0.0,0.0,0.0,0.0,0.0,0.0,0.0,0.0,872.3788335879993,Western Ghats & Coastal Plain (Humid–Perhumid),1,False,Western Ghats & Coastal Plain (Humid–Perhumid),#5e4fa2
Sindhudurg,Kudal,MH,0.0,0.0,0.0,0.0,0.0,0.0,0.0,0.0,0.0,0.0,0.0,0.0,921.7062623891476,Western Ghats & Coastal Plain (Humid–Perhumid),1,False,Western Ghats & Coastal Plain (Humid–Perhumid),#5e4fa2
Sindhudurg,Malwan,MH,0.0,0.0,0.0,0.0,0.0,0.0,0.0,0.0,0.0,0.0,0.0,0.0,646.0251587600136,Western Ghats & Coastal Plain (Humid–Perhumid),1,False,Western Ghats & Coastal Plain (Humid–Perhumid),#5e4fa2
Sindhudurg,Sawantwadi,MH,0.0,0.0,0.0,0.0,0.0,0.0,0.0,0.0,0.0,0.0,0.0,0.0,911.0825698400424,Western Ghats & Coastal Plain (Humid–Perhumid),1,False,Western Ghats & Coastal Plain (Humid–Perhumid),#5e4fa2
Sindhudurg,Vaibhavvadi,MH,0.0,0.0,0.0,0.0,0.0,0.0,0.0,0.0,0.0,0.0,0.0,0.0,453.4839685242324,Western Ghats & Coastal Plain (Humid–Perhumid),1,False,Western Ghats & Coastal Plain (Humid–Perhumid),#5e4fa2
Sindhudurg,Vengurla,MH,0.0,0.0,0.0,0.0,0.0,0.0,0.0,0.0,0.0,0.0,0.0,0.0,303.61359071720807,Western Ghats & Coastal Plain (Humid–Perhumid),1,False,Western Ghats & Coastal Plain (Humid–Perhumid),#5e4fa2
Solapur,Akkalkot,MH,0.0,0.0,0.0,0.0,1554.257547425424,0.0,0.0,0.0,0.0,0.0,0.0,0.0,0.0,Deccan Plateau (Semi-Arid),1,False,Deccan Plateau (Semi-Arid),#fa9b58
Solapur,Barshi,MH,0.0,0.0,0.0,0.0,1728.649377697884,0.0,0.0,0.0,0.0,0.0,0.0,0.0,0.0,Deccan Plateau (Semi-Arid),1,False,Deccan Plateau (Semi-Arid),#fa9b58
Solapur,Karmala,MH,0.0,0.0,0.0,0.0,1782.6126369702122,0.0,0.0,0.0,0.0,0.0,0.0,0.0,0.0,Deccan Plateau (Semi-Arid),1,False,Deccan Plateau (Semi-Arid),#fa9b58
Solapur,Madha,MH,0.0,0.0,0.0,0.0,1674.116052109547,0.0,0.0,0.0,0.0,0.0,0.0,0.0,0.0,Deccan Plateau (Semi-Arid),1,False,Deccan Plateau (Semi-Arid),#fa9b58
Solapur,Malshiras,MH,0.0,0.0,0.0,0.0,1772.5691206685146,0.0,0.0,0.0,0.0,0.0,0.0,0.0,0.0,Deccan Plateau (Semi-Arid),1,False,Deccan Plateau (Semi-Arid),#fa9b58
Solapur,Mangalvedhe,MH,0.0,0.0,0.0,0.0,1255.967649953256,0.0,0.0,0.0,0.0,0.0,0.0,0.0,0.0,Deccan Plateau (Semi-Arid),1,False,Deccan Plateau (Semi-Arid),#fa9b58
Solapur,Mohol,MH,0.0,0.0,0.0,0.0,1443.2530441877066,0.0,0.0,0.0,0.0,0.0,0.0,0.0,0.0,Deccan Plateau (Semi-Arid),1,False,Deccan Plateau (Semi-Arid),#fa9b58
Solapur,Pandharpur,MH,0.0,0.0,0.0,0.0,1443.9453679826872,0.0,0.0,0.0,0.0,0.0,0.0,0.0,0.0,Deccan Plateau (Semi-Arid),1,False,Deccan Plateau (Semi-Arid),#fa9b58
Solapur,Sangole,MH,0.0,0.0,0.0,0.0,1764.144869104602,0.0,0.0,0.0,0.0,0.0,0.0,0.0,0.0,Deccan Plateau (Semi-Arid),1,False,Deccan Plateau (Semi-Arid),#fa9b58
Solapur,Solapur North,MH,0.0,0.0,0.0,0.0,734.0205521138425,0.0,0.0,0.0,0.0,0.0,0.0,0.0,0.0,Deccan Plateau (Semi-Arid),1,False,Deccan Plateau (Semi-Arid),#fa9b58
Solapur,Solapur South,MH,0.0,0.0,0.0,0.0,1333.483941381015,0.0,0.0,0.0,0.0,0.0,0.0,0.0,0.0,Deccan Plateau (Semi-Arid),1,False,Deccan Plateau (Semi-Arid),#fa9b58
Thane,Ambarnath,MH,0.0,0.0,0.0,0.0,0.0,0.0,0.0,0.0,0.0,0.0,0.0,0.0,361.0245608995623,Western Ghats & Coastal Plain (Humid–Perhumid),1,False,Western Ghats & Coastal Plain (Humid–Perhumid),#5e4fa2
Thane,Bhiwandi,MH,0.0,0.0,0.0,0.0,0.0,0.0,0.0,0.0,0.0,0.0,0.0,0.0,782.4098197814695,Western Ghats & Coastal Plain (Humid–Perhumid),1,False,Western Ghats & Coastal Plain (Humid–Perhumid),#5e4fa2
Thane,Kalyan,MH,0.0,0.0,0.0,0.0,0.0,0.0,0.0,0.0,0.0,0.0,0.0,0.0,353.3704224268852,Western Ghats & Coastal Plain (Humid–Perhumid),1,False,Western Ghats & Coastal Plain (Humid–Perhumid),#5e4fa2
Thane,Murbad,MH,0.0,0.0,0.0,0.0,171.44970883140462,0.0,0.0,0.0,0.0,0.0,0.0,0.0,839.7814254019631,Deccan Plateau (Semi-Arid); Western Ghats & Coastal Plain (Humid–Perhumid),2,True,Shared: Deccan Plateau (Semi-Arid) + Western Ghats & Coastal Plain (Humid–Perhumid),#888888
Thane,Shahapur,MH,0.0,0.0,0.0,0.0,20.065662664716672,0.0,0.0,0.0,0.0,0.0,0.0,0.0,1824.117652550197,Deccan Plateau (Semi-Arid); Western Ghats & Coastal Plain (Humid–Perhumid),2,True,Shared: Deccan Plateau (Semi-Arid) + Western Ghats & Coastal Plain (Humid–Perhumid),#888888
Thane,Thane,MH,0.0,0.0,0.0,0.0,0.0,0.0,0.0,0.0,0.0,0.0,0.0,0.0,443.9859592518168,Western Ghats & Coastal Plain (Humid–Perhumid),1,False,Western Ghats & Coastal Plain (Humid–Perhumid),#5e4fa2
Thane,Ulhasnagar,MH,0.0,0.0,0.0,0.0,0.0,0.0,0.0,0.0,0.0,0.0,0.0,0.0,12.132405862810668,Western Ghats & Coastal Plain (Humid–Perhumid),1,False,Western Ghats & Coastal Plain (Humid–Perhumid),#5e4fa2
Wardha,Arvi,MH,0.0,0.0,1001.881100244994,0.0,0.0,0.0,0.0,0.0,0.0,0.0,0.0,0.0,0.0,"Central Highlands (Malwa–Bundelkhand, Subhumid Dry)",1,False,"Central Highlands (Malwa–Bundelkhand, Subhumid Dry)",#ee6445
Wardha,Ashti,MH,0.0,0.0,624.5841465062535,0.0,0.0,0.0,0.0,0.0,0.0,0.0,0.0,0.0,0.0,"Central Highlands (Malwa–Bundelkhand, Subhumid Dry)",1,False,"Central Highlands (Malwa–Bundelkhand, Subhumid Dry)",#ee6445
Wardha,Deoli,MH,0.0,0.0,601.5580835468177,0.0,128.64919672502202,0.0,0.0,0.0,0.0,0.0,0.0,0.0,0.0,"Central Highlands (Malwa–Bundelkhand, Subhumid Dry); Deccan Plateau (Semi-Arid)",2,True,"Shared: Central Highlands (Malwa–Bundelkhand, Subhumid Dry) + Deccan Plateau (Semi-Arid)",#888888
Wardha,Hinganghat,MH,0.0,0.0,987.9231515641294,0.0,19.087367105544534,0.0,0.0,0.0,0.0,0.0,6.939232812740101,0.0,0.0,"Central Highlands (Malwa–Bundelkhand, Subhumid Dry); Deccan Plateau (Semi-Arid); Eastern Plateau (Chhotanagpur) & Eastern Ghats (Subhumid)",3,True,"Shared: Central Highlands (Malwa–Bundelkhand, Subhumid Dry) + Deccan Plateau (Semi-Arid) + Eastern Plateau (Chhotanagpur) & Eastern Ghats (Subhumid)",#888888
Wardha,Karanja,MH,0.0,0.0,910.154867242366,0.0,0.0,0.0,0.0,0.0,0.0,0.0,0.0,0.0,0.0,"Central Highlands (Malwa–Bundelkhand, Subhumid Dry)",1,False,"Central Highlands (Malwa–Bundelkhand, Subhumid Dry)",#ee6445
Wardha,Samudrapur,MH,0.0,0.0,1074.8295645873254,0.0,0.0,0.0,0.0,0.0,0.0,0.0,101.75060642122482,0.0,0.0,"Central Highlands (Malwa–Bundelkhand, Subhumid Dry); Eastern Plateau (Chhotanagpur) & Eastern Ghats (Subhumid)",2,True,"Shared: Central Highlands (Malwa–Bundelkhand, Subhumid Dry) + Eastern Plateau (Chhotanagpur) & Eastern Ghats (Subhumid)",#888888
Wardha,Seloo,MH,0.0,0.0,952.2348112128716,0.0,0.0,0.0,0.0,0.0,0.0,0.0,0.0,0.0,0.0,"Central Highlands (Malwa–Bundelkhand, Subhumid Dry)",1,False,"Central Highlands (Malwa–Bundelkhand, Subhumid Dry)",#ee6445
Wardha,Wardha,MH,0.0,0.0,844.9925882978445,0.0,0.0,0.0,0.0,0.0,0.0,0.0,0.0,0.0,0.0,"Central Highlands (Malwa–Bundelkhand, Subhumid Dry)",1,False,"Central Highlands (Malwa–Bundelkhand, Subhumid Dry)",#ee6445
Washim,Karanja,MH,0.0,0.0,0.0,0.0,994.6812370441596,0.0,0.0,0.0,0.0,0.0,0.0,0.0,0.0,Deccan Plateau (Semi-Arid),1,False,Deccan Plateau (Semi-Arid),#fa9b58
Washim,Malegaon,MH,0.0,0.0,0.0,0.0,1049.0617936528272,0.0,0.0,0.0,0.0,0.0,0.0,0.0,0.0,Deccan Plateau (Semi-Arid),1,False,Deccan Plateau (Semi-Arid),#fa9b58
Washim,Mangrulpir,MH,0.0,0.0,0.0,0.0,866.9318994091984,0.0,0.0,0.0,0.0,0.0,0.0,0.0,0.0,Deccan Plateau (Semi-Arid),1,False,Deccan Plateau (Semi-Arid),#fa9b58
Washim,Manora,MH,0.0,0.0,0.0,0.0,916.4319818426846,0.0,0.0,0.0,0.0,0.0,0.0,0.0,0.0,Deccan Plateau (Semi-Arid),1,False,Deccan Plateau (Semi-Arid),#fa9b58
Washim,Risod,MH,0.0,0.0,0.0,0.0,978.3323224422955,0.0,0.0,0.0,0.0,0.0,0.0,0.0,0.0,Deccan Plateau (Semi-Arid),1,False,Deccan Plateau (Semi-Arid),#fa9b58
Washim,Washim,MH,0.0,0.0,0.0,0.0,1070.1504780198886,0.0,0.0,0.0,0.0,0.0,0.0,0.0,0.0,Deccan Plateau (Semi-Arid),1,False,Deccan Plateau (Semi-Arid),#fa9b58
Yavatmal,Arni,MH,0.0,0.0,0.0,0.0,947.4046782210736,0.0,0.0,0.0,0.0,0.0,0.0,0.0,0.0,Deccan Plateau (Semi-Arid),1,False,Deccan Plateau (Semi-Arid),#fa9b58
Yavatmal,Babulgaon,MH,0.0,0.0,9.191743179774935,0.0,652.4001502101005,0.0,0.0,0.0,0.0,0.0,0.0,0.0,0.0,"Central Highlands (Malwa–Bundelkhand, Subhumid Dry); Deccan Plateau (Semi-Arid)",2,True,"Shared: Central Highlands (Malwa–Bundelkhand, Subhumid Dry) + Deccan Plateau (Semi-Arid)",#888888
Yavatmal,Darwha,MH,0.0,0.0,0.0,0.0,1077.9399144169838,0.0,0.0,0.0,0.0,0.0,0.0,0.0,0.0,Deccan Plateau (Semi-Arid),1,False,Deccan Plateau (Semi-Arid),#fa9b58
Yavatmal,Digras,MH,0.0,0.0,0.0,0.0,680.4992864721685,0.0,0.0,0.0,0.0,0.0,0.0,0.0,0.0,Deccan Plateau (Semi-Arid),1,False,Deccan Plateau (Semi-Arid),#fa9b58
Yavatmal,Ghatanji,MH,0.0,0.0,0.0,0.0,1091.7849367025472,0.0,0.0,0.0,0.0,0.0,0.0,0.0,0.0,Deccan Plateau (Semi-Arid),1,False,Deccan Plateau (Semi-Arid),#fa9b58
Yavatmal,Kalamb,MH,0.0,0.0,12.065683330660242,0.0,789.7659897156731,0.0,0.0,0.0,0.0,0.0,0.0,0.0,0.0,"Central Highlands (Malwa–Bundelkhand, Subhumid Dry); Deccan Plateau (Semi-Arid)",2,True,"Shared: Central Highlands (Malwa–Bundelkhand, Subhumid Dry) + Deccan Plateau (Semi-Arid)",#888888
Yavatmal,Kelapur,MH,0.0,0.0,0.0,0.0,982.6474754326944,0.0,0.0,0.0,0.0,0.0,0.0,0.0,0.0,Deccan Plateau (Semi-Arid),1,False,Deccan Plateau (Semi-Arid),#fa9b58
Yavatmal,Mahagaon,MH,0.0,0.0,0.0,0.0,1058.8911184044966,0.0,0.0,0.0,0.0,0.0,0.0,0.0,0.0,Deccan Plateau (Semi-Arid),1,False,Deccan Plateau (Semi-Arid),#fa9b58
Yavatmal,Maregaon,MH,0.0,0.0,1.487039451636878,0.0,418.30034047827314,0.0,0.0,0.0,0.0,0.0,248.46648625637505,0.0,0.0,"Central Highlands (Malwa–Bundelkhand, Subhumid Dry); Deccan Plateau (Semi-Arid); Eastern Plateau (Chhotanagpur) & Eastern Ghats (Subhumid)",3,True,"Shared: Central Highlands (Malwa–Bundelkhand, Subhumid Dry) + Deccan Plateau (Semi-Arid) + Eastern Plateau (Chhotanagpur) & Eastern Ghats (Subhumid)",#888888
Yavatmal,Ner,MH,0.0,0.0,0.0,0.0,847.5620728456943,0.0,0.0,0.0,0.0,0.0,0.0,0.0,0.0,Deccan Plateau (Semi-Arid),1,False,Deccan Plateau (Semi-Arid),#fa9b58
Yavatmal,Pusad,MH,0.0,0.0,0.0,0.0,1391.6127610178828,0.0,0.0,0.0,0.0,0.0,0.0,0.0,0.0,Deccan Plateau (Semi-Arid),1,False,Deccan Plateau (Semi-Arid),#fa9b58
Yavatmal,Ralegaon,MH,0.0,0.0,61.94803502962791,0.0,777.5166304568204,0.0,0.0,0.0,0.0,0.0,4.315680861396922,0.0,0.0,"Central Highlands (Malwa–Bundelkhand, Subhumid Dry); Deccan Plateau (Semi-Arid); Eastern Plateau (Chhotanagpur) & Eastern Ghats (Subhumid)",3,True,"Shared: Central Highlands (Malwa–Bundelkhand, Subhumid Dry) + Deccan Plateau (Semi-Arid) + Eastern Plateau (Chhotanagpur) & Eastern Ghats (Subhumid)",#888888
Yavatmal,Umarkhed,MH,0.0,0.0,0.0,0.0,1389.348286873296,0.0,0.0,0.0,0.0,0.0,0.0,0.0,0.0,Deccan Plateau (Semi-Arid),1,False,Deccan Plateau (Semi-Arid),#fa9b58
Yavatmal,Wani,MH,0.0,0.0,0.0,0.0,136.75598498469563,0.0,0.0,0.0,0.0,0.0,801.530986468459,0.0,0.0,Deccan Plateau (Semi-Arid); Eastern Plateau (Chhotanagpur) & Eastern Ghats (Subhumid),2,True,Shared: Deccan Plateau (Semi-Arid) + Eastern Plateau (Chhotanagpur) & Eastern Ghats (Subhumid),#888888
Yavatmal,Yavatmal,MH,0.0,0.0,0.0,0.0,1249.2470996555166,0.0,0.0,0.0,0.0,0.0,0.0,0.0,0.0,Deccan Plateau (Semi-Arid),1,False,Deccan Plateau (Semi-Arid),#fa9b58
Yavatmal,Zari-Jamani,MH,0.0,0.0,0.0,0.0,791.1991771277255,0.0,0.0,0.0,0.0,0.0,57.79120919965933,0.0,0.0,Deccan Plateau (Semi-Arid); Eastern Plateau (Chhotanagpur) & Eastern Ghats (Subhumid),2,True,Shared: Deccan Plateau (Semi-Arid) + Eastern Plateau (Chhotanagpur) & Eastern Ghats (Subhumid),#888888
Anugul,Anugul,OD,0.0,0.0,0.0,0.0,0.0,0.0,0.0,0.0,0.0,0.0,227.57771537127425,0.0,0.0,Eastern Plateau (Chhotanagpur) & Eastern Ghats (Subhumid),1,False,Eastern Plateau (Chhotanagpur) & Eastern Ghats (Subhumid),#5cb7aa
Anugul,Athmallik,OD,0.0,0.0,0.0,0.0,0.0,0.0,0.0,0.0,0.0,0.0,473.9772580222872,0.0,0.0,Eastern Plateau (Chhotanagpur) & Eastern Ghats (Subhumid),1,False,Eastern Plateau (Chhotanagpur) & Eastern Ghats (Subhumid),#5cb7aa
Anugul,Banarpal,OD,0.0,0.0,0.0,0.0,0.0,0.0,0.0,0.0,0.0,0.0,180.0558949990347,0.0,0.0,Eastern Plateau (Chhotanagpur) & Eastern Ghats (Subhumid),1,False,Eastern Plateau (Chhotanagpur) & Eastern Ghats (Subhumid),#5cb7aa
Anugul,Bantala,OD,0.0,0.0,0.0,0.0,0.0,0.0,0.0,0.0,0.0,0.0,379.2438815645791,0.0,0.0,Eastern Plateau (Chhotanagpur) & Eastern Ghats (Subhumid),1,False,Eastern Plateau (Chhotanagpur) & Eastern Ghats (Subhumid),#5cb7aa
Anugul,Bikrampur,OD,0.0,0.0,0.0,0.0,0.0,0.0,0.0,0.0,0.0,0.0,35.92862595630558,0.0,0.0,Eastern Plateau (Chhotanagpur) & Eastern Ghats (Subhumid),1,False,Eastern Plateau (Chhotanagpur) & Eastern Ghats (Subhumid),#5cb7aa
Anugul,Chhendipada,OD,0.0,0.0,0.0,0.0,0.0,0.0,0.0,0.0,0.0,0.0,587.6127625342344,0.0,0.0,Eastern Plateau (Chhotanagpur) & Eastern Ghats (Subhumid),1,False,Eastern Plateau (Chhotanagpur) & Eastern Ghats (Subhumid),#5cb7aa
Anugul,Colliery,OD,0.0,0.0,0.0,0.0,0.0,0.0,0.0,0.0,0.0,0.0,134.90816830465502,0.0,0.0,Eastern Plateau (Chhotanagpur) & Eastern Ghats (Subhumid),1,False,Eastern Plateau (Chhotanagpur) & Eastern Ghats (Subhumid),#5cb7aa
Anugul,Handapa,OD,0.0,0.0,0.0,0.0,0.0,0.0,0.0,0.0,0.0,0.0,499.1536619058551,0.0,0.0,Eastern Plateau (Chhotanagpur) & Eastern Ghats (Subhumid),1,False,Eastern Plateau (Chhotanagpur) & Eastern Ghats (Subhumid),#5cb7aa
Anugul,Industrial,OD,0.0,0.0,0.0,0.0,0.0,0.0,0.0,0.0,0.0,0.0,183.7185900114412,0.0,0.0,Eastern Plateau (Chhotanagpur) & Eastern Ghats (Subhumid),1,False,Eastern Plateau (Chhotanagpur) & Eastern Ghats (Subhumid),#5cb7aa
Anugul,Jarapada,OD,0.0,0.0,0.0,0.0,0.0,0.0,0.0,0.0,0.0,0.0,309.0954947261113,0.0,0.0,Eastern Plateau (Chhotanagpur) & Eastern Ghats (Subhumid),1,False,Eastern Plateau (Chhotanagpur) & Eastern Ghats (Subhumid),#5cb7aa
Anugul,Kaniha,OD,0.0,0.0,0.0,0.0,0.0,0.0,0.0,0.0,0.0,0.0,372.0562237778886,0.0,0.0,Eastern Plateau (Chhotanagpur) & Eastern Ghats (Subhumid),1,False,Eastern Plateau (Chhotanagpur) & Eastern Ghats (Subhumid),#5cb7aa
Anugul,Khamar,OD,0.0,0.0,0.0,0.0,0.0,0.0,0.0,0.0,0.0,0.0,539.4616740786215,0.0,0.0,Eastern Plateau (Chhotanagpur) & Eastern Ghats (Subhumid),1,False,Eastern Plateau (Chhotanagpur) & Eastern Ghats (Subhumid),#5cb7aa
Anugul,Kiakata,OD,0.0,0.0,0.0,0.0,0.0,0.0,0.0,0.0,0.0,0.0,186.7861749054004,0.0,0.0,Eastern Plateau (Chhotanagpur) & Eastern Ghats (Subhumid),1,False,Eastern Plateau (Chhotanagpur) & Eastern Ghats (Subhumid),#5cb7aa
Anugul,Kishorenagar,OD,0.0,0.0,0.0,0.0,0.0,0.0,0.0,0.0,0.0,0.0,471.8937848466717,0.0,0.0,Eastern Plateau (Chhotanagpur) & Eastern Ghats (Subhumid),1,False,Eastern Plateau (Chhotanagpur) & Eastern Ghats (Subhumid),#5cb7aa
Anugul,N.T.P.C.,OD,0.0,0.0,0.0,0.0,0.0,0.0,0.0,0.0,0.0,0.0,24.64719362801988,0.0,0.0,Eastern Plateau (Chhotanagpur) & Eastern Ghats (Subhumid),1,False,Eastern Plateau (Chhotanagpur) & Eastern Ghats (Subhumid),#5cb7aa
Anugul,Nalco,OD,0.0,0.0,0.0,0.0,0.0,0.0,0.0,0.0,0.0,0.0,47.18738671748668,0.0,0.0,Eastern Plateau (Chhotanagpur) & Eastern Ghats (Subhumid),1,False,Eastern Plateau (Chhotanagpur) & Eastern Ghats (Subhumid),#5cb7aa
Anugul,Palalahada,OD,0.0,0.0,0.0,0.0,0.0,0.0,0.0,0.0,0.0,0.0,827.0917110712408,0.0,0.0,Eastern Plateau (Chhotanagpur) & Eastern Ghats (Subhumid),1,False,Eastern Plateau (Chhotanagpur) & Eastern Ghats (Subhumid),#5cb7aa
Anugul,Purunakot,OD,0.0,0.0,0.0,0.0,0.0,0.0,0.0,0.0,0.0,0.0,763.3805022944149,0.0,0.0,Eastern Plateau (Chhotanagpur) & Eastern Ghats (Subhumid),1,False,Eastern Plateau (Chhotanagpur) & Eastern Ghats (Subhumid),#5cb7aa
Anugul,Rengali Damsite,OD,0.0,0.0,0.0,0.0,0.0,0.0,0.0,0.0,0.0,0.0,197.2495927232636,0.0,0.0,Eastern Plateau (Chhotanagpur) & Eastern Ghats (Subhumid),1,False,Eastern Plateau (Chhotanagpur) & Eastern Ghats (Subhumid),#5cb7aa
Anugul,Samal Barrage,OD,0.0,0.0,0.0,0.0,0.0,0.0,0.0,0.0,0.0,0.0,192.5727476414896,0.0,0.0,Eastern Plateau (Chhotanagpur) & Eastern Ghats (Subhumid),1,False,Eastern Plateau (Chhotanagpur) & Eastern Ghats (Subhumid),#5cb7aa
Anugul,Talcher Sadar,OD,0.0,0.0,0.0,0.0,0.0,0.0,0.0,0.0,0.0,0.0,203.07836101050216,0.0,0.0,Eastern Plateau (Chhotanagpur) & Eastern Ghats (Subhumid),1,False,Eastern Plateau (Chhotanagpur) & Eastern Ghats (Subhumid),#5cb7aa
Anugul,Thakurgarh,OD,0.0,0.0,0.0,0.0,0.0,0.0,0.0,0.0,0.0,0.0,520.6967983508947,0.0,0.0,Eastern Plateau (Chhotanagpur) & Eastern Ghats (Subhumid),1,False,Eastern Plateau (Chhotanagpur) & Eastern Ghats (Subhumid),#5cb7aa
Balangir,Balangir,OD,0.0,0.0,0.0,0.0,0.0,0.0,0.0,0.0,0.0,0.0,1035.3331504466607,0.0,0.0,Eastern Plateau (Chhotanagpur) & Eastern Ghats (Subhumid),1,False,Eastern Plateau (Chhotanagpur) & Eastern Ghats (Subhumid),#5cb7aa
Balangir,Bangomunda,OD,0.0,0.0,0.0,0.0,0.0,0.0,0.0,0.0,0.0,0.0,233.5902238742028,0.0,0.0,Eastern Plateau (Chhotanagpur) & Eastern Ghats (Subhumid),1,False,Eastern Plateau (Chhotanagpur) & Eastern Ghats (Subhumid),#5cb7aa
Balangir,Belpara,OD,0.0,0.0,0.0,0.0,0.0,0.0,0.0,0.0,0.0,0.0,581.5706066593139,0.0,0.0,Eastern Plateau (Chhotanagpur) & Eastern Ghats (Subhumid),1,False,Eastern Plateau (Chhotanagpur) & Eastern Ghats (Subhumid),#5cb7aa
Balangir,Kantabanji,OD,0.0,0.0,0.0,0.0,0.0,0.0,0.0,0.0,0.0,0.0,203.72568839533005,0.0,0.0,Eastern Plateau (Chhotanagpur) & Eastern Ghats (Subhumid),1,False,Eastern Plateau (Chhotanagpur) & Eastern Ghats (Subhumid),#5cb7aa
Balangir,Khaprakhol,OD,0.0,0.0,0.0,0.0,0.0,0.0,0.0,0.0,0.0,0.0,680.4271445067343,0.0,0.0,Eastern Plateau (Chhotanagpur) & Eastern Ghats (Subhumid),1,False,Eastern Plateau (Chhotanagpur) & Eastern Ghats (Subhumid),#5cb7aa
Balangir,Loisinga,OD,0.0,0.0,0.0,0.0,0.0,0.0,0.0,0.0,0.0,0.0,559.9047163471103,0.0,0.0,Eastern Plateau (Chhotanagpur) & Eastern Ghats (Subhumid),1,False,Eastern Plateau (Chhotanagpur) & Eastern Ghats (Subhumid),#5cb7aa
Balangir,Patnagarh,OD,0.0,0.0,0.0,0.0,0.0,0.0,0.0,0.0,0.0,0.0,869.2934170388903,0.0,0.0,Eastern Plateau (Chhotanagpur) & Eastern Ghats (Subhumid),1,False,Eastern Plateau (Chhotanagpur) & Eastern Ghats (Subhumid),#5cb7aa
Balangir,Saintala,OD,0.0,0.0,0.0,0.0,0.0,0.0,0.0,0.0,0.0,0.0,937.4966496891334,0.0,0.0,Eastern Plateau (Chhotanagpur) & Eastern Ghats (Subhumid),1,False,Eastern Plateau (Chhotanagpur) & Eastern Ghats (Subhumid),#5cb7aa
Balangir,Sindhekela,OD,0.0,0.0,0.0,0.0,0.0,0.0,0.0,0.0,0.0,0.0,331.8316475801092,0.0,0.0,Eastern Plateau (Chhotanagpur) & Eastern Ghats (Subhumid),1,False,Eastern Plateau (Chhotanagpur) & Eastern Ghats (Subhumid),#5cb7aa
Balangir,Titlagarh,OD,0.0,0.0,0.0,0.0,0.0,0.0,0.0,0.0,0.0,0.0,617.0881392104772,0.0,0.0,Eastern Plateau (Chhotanagpur) & Eastern Ghats (Subhumid),1,False,Eastern Plateau (Chhotanagpur) & Eastern Ghats (Subhumid),#5cb7aa
Balangir,Turekela,OD,0.0,0.0,0.0,0.0,0.0,0.0,0.0,0.0,0.0,0.0,480.0336981356991,0.0,0.0,Eastern Plateau (Chhotanagpur) & Eastern Ghats (Subhumid),1,False,Eastern Plateau (Chhotanagpur) & Eastern Ghats (Subhumid),#5cb7aa
Balangir,Tushura,OD,0.0,0.0,0.0,0.0,0.0,0.0,0.0,0.0,0.0,0.0,963.4084877636856,0.0,0.0,Eastern Plateau (Chhotanagpur) & Eastern Ghats (Subhumid),1,False,Eastern Plateau (Chhotanagpur) & Eastern Ghats (Subhumid),#5cb7aa
Baleshwar,Balaramgadi Marine,OD,0.0,0.0,0.0,0.0,0.0,33.90142064296334,0.0,0.0,0.0,0.0,0.0,0.0,0.0,Eastern Coastal Plain (Subhumid–Semi-Arid),1,False,Eastern Coastal Plain (Subhumid–Semi-Arid),#fff1a8
Baleshwar,Baleshwar (M),OD,0.0,0.0,0.0,0.0,0.0,26.69171384007819,0.0,0.0,0.0,0.0,0.0,0.0,0.0,Eastern Coastal Plain (Subhumid–Semi-Arid),1,False,Eastern Coastal Plain (Subhumid–Semi-Arid),#fff1a8
Baleshwar,Baleshwar Sadar,OD,0.0,0.0,0.0,0.0,0.0,381.2723960900674,0.0,0.0,0.0,0.0,20.66632521403341,0.0,0.0,Eastern Coastal Plain (Subhumid–Semi-Arid); Eastern Plateau (Chhotanagpur) & Eastern Ghats (Subhumid),2,True,Shared: Eastern Coastal Plain (Subhumid–Semi-Arid) + Eastern Plateau (Chhotanagpur) & Eastern Ghats (Subhumid),#888888
Baleshwar,Baliapal,OD,0.0,0.0,0.0,0.0,0.0,262.5166798115279,0.0,0.0,0.0,0.0,0.0,0.0,0.0,Eastern Coastal Plain (Subhumid–Semi-Arid),1,False,Eastern Coastal Plain (Subhumid–Semi-Arid),#fff1a8
Baleshwar,Bampada,OD,0.0,0.0,0.0,0.0,0.0,27.43609673832324,0.0,0.0,0.0,0.0,7.2840466372363215,0.0,0.0,Eastern Coastal Plain (Subhumid–Semi-Arid); Eastern Plateau (Chhotanagpur) & Eastern Ghats (Subhumid),2,True,Shared: Eastern Coastal Plain (Subhumid–Semi-Arid) + Eastern Plateau (Chhotanagpur) & Eastern Ghats (Subhumid),#888888
Baleshwar,Basta,OD,0.0,0.0,0.0,0.0,0.0,230.8370072215676,0.0,0.0,0.0,0.0,54.32651791868418,0.0,0.0,Eastern Coastal Plain (Subhumid–Semi-Arid); Eastern Plateau (Chhotanagpur) & Eastern Ghats (Subhumid),2,True,Shared: Eastern Coastal Plain (Subhumid–Semi-Arid) + Eastern Plateau (Chhotanagpur) & Eastern Ghats (Subhumid),#888888
Baleshwar,Berhampur,OD,0.0,0.0,0.0,0.0,0.0,0.0,0.0,0.0,0.0,0.0,274.0852924049578,0.0,0.0,Eastern Plateau (Chhotanagpur) & Eastern Ghats (Subhumid),1,False,Eastern Plateau (Chhotanagpur) & Eastern Ghats (Subhumid),#5cb7aa
Baleshwar,Bhograi,OD,0.0,0.0,0.0,0.0,0.0,241.1090687687216,0.0,0.0,0.0,0.0,0.0,0.0,0.0,Eastern Coastal Plain (Subhumid–Semi-Arid),1,False,Eastern Coastal Plain (Subhumid–Semi-Arid),#fff1a8
Baleshwar,Chandipur,OD,0.0,0.0,0.0,0.0,0.0,83.37242577005358,0.0,0.0,0.0,0.0,0.0,0.0,0.0,Eastern Coastal Plain (Subhumid–Semi-Arid),1,False,Eastern Coastal Plain (Subhumid–Semi-Arid),#fff1a8
Baleshwar,Jaleswar,OD,0.0,0.0,0.0,0.0,0.0,200.901207891197,0.0,0.0,0.0,0.0,23.851383026929383,0.0,0.0,Eastern Coastal Plain (Subhumid–Semi-Arid); Eastern Plateau (Chhotanagpur) & Eastern Ghats (Subhumid),2,True,Shared: Eastern Coastal Plain (Subhumid–Semi-Arid) + Eastern Plateau (Chhotanagpur) & Eastern Ghats (Subhumid),#888888
Baleshwar,Kamarda,OD,0.0,0.0,0.0,0.0,0.0,163.92038769326552,0.0,0.0,0.0,0.0,0.0,0.0,0.0,Eastern Coastal Plain (Subhumid–Semi-Arid),1,False,Eastern Coastal Plain (Subhumid–Semi-Arid),#fff1a8
Baleshwar,Khaira,OD,0.0,0.0,0.0,0.0,0.0,0.0,0.0,0.0,0.0,0.0,297.4282004302011,0.0,0.0,Eastern Plateau (Chhotanagpur) & Eastern Ghats (Subhumid),1,False,Eastern Plateau (Chhotanagpur) & Eastern Ghats (Subhumid),#5cb7aa
Baleshwar,Nilagiri,OD,0.0,0.0,0.0,0.0,0.0,5.710192455995867,0.0,0.0,0.0,0.0,314.4551390283174,0.0,0.0,Eastern Coastal Plain (Subhumid–Semi-Arid); Eastern Plateau (Chhotanagpur) & Eastern Ghats (Subhumid),2,True,Shared: Eastern Coastal Plain (Subhumid–Semi-Arid) + Eastern Plateau (Chhotanagpur) & Eastern Ghats (Subhumid),#888888
Baleshwar,Oupada,OD,0.0,0.0,0.0,0.0,0.0,0.0,0.0,0.0,0.0,0.0,195.98209334332205,0.0,0.0,Eastern Plateau (Chhotanagpur) & Eastern Ghats (Subhumid),1,False,Eastern Plateau (Chhotanagpur) & Eastern Ghats (Subhumid),#5cb7aa
Baleshwar,Raibania,OD,1.138452872647739,0.0,0.0,0.0,0.0,0.0474144688298741,0.0,0.0,0.0,0.0,216.05726806433097,0.0,0.0,Assam & Bengal Plain (Subhumid–Humid); Eastern Coastal Plain (Subhumid–Semi-Arid); Eastern Plateau (Chhotanagpur) & Eastern Ghats (Subhumid),3,True,Shared: Assam & Bengal Plain (Subhumid–Humid) + Eastern Coastal Plain (Subhumid–Semi-Arid) + Eastern Plateau (Chhotanagpur) & Eastern Ghats (Subhumid),#888888
Baleshwar,Remuna,OD,0.0,0.0,0.0,0.0,0.0,8.235422769641307,0.0,0.0,0.0,0.0,125.0233987182584,0.0,0.0,Eastern Coastal Plain (Subhumid–Semi-Arid); Eastern Plateau (Chhotanagpur) & Eastern Ghats (Subhumid),2,True,Shared: Eastern Coastal Plain (Subhumid–Semi-Arid) + Eastern Plateau (Chhotanagpur) & Eastern Ghats (Subhumid),#888888
Baleshwar,Rupsa,OD,0.0,0.0,0.0,0.0,0.0,25.253760193427016,0.0,0.0,0.0,0.0,11.527604171564125,0.0,0.0,Eastern Coastal Plain (Subhumid–Semi-Arid); Eastern Plateau (Chhotanagpur) & Eastern Ghats (Subhumid),2,True,Shared: Eastern Coastal Plain (Subhumid–Semi-Arid) + Eastern Plateau (Chhotanagpur) & Eastern Ghats (Subhumid),#888888
Baleshwar,Sahadevkhunta,OD,0.0,0.0,0.0,0.0,0.0,13.863853171182488,0.0,0.0,0.0,0.0,0.0,0.0,0.0,Eastern Coastal Plain (Subhumid–Semi-Arid),1,False,Eastern Coastal Plain (Subhumid–Semi-Arid),#fff1a8
Baleshwar,Similia,OD,0.0,0.0,0.0,0.0,0.0,39.73902512857242,0.0,0.0,0.0,0.0,292.4028688085745,0.0,0.0,Eastern Coastal Plain (Subhumid–Semi-Arid); Eastern Plateau (Chhotanagpur) & Eastern Ghats (Subhumid),2,True,Shared: Eastern Coastal Plain (Subhumid–Semi-Arid) + Eastern Plateau (Chhotanagpur) & Eastern Ghats (Subhumid),#888888
Baleshwar,Singla,OD,0.0,0.0,0.0,0.0,0.0,246.0110821405325,0.0,0.0,0.0,0.0,0.0,0.0,0.0,Eastern Coastal Plain (Subhumid–Semi-Arid),1,False,Eastern Coastal Plain (Subhumid–Semi-Arid),#fff1a8
Baleshwar,Soro,OD,0.0,0.0,0.0,0.0,0.0,387.4765767047207,0.0,0.0,0.0,0.0,202.10226688126133,0.0,0.0,Eastern Coastal Plain (Subhumid–Semi-Arid); Eastern Plateau (Chhotanagpur) & Eastern Ghats (Subhumid),2,True,Shared: Eastern Coastal Plain (Subhumid–Semi-Arid) + Eastern Plateau (Chhotanagpur) & Eastern Ghats (Subhumid),#888888
Bargarh,Ambabhona,OD,0.0,0.0,0.0,0.0,0.0,0.0,0.0,0.0,0.0,12.33157405232716,646.87434415526,0.0,0.0,Eastern Plateau (Chhattisgarh); Eastern Plateau (Chhotanagpur) & Eastern Ghats (Subhumid),2,True,Shared: Eastern Plateau (Chhattisgarh) + Eastern Plateau (Chhotanagpur) & Eastern Ghats (Subhumid),#888888
Bargarh,Attabira,OD,0.0,0.0,0.0,0.0,0.0,0.0,0.0,0.0,0.0,0.0,731.1692374422099,0.0,0.0,Eastern Plateau (Chhotanagpur) & Eastern Ghats (Subhumid),1,False,Eastern Plateau (Chhotanagpur) & Eastern Ghats (Subhumid),#5cb7aa
Bargarh,Barapali,OD,0.0,0.0,0.0,0.0,0.0,0.0,0.0,0.0,0.0,0.0,329.43868250295054,0.0,0.0,Eastern Plateau (Chhotanagpur) & Eastern Ghats (Subhumid),1,False,Eastern Plateau (Chhotanagpur) & Eastern Ghats (Subhumid),#5cb7aa
Bargarh,Bargarh,OD,0.0,0.0,0.0,0.0,0.0,0.0,0.0,0.0,0.0,0.0,199.81625689405507,0.0,0.0,Eastern Plateau (Chhotanagpur) & Eastern Ghats (Subhumid),1,False,Eastern Plateau (Chhotanagpur) & Eastern Ghats (Subhumid),#5cb7aa
Bargarh,Bargarh Sadar,OD,0.0,0.0,0.0,0.0,0.0,0.0,0.0,0.0,0.0,0.0,244.4232142749937,0.0,0.0,Eastern Plateau (Chhotanagpur) & Eastern Ghats (Subhumid),1,False,Eastern Plateau (Chhotanagpur) & Eastern Ghats (Subhumid),#5cb7aa
Bargarh,Bhatli,OD,0.0,0.0,0.0,0.0,0.0,0.0,0.0,0.0,0.0,1.918567160168796,538.8634222939972,0.0,0.0,Eastern Plateau (Chhattisgarh); Eastern Plateau (Chhotanagpur) & Eastern Ghats (Subhumid),2,True,Shared: Eastern Plateau (Chhattisgarh) + Eastern Plateau (Chhotanagpur) & Eastern Ghats (Subhumid),#888888
Bargarh,Bheden,OD,0.0,0.0,0.0,0.0,0.0,0.0,0.0,0.0,0.0,0.0,430.7143894841389,0.0,0.0,Eastern Plateau (Chhotanagpur) & Eastern Ghats (Subhumid),1,False,Eastern Plateau (Chhotanagpur) & Eastern Ghats (Subhumid),#5cb7aa
Bargarh,Bijepur,OD,0.0,0.0,0.0,0.0,0.0,0.0,0.0,0.0,0.0,0.0,380.1550644806407,0.0,0.0,Eastern Plateau (Chhotanagpur) & Eastern Ghats (Subhumid),1,False,Eastern Plateau (Chhotanagpur) & Eastern Ghats (Subhumid),#5cb7aa
Bargarh,Burdenp.S.,OD,0.0,0.0,0.0,0.0,0.0,0.0,0.0,0.0,0.0,0.0,267.2077670507382,0.0,0.0,Eastern Plateau (Chhotanagpur) & Eastern Ghats (Subhumid),1,False,Eastern Plateau (Chhotanagpur) & Eastern Ghats (Subhumid),#5cb7aa
Bargarh,Gaisilet,OD,0.0,0.0,0.0,0.0,0.0,0.0,0.0,0.0,0.0,0.0,375.3642602652372,0.0,0.0,Eastern Plateau (Chhotanagpur) & Eastern Ghats (Subhumid),1,False,Eastern Plateau (Chhotanagpur) & Eastern Ghats (Subhumid),#5cb7aa
Bargarh,Jharbandha,OD,0.0,0.0,0.0,0.0,0.0,0.0,0.0,0.0,0.0,20.685768317762744,739.6646132102684,0.0,0.0,Eastern Plateau (Chhattisgarh); Eastern Plateau (Chhotanagpur) & Eastern Ghats (Subhumid),2,True,Shared: Eastern Plateau (Chhattisgarh) + Eastern Plateau (Chhotanagpur) & Eastern Ghats (Subhumid),#888888
Bargarh,Melchhamunda,OD,0.0,0.0,0.0,0.0,0.0,0.0,0.0,0.0,0.0,4.178434600548944,348.0867019623669,0.0,0.0,Eastern Plateau (Chhattisgarh); Eastern Plateau (Chhotanagpur) & Eastern Ghats (Subhumid),2,True,Shared: Eastern Plateau (Chhattisgarh) + Eastern Plateau (Chhotanagpur) & Eastern Ghats (Subhumid),#888888
Bargarh,Padmapur,OD,0.0,0.0,0.0,0.0,0.0,0.0,0.0,0.0,0.0,3.623559044593316,341.2351385616221,0.0,0.0,Eastern Plateau (Chhattisgarh); Eastern Plateau (Chhotanagpur) & Eastern Ghats (Subhumid),2,True,Shared: Eastern Plateau (Chhattisgarh) + Eastern Plateau (Chhotanagpur) & Eastern Ghats (Subhumid),#888888
Bargarh,Paikamal,OD,0.0,0.0,0.0,0.0,0.0,0.0,0.0,0.0,0.0,0.0,657.0713514147164,0.0,0.0,Eastern Plateau (Chhotanagpur) & Eastern Ghats (Subhumid),1,False,Eastern Plateau (Chhotanagpur) & Eastern Ghats (Subhumid),#5cb7aa
Bargarh,Sohela,OD,0.0,0.0,0.0,0.0,0.0,0.0,0.0,0.0,0.0,10.106929988171885,475.9285286056187,0.0,0.0,Eastern Plateau (Chhattisgarh); Eastern Plateau (Chhotanagpur) & Eastern Ghats (Subhumid),2,True,Shared: Eastern Plateau (Chhattisgarh) + Eastern Plateau (Chhotanagpur) & Eastern Ghats (Subhumid),#888888
Bhadrak,Agarpada,OD,0.0,0.0,0.0,0.0,0.0,0.0,0.0,0.0,0.0,0.0,107.51823540140882,0.0,0.0,Eastern Plateau (Chhotanagpur) & Eastern Ghats (Subhumid),1,False,Eastern Plateau (Chhotanagpur) & Eastern Ghats (Subhumid),#5cb7aa
Bhadrak,Bansada,OD,2.390926720467198,0.0,0.0,0.0,0.0,356.2349337507834,0.0,0.0,0.0,0.0,0.0,0.0,0.0,Assam & Bengal Plain (Subhumid–Humid); Eastern Coastal Plain (Subhumid–Semi-Arid),2,True,Shared: Assam & Bengal Plain (Subhumid–Humid) + Eastern Coastal Plain (Subhumid–Semi-Arid),#888888
Bhadrak,Bant,OD,0.0,0.0,0.0,0.0,0.0,0.0,0.0,0.0,0.0,0.0,116.39018068369634,0.0,0.0,Eastern Plateau (Chhotanagpur) & Eastern Ghats (Subhumid),1,False,Eastern Plateau (Chhotanagpur) & Eastern Ghats (Subhumid),#5cb7aa
Bhadrak,Basudebpur,OD,0.0,0.0,0.0,0.0,0.0,289.9043460410719,0.0,0.0,0.0,0.0,0.0,0.0,0.0,Eastern Coastal Plain (Subhumid–Semi-Arid),1,False,Eastern Coastal Plain (Subhumid–Semi-Arid),#fff1a8
Bhadrak,Bhadrak Rural,OD,0.0,0.0,0.0,0.0,0.0,6.204087566090825,0.0,0.0,0.0,0.0,465.45815118540855,0.0,0.0,Eastern Coastal Plain (Subhumid–Semi-Arid); Eastern Plateau (Chhotanagpur) & Eastern Ghats (Subhumid),2,True,Shared: Eastern Coastal Plain (Subhumid–Semi-Arid) + Eastern Plateau (Chhotanagpur) & Eastern Ghats (Subhumid),#888888
Bhadrak,Bhandari Pokhari,OD,0.0,0.0,0.0,0.0,0.0,0.0,0.0,0.0,0.0,0.0,256.55133455735734,0.0,0.0,Eastern Plateau (Chhotanagpur) & Eastern Ghats (Subhumid),1,False,Eastern Plateau (Chhotanagpur) & Eastern Ghats (Subhumid),#5cb7aa
Bhadrak,Chandabali,OD,0.0,0.0,0.0,0.0,0.0,219.6162215356633,0.0,0.0,0.0,0.0,0.0,0.0,0.0,Eastern Coastal Plain (Subhumid–Semi-Arid),1,False,Eastern Coastal Plain (Subhumid–Semi-Arid),#fff1a8
Bhadrak,Dhamanagar,OD,0.0,0.0,0.0,0.0,0.0,0.0,0.0,0.0,0.0,0.0,172.29284546063303,0.0,0.0,Eastern Plateau (Chhotanagpur) & Eastern Ghats (Subhumid),1,False,Eastern Plateau (Chhotanagpur) & Eastern Ghats (Subhumid),#5cb7aa
Bhadrak,Dhamara Marine,OD,0.0,0.0,0.0,0.0,0.0,7.629891115233608,0.0,0.0,0.0,0.0,0.0,0.0,0.0,Eastern Coastal Plain (Subhumid–Semi-Arid),1,False,Eastern Coastal Plain (Subhumid–Semi-Arid),#fff1a8
Bhadrak,Dhusuri,OD,0.0,0.0,0.0,0.0,0.0,51.83027842372,0.0,0.0,0.0,0.0,145.75371883048953,0.0,0.0,Eastern Coastal Plain (Subhumid–Semi-Arid); Eastern Plateau (Chhotanagpur) & Eastern Ghats (Subhumid),2,True,Shared: Eastern Coastal Plain (Subhumid–Semi-Arid) + Eastern Plateau (Chhotanagpur) & Eastern Ghats (Subhumid),#888888
Bhadrak,Naikanidihi,OD,0.0,0.0,0.0,0.0,0.0,261.08610517677795,0.0,0.0,0.0,0.0,0.0,0.0,0.0,Eastern Coastal Plain (Subhumid–Semi-Arid),1,False,Eastern Coastal Plain (Subhumid–Semi-Arid),#fff1a8
Bhadrak,Tihidi,OD,0.0,0.0,0.0,0.0,0.0,247.9892236096706,0.0,0.0,0.0,0.0,107.70893283276696,0.0,0.0,Eastern Coastal Plain (Subhumid–Semi-Arid); Eastern Plateau (Chhotanagpur) & Eastern Ghats (Subhumid),2,True,Shared: Eastern Coastal Plain (Subhumid–Semi-Arid) + Eastern Plateau (Chhotanagpur) & Eastern Ghats (Subhumid),#888888
Boudh,Baudh Sadar,OD,0.0,0.0,0.0,0.0,0.0,0.0,0.0,0.0,0.0,0.0,871.845693626386,0.0,0.0,Eastern Plateau (Chhotanagpur) & Eastern Ghats (Subhumid),1,False,Eastern Plateau (Chhotanagpur) & Eastern Ghats (Subhumid),#5cb7aa
Boudh,Baunsuni,OD,0.0,0.0,0.0,0.0,0.0,0.0,0.0,0.0,0.0,0.0,160.31292937736356,0.0,0.0,Eastern Plateau (Chhotanagpur) & Eastern Ghats (Subhumid),1,False,Eastern Plateau (Chhotanagpur) & Eastern Ghats (Subhumid),#5cb7aa
Boudh,Harbhanga,OD,0.0,0.0,0.0,0.0,0.0,0.0,0.0,0.0,0.0,0.0,655.1555222941579,0.0,0.0,Eastern Plateau (Chhotanagpur) & Eastern Ghats (Subhumid),1,False,Eastern Plateau (Chhotanagpur) & Eastern Ghats (Subhumid),#5cb7aa
Boudh,Kantamal,OD,0.0,0.0,0.0,0.0,0.0,0.0,0.0,0.0,0.0,0.0,696.0488828368849,0.0,0.0,Eastern Plateau (Chhotanagpur) & Eastern Ghats (Subhumid),1,False,Eastern Plateau (Chhotanagpur) & Eastern Ghats (Subhumid),#5cb7aa
Boudh,Manamunda,OD,0.0,0.0,0.0,0.0,0.0,0.0,0.0,0.0,0.0,0.0,757.6464942779539,0.0,0.0,Eastern Plateau (Chhotanagpur) & Eastern Ghats (Subhumid),1,False,Eastern Plateau (Chhotanagpur) & Eastern Ghats (Subhumid),#5cb7aa
Boudh,Puruna Katak,OD,0.0,0.0,0.0,0.0,0.0,0.0,0.0,0.0,0.0,0.0,421.4225141005157,0.0,0.0,Eastern Plateau (Chhotanagpur) & Eastern Ghats (Subhumid),1,False,Eastern Plateau (Chhotanagpur) & Eastern Ghats (Subhumid),#5cb7aa
Cuttack,Athagad,OD,0.0,0.0,0.0,0.0,0.0,0.0,0.0,0.0,0.0,0.0,174.76210282291692,0.0,0.0,Eastern Plateau (Chhotanagpur) & Eastern Ghats (Subhumid),1,False,Eastern Plateau (Chhotanagpur) & Eastern Ghats (Subhumid),#5cb7aa
Cuttack,Badamba,OD,0.0,0.0,0.0,0.0,0.0,0.0,0.0,0.0,0.0,0.0,419.7136512670237,0.0,0.0,Eastern Plateau (Chhotanagpur) & Eastern Ghats (Subhumid),1,False,Eastern Plateau (Chhotanagpur) & Eastern Ghats (Subhumid),#5cb7aa
Cuttack,Baidyeswar,OD,0.0,0.0,0.0,0.0,0.0,0.0,0.0,0.0,0.0,0.0,118.41889752505652,0.0,0.0,Eastern Plateau (Chhotanagpur) & Eastern Ghats (Subhumid),1,False,Eastern Plateau (Chhotanagpur) & Eastern Ghats (Subhumid),#5cb7aa
Cuttack,Banki,OD,0.0,0.0,0.0,0.0,0.0,0.0,0.0,0.0,0.0,0.0,475.2196822359056,0.0,0.0,Eastern Plateau (Chhotanagpur) & Eastern Ghats (Subhumid),1,False,Eastern Plateau (Chhotanagpur) & Eastern Ghats (Subhumid),#5cb7aa
Cuttack,Barang,OD,0.0,0.0,0.0,0.0,0.0,0.0,0.0,0.0,0.0,0.0,75.15601286593129,0.0,0.0,Eastern Plateau (Chhotanagpur) & Eastern Ghats (Subhumid),1,False,Eastern Plateau (Chhotanagpur) & Eastern Ghats (Subhumid),#5cb7aa
Cuttack,C.R.R.I.,OD,0.0,0.0,0.0,0.0,0.0,0.0,0.0,0.0,0.0,0.0,6.367359189908143,0.0,0.0,Eastern Plateau (Chhotanagpur) & Eastern Ghats (Subhumid),1,False,Eastern Plateau (Chhotanagpur) & Eastern Ghats (Subhumid),#5cb7aa
Cuttack,Choudwar,OD,0.0,0.0,0.0,0.0,0.0,0.0,0.0,0.0,0.0,0.0,237.38738151585648,0.0,0.0,Eastern Plateau (Chhotanagpur) & Eastern Ghats (Subhumid),1,False,Eastern Plateau (Chhotanagpur) & Eastern Ghats (Subhumid),#5cb7aa
Cuttack,Cuttack (M.Corp.) P.S,OD,0.0,0.0,0.0,0.0,0.0,0.0,0.0,0.0,0.0,0.0,140.21105669388885,0.0,0.0,Eastern Plateau (Chhotanagpur) & Eastern Ghats (Subhumid),1,False,Eastern Plateau (Chhotanagpur) & Eastern Ghats (Subhumid),#5cb7aa
Cuttack,Cuttack Sadar,OD,0.0,0.0,0.0,0.0,0.0,13.124501999326524,0.0,0.0,0.0,0.0,148.07053310156235,0.0,0.0,Eastern Coastal Plain (Subhumid–Semi-Arid); Eastern Plateau (Chhotanagpur) & Eastern Ghats (Subhumid),2,True,Shared: Eastern Coastal Plain (Subhumid–Semi-Arid) + Eastern Plateau (Chhotanagpur) & Eastern Ghats (Subhumid),#888888
Cuttack,Gobindpur,OD,0.0,0.0,0.0,0.0,0.0,76.57053960725206,0.0,0.0,0.0,0.0,17.394401241146237,0.0,0.0,Eastern Coastal Plain (Subhumid–Semi-Arid); Eastern Plateau (Chhotanagpur) & Eastern Ghats (Subhumid),2,True,Shared: Eastern Coastal Plain (Subhumid–Semi-Arid) + Eastern Plateau (Chhotanagpur) & Eastern Ghats (Subhumid),#888888
Cuttack,Gurudijhatia,OD,0.0,0.0,0.0,0.0,0.0,0.0,0.0,0.0,0.0,0.0,173.91467893191853,0.0,0.0,Eastern Plateau (Chhotanagpur) & Eastern Ghats (Subhumid),1,False,Eastern Plateau (Chhotanagpur) & Eastern Ghats (Subhumid),#5cb7aa
Cuttack,Jagatpur,OD,0.0,0.0,0.0,0.0,0.0,0.0,0.0,0.0,0.0,0.0,102.4362757138577,0.0,0.0,Eastern Plateau (Chhotanagpur) & Eastern Ghats (Subhumid),1,False,Eastern Plateau (Chhotanagpur) & Eastern Ghats (Subhumid),#5cb7aa
Cuttack,Kandarpur,OD,0.0,0.0,0.0,0.0,0.0,0.0,0.0,0.0,0.0,0.0,42.02175126977168,0.0,0.0,Eastern Plateau (Chhotanagpur) & Eastern Ghats (Subhumid),1,False,Eastern Plateau (Chhotanagpur) & Eastern Ghats (Subhumid),#5cb7aa
Cuttack,Kanpur,OD,0.0,0.0,0.0,0.0,0.0,0.0,0.0,0.0,0.0,0.0,194.605430227642,0.0,0.0,Eastern Plateau (Chhotanagpur) & Eastern Ghats (Subhumid),1,False,Eastern Plateau (Chhotanagpur) & Eastern Ghats (Subhumid),#5cb7aa
Cuttack,Khuntuni,OD,0.0,0.0,0.0,0.0,0.0,0.0,0.0,0.0,0.0,0.0,136.5158404187388,0.0,0.0,Eastern Plateau (Chhotanagpur) & Eastern Ghats (Subhumid),1,False,Eastern Plateau (Chhotanagpur) & Eastern Ghats (Subhumid),#5cb7aa
Cuttack,Kishannagar,OD,0.0,0.0,0.0,0.0,0.0,70.52141741887593,0.0,0.0,0.0,0.0,99.48147991896433,0.0,0.0,Eastern Coastal Plain (Subhumid–Semi-Arid); Eastern Plateau (Chhotanagpur) & Eastern Ghats (Subhumid),2,True,Shared: Eastern Coastal Plain (Subhumid–Semi-Arid) + Eastern Plateau (Chhotanagpur) & Eastern Ghats (Subhumid),#888888
Cuttack,Mahanga,OD,0.0,0.0,0.0,0.0,0.0,1.553619815607659,0.0,0.0,0.0,0.0,230.92960327360635,0.0,0.0,Eastern Coastal Plain (Subhumid–Semi-Arid); Eastern Plateau (Chhotanagpur) & Eastern Ghats (Subhumid),2,True,Shared: Eastern Coastal Plain (Subhumid–Semi-Arid) + Eastern Plateau (Chhotanagpur) & Eastern Ghats (Subhumid),#888888
Cuttack,Narasinghpur,OD,0.0,0.0,0.0,0.0,0.0,0.0,0.0,0.0,0.0,0.0,536.9854000544045,0.0,0.0,Eastern Plateau (Chhotanagpur) & Eastern Ghats (Subhumid),1,False,Eastern Plateau (Chhotanagpur) & Eastern Ghats (Subhumid),#5cb7aa
Cuttack,Nemalo,OD,0.0,0.0,0.0,0.0,0.0,66.48901408609466,0.0,0.0,0.0,0.0,38.56406649233322,0.0,0.0,Eastern Coastal Plain (Subhumid–Semi-Arid); Eastern Plateau (Chhotanagpur) & Eastern Ghats (Subhumid),2,True,Shared: Eastern Coastal Plain (Subhumid–Semi-Arid) + Eastern Plateau (Chhotanagpur) & Eastern Ghats (Subhumid),#888888
Cuttack,Niali,OD,0.0,0.0,0.0,0.0,0.0,236.9928431602156,0.0,0.0,0.0,0.0,0.0,0.0,0.0,Eastern Coastal Plain (Subhumid–Semi-Arid),1,False,Eastern Coastal Plain (Subhumid–Semi-Arid),#fff1a8
Cuttack,Nischintakoili,OD,0.0,0.0,0.0,0.0,0.0,13.87584726419107,0.0,0.0,0.0,0.0,44.57103760295255,0.0,0.0,Eastern Coastal Plain (Subhumid–Semi-Arid); Eastern Plateau (Chhotanagpur) & Eastern Ghats (Subhumid),2,True,Shared: Eastern Coastal Plain (Subhumid–Semi-Arid) + Eastern Plateau (Chhotanagpur) & Eastern Ghats (Subhumid),#888888
Cuttack,Olatapur,OD,0.0,0.0,0.0,0.0,0.0,41.22216513708033,0.0,0.0,0.0,0.0,0.0,0.0,0.0,Eastern Coastal Plain (Subhumid–Semi-Arid),1,False,Eastern Coastal Plain (Subhumid–Semi-Arid),#fff1a8
Cuttack,Salepur,OD,0.0,0.0,0.0,0.0,0.0,0.0,0.0,0.0,0.0,0.0,165.45470848985508,0.0,0.0,Eastern Plateau (Chhotanagpur) & Eastern Ghats (Subhumid),1,False,Eastern Plateau (Chhotanagpur) & Eastern Ghats (Subhumid),#5cb7aa
Cuttack,Tangi,OD,0.0,0.0,0.0,0.0,0.0,0.0,0.0,0.0,0.0,0.0,186.93439330593287,0.0,0.0,Eastern Plateau (Chhotanagpur) & Eastern Ghats (Subhumid),1,False,Eastern Plateau (Chhotanagpur) & Eastern Ghats (Subhumid),#5cb7aa
Cuttack,Tigiria,OD,0.0,0.0,0.0,0.0,0.0,0.0,0.0,0.0,0.0,0.0,130.24556662840112,0.0,0.0,Eastern Plateau (Chhotanagpur) & Eastern Ghats (Subhumid),1,False,Eastern Plateau (Chhotanagpur) & Eastern Ghats (Subhumid),#5cb7aa
Deogarh,Barkot,OD,0.0,0.0,0.0,0.0,0.0,0.0,0.0,0.0,0.0,0.0,740.0385361961486,0.0,0.0,Eastern Plateau (Chhotanagpur) & Eastern Ghats (Subhumid),1,False,Eastern Plateau (Chhotanagpur) & Eastern Ghats (Subhumid),#5cb7aa
Deogarh,Debagarh,OD,0.0,0.0,0.0,0.0,0.0,0.0,0.0,0.0,0.0,0.0,1137.274556371669,0.0,0.0,Eastern Plateau (Chhotanagpur) & Eastern Ghats (Subhumid),1,False,Eastern Plateau (Chhotanagpur) & Eastern Ghats (Subhumid),#5cb7aa
Deogarh,Kundheigola,OD,0.0,0.0,0.0,0.0,0.0,0.0,0.0,0.0,0.0,0.0,757.5609441782011,0.0,0.0,Eastern Plateau (Chhotanagpur) & Eastern Ghats (Subhumid),1,False,Eastern Plateau (Chhotanagpur) & Eastern Ghats (Subhumid),#5cb7aa
Deogarh,Reamal,OD,0.0,0.0,0.0,0.0,0.0,0.0,0.0,0.0,0.0,0.0,779.0470580115748,0.0,0.0,Eastern Plateau (Chhotanagpur) & Eastern Ghats (Subhumid),1,False,Eastern Plateau (Chhotanagpur) & Eastern Ghats (Subhumid),#5cb7aa
Dhenkanal,Balimi,OD,0.0,0.0,0.0,0.0,0.0,0.0,0.0,0.0,0.0,0.0,140.48568847187858,0.0,0.0,Eastern Plateau (Chhotanagpur) & Eastern Ghats (Subhumid),1,False,Eastern Plateau (Chhotanagpur) & Eastern Ghats (Subhumid),#5cb7aa
Dhenkanal,Bhuban,OD,0.0,0.0,0.0,0.0,0.0,0.0,0.0,0.0,0.0,0.0,261.1760439270595,0.0,0.0,Eastern Plateau (Chhotanagpur) & Eastern Ghats (Subhumid),1,False,Eastern Plateau (Chhotanagpur) & Eastern Ghats (Subhumid),#5cb7aa
Dhenkanal,Bhusan Steel Limited,OD,0.0,0.0,0.0,0.0,0.0,0.0,0.0,0.0,0.0,0.0,81.03227632798489,0.0,0.0,Eastern Plateau (Chhotanagpur) & Eastern Ghats (Subhumid),1,False,Eastern Plateau (Chhotanagpur) & Eastern Ghats (Subhumid),#5cb7aa
Dhenkanal,Dhenkanal Sadar,OD,0.0,0.0,0.0,0.0,0.0,0.0,0.0,0.0,0.0,0.0,749.4559719353167,0.0,0.0,Eastern Plateau (Chhotanagpur) & Eastern Ghats (Subhumid),1,False,Eastern Plateau (Chhotanagpur) & Eastern Ghats (Subhumid),#5cb7aa
Dhenkanal,Gandia,OD,0.0,0.0,0.0,0.0,0.0,0.0,0.0,0.0,0.0,0.0,588.3529074120323,0.0,0.0,Eastern Plateau (Chhotanagpur) & Eastern Ghats (Subhumid),1,False,Eastern Plateau (Chhotanagpur) & Eastern Ghats (Subhumid),#5cb7aa
Dhenkanal,Hindol,OD,0.0,0.0,0.0,0.0,0.0,0.0,0.0,0.0,0.0,0.0,251.4075275300718,0.0,0.0,Eastern Plateau (Chhotanagpur) & Eastern Ghats (Subhumid),1,False,Eastern Plateau (Chhotanagpur) & Eastern Ghats (Subhumid),#5cb7aa
Dhenkanal,Kamakshyanagar,OD,0.0,0.0,0.0,0.0,0.0,0.0,0.0,0.0,0.0,0.0,506.4568330727477,0.0,0.0,Eastern Plateau (Chhotanagpur) & Eastern Ghats (Subhumid),1,False,Eastern Plateau (Chhotanagpur) & Eastern Ghats (Subhumid),#5cb7aa
Dhenkanal,Kankadahad,OD,0.0,0.0,0.0,0.0,0.0,0.0,0.0,0.0,0.0,0.0,559.9050135719782,0.0,0.0,Eastern Plateau (Chhotanagpur) & Eastern Ghats (Subhumid),1,False,Eastern Plateau (Chhotanagpur) & Eastern Ghats (Subhumid),#5cb7aa
Dhenkanal,Motunga,OD,0.0,0.0,0.0,0.0,0.0,0.0,0.0,0.0,0.0,0.0,163.35507248961142,0.0,0.0,Eastern Plateau (Chhotanagpur) & Eastern Ghats (Subhumid),1,False,Eastern Plateau (Chhotanagpur) & Eastern Ghats (Subhumid),#5cb7aa
Dhenkanal,Nihalprasad,OD,0.0,0.0,0.0,0.0,0.0,0.0,0.0,0.0,0.0,0.0,186.66930290853503,0.0,0.0,Eastern Plateau (Chhotanagpur) & Eastern Ghats (Subhumid),1,False,Eastern Plateau (Chhotanagpur) & Eastern Ghats (Subhumid),#5cb7aa
Dhenkanal,Parajang,OD,0.0,0.0,0.0,0.0,0.0,0.0,0.0,0.0,0.0,0.0,939.9935638922552,0.0,0.0,Eastern Plateau (Chhotanagpur) & Eastern Ghats (Subhumid),1,False,Eastern Plateau (Chhotanagpur) & Eastern Ghats (Subhumid),#5cb7aa
Dhenkanal,Rasol,OD,0.0,0.0,0.0,0.0,0.0,0.0,0.0,0.0,0.0,0.0,463.9369116594147,0.0,0.0,Eastern Plateau (Chhotanagpur) & Eastern Ghats (Subhumid),1,False,Eastern Plateau (Chhotanagpur) & Eastern Ghats (Subhumid),#5cb7aa
Dhenkanal,Tumusingha,OD,0.0,0.0,0.0,0.0,0.0,0.0,0.0,0.0,0.0,0.0,235.48844850896336,0.0,0.0,Eastern Plateau (Chhotanagpur) & Eastern Ghats (Subhumid),1,False,Eastern Plateau (Chhotanagpur) & Eastern Ghats (Subhumid),#5cb7aa
Gajapati,Adava,OD,0.0,0.0,0.0,0.0,0.0,0.0,0.0,0.0,0.0,0.0,910.9617400903962,0.0,0.0,Eastern Plateau (Chhotanagpur) & Eastern Ghats (Subhumid),1,False,Eastern Plateau (Chhotanagpur) & Eastern Ghats (Subhumid),#5cb7aa
Gajapati,Garabandha,OD,0.0,0.0,0.0,0.0,0.0,286.1625428199781,0.0,0.0,0.0,0.0,0.0,0.0,0.0,Eastern Coastal Plain (Subhumid–Semi-Arid),1,False,Eastern Coastal Plain (Subhumid–Semi-Arid),#fff1a8
Gajapati,Gurandi,OD,0.0,0.0,0.0,0.0,0.0,137.1640403903907,0.0,0.0,0.0,0.0,0.0,0.0,0.0,Eastern Coastal Plain (Subhumid–Semi-Arid),1,False,Eastern Coastal Plain (Subhumid–Semi-Arid),#fff1a8
Gajapati,Kasinagar,OD,0.0,0.0,0.0,0.0,0.0,0.0,0.0,0.0,0.0,0.0,247.61004879733883,0.0,0.0,Eastern Plateau (Chhotanagpur) & Eastern Ghats (Subhumid),1,False,Eastern Plateau (Chhotanagpur) & Eastern Ghats (Subhumid),#5cb7aa
Gajapati,Mohana,OD,0.0,0.0,0.0,0.0,0.0,0.0,0.0,0.0,0.0,0.0,725.4408705461968,0.0,0.0,Eastern Plateau (Chhotanagpur) & Eastern Ghats (Subhumid),1,False,Eastern Plateau (Chhotanagpur) & Eastern Ghats (Subhumid),#5cb7aa
Gajapati,Paralakhemundi,OD,0.0,0.0,0.0,0.0,0.0,68.98343700054896,0.0,0.0,0.0,0.0,60.56709750835992,0.0,0.0,Eastern Coastal Plain (Subhumid–Semi-Arid); Eastern Plateau (Chhotanagpur) & Eastern Ghats (Subhumid),2,True,Shared: Eastern Coastal Plain (Subhumid–Semi-Arid) + Eastern Plateau (Chhotanagpur) & Eastern Ghats (Subhumid),#888888
Gajapati,R.Udayagiri,OD,0.0,0.0,0.0,0.0,0.0,0.0,0.0,0.0,0.0,0.0,1060.285856272219,0.0,0.0,Eastern Plateau (Chhotanagpur) & Eastern Ghats (Subhumid),1,False,Eastern Plateau (Chhotanagpur) & Eastern Ghats (Subhumid),#5cb7aa
Gajapati,Ramagiri,OD,0.0,0.0,0.0,0.0,0.0,127.07200458967893,0.0,0.0,0.0,0.0,175.71780786176194,0.0,0.0,Eastern Coastal Plain (Subhumid–Semi-Arid); Eastern Plateau (Chhotanagpur) & Eastern Ghats (Subhumid),2,True,Shared: Eastern Coastal Plain (Subhumid–Semi-Arid) + Eastern Plateau (Chhotanagpur) & Eastern Ghats (Subhumid),#888888
Gajapati,Rayagada,OD,0.0,0.0,0.0,0.0,0.0,135.09375577680578,0.0,0.0,0.0,0.0,175.99838562376166,0.0,0.0,Eastern Coastal Plain (Subhumid–Semi-Arid); Eastern Plateau (Chhotanagpur) & Eastern Ghats (Subhumid),2,True,Shared: Eastern Coastal Plain (Subhumid–Semi-Arid) + Eastern Plateau (Chhotanagpur) & Eastern Ghats (Subhumid),#888888
Gajapati,Serango,OD,0.0,0.0,0.0,0.0,0.0,46.77236621420733,0.0,0.0,0.0,0.0,455.1914939303035,0.0,0.0,Eastern Coastal Plain (Subhumid–Semi-Arid); Eastern Plateau (Chhotanagpur) & Eastern Ghats (Subhumid),2,True,Shared: Eastern Coastal Plain (Subhumid–Semi-Arid) + Eastern Plateau (Chhotanagpur) & Eastern Ghats (Subhumid),#888888
Ganjam,Arjyapalli Marine,OD,0.0,0.0,0.0,0.0,0.0,5.639213073164028,0.0,0.0,0.0,0.0,0.0,0.0,0.0,Eastern Coastal Plain (Subhumid–Semi-Arid),1,False,Eastern Coastal Plain (Subhumid–Semi-Arid),#fff1a8
Ganjam,Asika,OD,0.0,0.0,0.0,0.0,0.0,0.0,0.0,0.0,0.0,0.0,200.95915045157423,0.0,0.0,Eastern Plateau (Chhotanagpur) & Eastern Ghats (Subhumid),1,False,Eastern Plateau (Chhotanagpur) & Eastern Ghats (Subhumid),#5cb7aa
Ganjam,Badagada,OD,0.0,0.0,0.0,0.0,0.0,0.0,0.0,0.0,0.0,0.0,932.4065412394568,0.0,0.0,Eastern Plateau (Chhotanagpur) & Eastern Ghats (Subhumid),1,False,Eastern Plateau (Chhotanagpur) & Eastern Ghats (Subhumid),#5cb7aa
Ganjam,Bhanjanagar,OD,0.0,0.0,0.0,0.0,0.0,0.0,0.0,0.0,0.0,0.0,773.8902486086324,0.0,0.0,Eastern Plateau (Chhotanagpur) & Eastern Ghats (Subhumid),1,False,Eastern Plateau (Chhotanagpur) & Eastern Ghats (Subhumid),#5cb7aa
Ganjam,Brahmapur (M.Corp.),OD,0.0,0.0,0.0,0.0,0.0,38.9313035811335,0.0,0.0,0.0,0.0,0.0,0.0,0.0,Eastern Coastal Plain (Subhumid–Semi-Arid),1,False,Eastern Coastal Plain (Subhumid–Semi-Arid),#fff1a8
Ganjam,Brahmapur Sadar,OD,0.0,0.0,0.0,0.0,0.0,203.63617373366887,0.0,0.0,0.0,0.0,8.401417679669835,0.0,0.0,Eastern Coastal Plain (Subhumid–Semi-Arid); Eastern Plateau (Chhotanagpur) & Eastern Ghats (Subhumid),2,True,Shared: Eastern Coastal Plain (Subhumid–Semi-Arid) + Eastern Plateau (Chhotanagpur) & Eastern Ghats (Subhumid),#888888
Ganjam,Buguda,OD,0.0,0.0,0.0,0.0,0.0,0.0,0.0,0.0,0.0,0.0,518.9032754055886,0.0,0.0,Eastern Plateau (Chhotanagpur) & Eastern Ghats (Subhumid),1,False,Eastern Plateau (Chhotanagpur) & Eastern Ghats (Subhumid),#5cb7aa
Ganjam,Chamakhandi,OD,0.0,0.0,0.0,0.0,0.0,111.2449801959514,0.0,0.0,0.0,0.0,0.0,0.0,0.0,Eastern Coastal Plain (Subhumid–Semi-Arid),1,False,Eastern Coastal Plain (Subhumid–Semi-Arid),#fff1a8
Ganjam,Chhatrapur,OD,0.0,0.0,0.0,0.0,0.0,147.09470093677996,0.0,0.0,0.0,0.0,0.0,0.0,0.0,Eastern Coastal Plain (Subhumid–Semi-Arid),1,False,Eastern Coastal Plain (Subhumid–Semi-Arid),#fff1a8
Ganjam,Dharakote,OD,0.0,0.0,0.0,0.0,0.0,0.0,0.0,0.0,0.0,0.0,81.11098219836258,0.0,0.0,Eastern Plateau (Chhotanagpur) & Eastern Ghats (Subhumid),1,False,Eastern Plateau (Chhotanagpur) & Eastern Ghats (Subhumid),#5cb7aa
Ganjam,Digapahandi,OD,0.0,0.0,0.0,0.0,0.0,263.378171805921,0.0,0.0,0.0,0.0,170.7432112932634,0.0,0.0,Eastern Coastal Plain (Subhumid–Semi-Arid); Eastern Plateau (Chhotanagpur) & Eastern Ghats (Subhumid),2,True,Shared: Eastern Coastal Plain (Subhumid–Semi-Arid) + Eastern Plateau (Chhotanagpur) & Eastern Ghats (Subhumid),#888888
Ganjam,Gangapur,OD,0.0,0.0,0.0,0.0,0.0,0.0,0.0,0.0,0.0,0.0,301.32678228493546,0.0,0.0,Eastern Plateau (Chhotanagpur) & Eastern Ghats (Subhumid),1,False,Eastern Plateau (Chhotanagpur) & Eastern Ghats (Subhumid),#5cb7aa
Ganjam,Ganjam,OD,0.0,0.0,0.0,0.0,0.0,80.21810219964041,0.0,0.0,0.0,0.0,0.0,0.0,0.0,Eastern Coastal Plain (Subhumid–Semi-Arid),1,False,Eastern Coastal Plain (Subhumid–Semi-Arid),#fff1a8
Ganjam,Golanthara,OD,0.0,0.0,0.0,0.0,0.0,301.2542626248909,0.0,0.0,0.0,0.0,0.0,0.0,0.0,Eastern Coastal Plain (Subhumid–Semi-Arid),1,False,Eastern Coastal Plain (Subhumid–Semi-Arid),#fff1a8
Ganjam,Gopalpur,OD,0.0,0.0,0.0,0.0,0.0,90.33638980843504,0.0,0.0,0.0,0.0,0.0,0.0,0.0,Eastern Coastal Plain (Subhumid–Semi-Arid),1,False,Eastern Coastal Plain (Subhumid–Semi-Arid),#fff1a8
Ganjam,Hinjili,OD,0.0,0.0,0.0,0.0,0.0,137.24939757372078,0.0,0.0,0.0,0.0,72.3898562441352,0.0,0.0,Eastern Coastal Plain (Subhumid–Semi-Arid); Eastern Plateau (Chhotanagpur) & Eastern Ghats (Subhumid),2,True,Shared: Eastern Coastal Plain (Subhumid–Semi-Arid) + Eastern Plateau (Chhotanagpur) & Eastern Ghats (Subhumid),#888888
Ganjam,Jagannath Prasad,OD,0.0,0.0,0.0,0.0,0.0,0.0,0.0,0.0,0.0,0.0,259.1971184500368,0.0,0.0,Eastern Plateau (Chhotanagpur) & Eastern Ghats (Subhumid),1,False,Eastern Plateau (Chhotanagpur) & Eastern Ghats (Subhumid),#5cb7aa
Ganjam,Jarada,OD,0.0,0.0,0.0,0.0,0.0,333.4622362409904,0.0,0.0,0.0,0.0,22.62897908165919,0.0,0.0,Eastern Coastal Plain (Subhumid–Semi-Arid); Eastern Plateau (Chhotanagpur) & Eastern Ghats (Subhumid),2,True,Shared: Eastern Coastal Plain (Subhumid–Semi-Arid) + Eastern Plateau (Chhotanagpur) & Eastern Ghats (Subhumid),#888888
Ganjam,Kabisuryanagar,OD,0.0,0.0,0.0,0.0,0.0,37.030664557839565,0.0,0.0,0.0,0.0,256.2595238472992,0.0,0.0,Eastern Coastal Plain (Subhumid–Semi-Arid); Eastern Plateau (Chhotanagpur) & Eastern Ghats (Subhumid),2,True,Shared: Eastern Coastal Plain (Subhumid–Semi-Arid) + Eastern Plateau (Chhotanagpur) & Eastern Ghats (Subhumid),#888888
Ganjam,Khalikote,OD,0.0,0.0,0.0,0.0,0.0,371.07253969788616,0.0,0.0,0.0,0.0,0.0,0.0,0.0,Eastern Coastal Plain (Subhumid–Semi-Arid),1,False,Eastern Coastal Plain (Subhumid–Semi-Arid),#fff1a8
Ganjam,Kodala,OD,0.0,0.0,0.0,0.0,0.0,254.9018052962159,0.0,0.0,0.0,0.0,63.3747247710788,0.0,0.0,Eastern Coastal Plain (Subhumid–Semi-Arid); Eastern Plateau (Chhotanagpur) & Eastern Ghats (Subhumid),2,True,Shared: Eastern Coastal Plain (Subhumid–Semi-Arid) + Eastern Plateau (Chhotanagpur) & Eastern Ghats (Subhumid),#888888
Ganjam,Nuagaon,OD,0.0,0.0,0.0,0.0,0.0,224.4606584046606,0.0,0.0,0.0,0.0,183.4364600859619,0.0,0.0,Eastern Coastal Plain (Subhumid–Semi-Arid); Eastern Plateau (Chhotanagpur) & Eastern Ghats (Subhumid),2,True,Shared: Eastern Coastal Plain (Subhumid–Semi-Arid) + Eastern Plateau (Chhotanagpur) & Eastern Ghats (Subhumid),#888888
Ganjam,Patapur,OD,0.0,0.0,0.0,0.0,0.0,251.10818773907968,0.0,0.0,0.0,0.0,377.7044325555276,0.0,0.0,Eastern Coastal Plain (Subhumid–Semi-Arid); Eastern Plateau (Chhotanagpur) & Eastern Ghats (Subhumid),2,True,Shared: Eastern Coastal Plain (Subhumid–Semi-Arid) + Eastern Plateau (Chhotanagpur) & Eastern Ghats (Subhumid),#888888
Ganjam,Polasara,OD,0.0,0.0,0.0,0.0,0.0,1.5168795175479406,0.0,0.0,0.0,0.0,408.163343544474,0.0,0.0,Eastern Coastal Plain (Subhumid–Semi-Arid); Eastern Plateau (Chhotanagpur) & Eastern Ghats (Subhumid),2,True,Shared: Eastern Coastal Plain (Subhumid–Semi-Arid) + Eastern Plateau (Chhotanagpur) & Eastern Ghats (Subhumid),#888888
Ganjam,Purusottampur,OD,0.0,0.0,0.0,0.0,0.0,282.0716727258208,0.0,0.0,0.0,0.0,3.604555866967517,0.0,0.0,Eastern Coastal Plain (Subhumid–Semi-Arid); Eastern Plateau (Chhotanagpur) & Eastern Ghats (Subhumid),2,True,Shared: Eastern Coastal Plain (Subhumid–Semi-Arid) + Eastern Plateau (Chhotanagpur) & Eastern Ghats (Subhumid),#888888
Ganjam,Rambha,OD,0.0,0.0,0.0,0.0,0.0,278.7792728472007,0.0,0.0,0.0,0.0,0.0,0.0,0.0,Eastern Coastal Plain (Subhumid–Semi-Arid),1,False,Eastern Coastal Plain (Subhumid–Semi-Arid),#fff1a8
Ganjam,Seragad,OD,0.0,0.0,0.0,0.0,0.0,0.2924187290013274,0.0,0.0,0.0,0.0,117.43663204089088,0.0,0.0,Eastern Coastal Plain (Subhumid–Semi-Arid); Eastern Plateau (Chhotanagpur) & Eastern Ghats (Subhumid),2,True,Shared: Eastern Coastal Plain (Subhumid–Semi-Arid) + Eastern Plateau (Chhotanagpur) & Eastern Ghats (Subhumid),#888888
Ganjam,Surada,OD,0.0,0.0,0.0,0.0,0.0,0.0,0.0,0.0,0.0,0.0,563.7577175877234,0.0,0.0,Eastern Plateau (Chhotanagpur) & Eastern Ghats (Subhumid),1,False,Eastern Plateau (Chhotanagpur) & Eastern Ghats (Subhumid),#5cb7aa
Ganjam,Tarasingi,OD,0.0,0.0,0.0,0.0,0.0,0.0,0.0,0.0,0.0,0.0,803.4125368198406,0.0,0.0,Eastern Plateau (Chhotanagpur) & Eastern Ghats (Subhumid),1,False,Eastern Plateau (Chhotanagpur) & Eastern Ghats (Subhumid),#5cb7aa
Jagatsinghapur,Abhyachandpur,OD,0.0,0.0,0.0,0.0,0.0,94.67903516591244,0.0,0.0,0.0,0.0,0.0,0.0,0.0,Eastern Coastal Plain (Subhumid–Semi-Arid),1,False,Eastern Coastal Plain (Subhumid–Semi-Arid),#fff1a8
Jagatsinghapur,Balikuda,OD,0.0,0.0,0.0,0.0,0.0,339.0365022690215,0.0,0.0,0.0,0.0,0.0,0.0,0.0,Eastern Coastal Plain (Subhumid–Semi-Arid),1,False,Eastern Coastal Plain (Subhumid–Semi-Arid),#fff1a8
Jagatsinghapur,Biridi,OD,0.0,0.0,0.0,0.0,0.0,100.00061833475635,0.0,0.0,0.0,0.0,30.76288117769932,0.0,0.0,Eastern Coastal Plain (Subhumid–Semi-Arid); Eastern Plateau (Chhotanagpur) & Eastern Ghats (Subhumid),2,True,Shared: Eastern Coastal Plain (Subhumid–Semi-Arid) + Eastern Plateau (Chhotanagpur) & Eastern Ghats (Subhumid),#888888
Jagatsinghapur,Ersama,OD,0.0,0.0,0.0,0.0,0.0,306.7233625399342,0.0,0.0,0.0,0.0,0.0,0.0,0.0,Eastern Coastal Plain (Subhumid–Semi-Arid),1,False,Eastern Coastal Plain (Subhumid–Semi-Arid),#fff1a8
Jagatsinghapur,Jagatsinghapur,OD,0.0,0.0,0.0,0.0,0.0,321.5482066593662,0.0,0.0,0.0,0.0,0.0,0.0,0.0,Eastern Coastal Plain (Subhumid–Semi-Arid),1,False,Eastern Coastal Plain (Subhumid–Semi-Arid),#fff1a8
Jagatsinghapur,Kujang,OD,0.0,0.0,0.0,0.0,0.0,172.45582615985674,0.0,0.0,0.0,0.0,0.0,0.0,0.0,Eastern Coastal Plain (Subhumid–Semi-Arid),1,False,Eastern Coastal Plain (Subhumid–Semi-Arid),#fff1a8
Jagatsinghapur,Naugaon,OD,0.0,0.0,0.0,0.0,0.0,141.8262846326571,0.0,0.0,0.0,0.0,0.0,0.0,0.0,Eastern Coastal Plain (Subhumid–Semi-Arid),1,False,Eastern Coastal Plain (Subhumid–Semi-Arid),#fff1a8
Jagatsinghapur,Paradeep Lock,OD,0.0,0.0,0.0,0.0,0.0,51.15962407809521,0.0,0.0,0.0,0.0,0.0,0.0,0.0,Eastern Coastal Plain (Subhumid–Semi-Arid),1,False,Eastern Coastal Plain (Subhumid–Semi-Arid),#fff1a8
Jagatsinghapur,Paradip,OD,0.0,0.0,0.0,0.0,0.0,56.95348109060419,0.0,0.0,0.0,0.0,0.0,0.0,0.0,Eastern Coastal Plain (Subhumid–Semi-Arid),1,False,Eastern Coastal Plain (Subhumid–Semi-Arid),#fff1a8
Jagatsinghapur,Tirtol,OD,0.0,0.0,0.0,0.0,0.0,354.6854183216868,0.0,0.0,0.0,0.0,0.0,0.0,0.0,Eastern Coastal Plain (Subhumid–Semi-Arid),1,False,Eastern Coastal Plain (Subhumid–Semi-Arid),#fff1a8
Jajapur,Badachana,OD,0.0,0.0,0.0,0.0,0.0,0.0,0.0,0.0,0.0,0.0,293.2769280321996,0.0,0.0,Eastern Plateau (Chhotanagpur) & Eastern Ghats (Subhumid),1,False,Eastern Plateau (Chhotanagpur) & Eastern Ghats (Subhumid),#5cb7aa
Jajapur,Balichandrapur,OD,0.0,0.0,0.0,0.0,0.0,0.0,0.0,0.0,0.0,0.0,151.80868134158456,0.0,0.0,Eastern Plateau (Chhotanagpur) & Eastern Ghats (Subhumid),1,False,Eastern Plateau (Chhotanagpur) & Eastern Ghats (Subhumid),#5cb7aa
Jajapur,Bari - Ramachandrapur,OD,0.0,0.0,0.0,0.0,0.0,1.7150668776967608,0.0,0.0,0.0,0.0,156.41345585193446,0.0,0.0,Eastern Coastal Plain (Subhumid–Semi-Arid); Eastern Plateau (Chhotanagpur) & Eastern Ghats (Subhumid),2,True,Shared: Eastern Coastal Plain (Subhumid–Semi-Arid) + Eastern Plateau (Chhotanagpur) & Eastern Ghats (Subhumid),#888888
Jajapur,Binjharpur,OD,0.0,0.0,0.0,0.0,0.0,31.86508790699309,0.0,0.0,0.0,0.0,238.30705063626883,0.0,0.0,Eastern Coastal Plain (Subhumid–Semi-Arid); Eastern Plateau (Chhotanagpur) & Eastern Ghats (Subhumid),2,True,Shared: Eastern Coastal Plain (Subhumid–Semi-Arid) + Eastern Plateau (Chhotanagpur) & Eastern Ghats (Subhumid),#888888
Jajapur,Dharmasala,OD,0.0,0.0,0.0,0.0,0.0,0.0,0.0,0.0,0.0,0.0,208.40174898299875,0.0,0.0,Eastern Plateau (Chhotanagpur) & Eastern Ghats (Subhumid),1,False,Eastern Plateau (Chhotanagpur) & Eastern Ghats (Subhumid),#5cb7aa
Jajapur,Jajapur,OD,0.0,0.0,0.0,0.0,0.0,0.0,0.0,0.0,0.0,0.0,128.34437778458272,0.0,0.0,Eastern Plateau (Chhotanagpur) & Eastern Ghats (Subhumid),1,False,Eastern Plateau (Chhotanagpur) & Eastern Ghats (Subhumid),#5cb7aa
Jajapur,Jajapur Road,OD,0.0,0.0,0.0,0.0,0.0,0.0,0.0,0.0,0.0,0.0,128.93763230343768,0.0,0.0,Eastern Plateau (Chhotanagpur) & Eastern Ghats (Subhumid),1,False,Eastern Plateau (Chhotanagpur) & Eastern Ghats (Subhumid),#5cb7aa
Jajapur,Jajpur Sadar,OD,0.0,0.0,0.0,0.0,0.0,0.0,0.0,0.0,0.0,0.0,181.45664230030124,0.0,0.0,Eastern Plateau (Chhotanagpur) & Eastern Ghats (Subhumid),1,False,Eastern Plateau (Chhotanagpur) & Eastern Ghats (Subhumid),#5cb7aa
Jajapur,Jakhapura,OD,0.0,0.0,0.0,0.0,0.0,0.0,0.0,0.0,0.0,0.0,49.76345315435073,0.0,0.0,Eastern Plateau (Chhotanagpur) & Eastern Ghats (Subhumid),1,False,Eastern Plateau (Chhotanagpur) & Eastern Ghats (Subhumid),#5cb7aa
Jajapur,Jenapur,OD,0.0,0.0,0.0,0.0,0.0,0.0,0.0,0.0,0.0,0.0,180.9506438408877,0.0,0.0,Eastern Plateau (Chhotanagpur) & Eastern Ghats (Subhumid),1,False,Eastern Plateau (Chhotanagpur) & Eastern Ghats (Subhumid),#5cb7aa
Jajapur,Kaliapani,OD,0.0,0.0,0.0,0.0,0.0,0.0,0.0,0.0,0.0,0.0,254.33849996442967,0.0,0.0,Eastern Plateau (Chhotanagpur) & Eastern Ghats (Subhumid),1,False,Eastern Plateau (Chhotanagpur) & Eastern Ghats (Subhumid),#5cb7aa
Jajapur,Kalinganagar,OD,0.0,0.0,0.0,0.0,0.0,0.0,0.0,0.0,0.0,0.0,157.35140875894197,0.0,0.0,Eastern Plateau (Chhotanagpur) & Eastern Ghats (Subhumid),1,False,Eastern Plateau (Chhotanagpur) & Eastern Ghats (Subhumid),#5cb7aa
Jajapur,Korai,OD,0.0,0.0,0.0,0.0,0.0,0.0,0.0,0.0,0.0,0.0,233.2308208537721,0.0,0.0,Eastern Plateau (Chhotanagpur) & Eastern Ghats (Subhumid),1,False,Eastern Plateau (Chhotanagpur) & Eastern Ghats (Subhumid),#5cb7aa
Jajapur,Kuakhia,OD,0.0,0.0,0.0,0.0,0.0,0.0,0.0,0.0,0.0,0.0,120.72960588043658,0.0,0.0,Eastern Plateau (Chhotanagpur) & Eastern Ghats (Subhumid),1,False,Eastern Plateau (Chhotanagpur) & Eastern Ghats (Subhumid),#5cb7aa
Jajapur,Mangalpur,OD,0.0,0.0,0.0,0.0,0.0,11.323348818396722,0.0,0.0,0.0,0.0,200.9386221868688,0.0,0.0,Eastern Coastal Plain (Subhumid–Semi-Arid); Eastern Plateau (Chhotanagpur) & Eastern Ghats (Subhumid),2,True,Shared: Eastern Coastal Plain (Subhumid–Semi-Arid) + Eastern Plateau (Chhotanagpur) & Eastern Ghats (Subhumid),#888888
Jajapur,Panikoili,OD,0.0,0.0,0.0,0.0,0.0,0.0,0.0,0.0,0.0,0.0,149.50875385042377,0.0,0.0,Eastern Plateau (Chhotanagpur) & Eastern Ghats (Subhumid),1,False,Eastern Plateau (Chhotanagpur) & Eastern Ghats (Subhumid),#5cb7aa
Jajapur,Sukinda,OD,0.0,0.0,0.0,0.0,0.0,0.0,0.0,0.0,0.0,0.0,293.7311278733113,0.0,0.0,Eastern Plateau (Chhotanagpur) & Eastern Ghats (Subhumid),1,False,Eastern Plateau (Chhotanagpur) & Eastern Ghats (Subhumid),#5cb7aa
Jajapur,Tomka,OD,0.0,0.0,0.0,0.0,0.0,0.0,0.0,0.0,0.0,0.0,161.18702862338702,0.0,0.0,Eastern Plateau (Chhotanagpur) & Eastern Ghats (Subhumid),1,False,Eastern Plateau (Chhotanagpur) & Eastern Ghats (Subhumid),#5cb7aa
Jharsuguda,Badmal,OD,0.0,0.0,0.0,0.0,0.0,0.0,0.0,0.0,0.0,0.0,113.69633665121388,0.0,0.0,Eastern Plateau (Chhotanagpur) & Eastern Ghats (Subhumid),1,False,Eastern Plateau (Chhotanagpur) & Eastern Ghats (Subhumid),#5cb7aa
Jharsuguda,Banaharapali,OD,0.0,0.0,0.0,0.0,0.0,0.0,0.0,0.0,0.0,0.0,231.99917357934623,0.0,0.0,Eastern Plateau (Chhotanagpur) & Eastern Ghats (Subhumid),1,False,Eastern Plateau (Chhotanagpur) & Eastern Ghats (Subhumid),#5cb7aa
Jharsuguda,Belpahar,OD,0.0,0.0,0.0,0.0,0.0,0.0,0.0,0.0,0.0,0.0,63.90923240893491,0.0,0.0,Eastern Plateau (Chhotanagpur) & Eastern Ghats (Subhumid),1,False,Eastern Plateau (Chhotanagpur) & Eastern Ghats (Subhumid),#5cb7aa
Jharsuguda,Brajarajnagar,OD,0.0,0.0,0.0,0.0,0.0,0.0,0.0,0.0,0.0,0.0,149.18927119060515,0.0,0.0,Eastern Plateau (Chhotanagpur) & Eastern Ghats (Subhumid),1,False,Eastern Plateau (Chhotanagpur) & Eastern Ghats (Subhumid),#5cb7aa
Jharsuguda,Jharsuguda,OD,0.0,0.0,0.0,0.0,0.0,0.0,0.0,0.0,0.0,0.0,181.5596136740361,0.0,0.0,Eastern Plateau (Chhotanagpur) & Eastern Ghats (Subhumid),1,False,Eastern Plateau (Chhotanagpur) & Eastern Ghats (Subhumid),#5cb7aa
Jharsuguda,Kolabira,OD,0.0,0.0,0.0,0.0,0.0,0.0,0.0,0.0,0.0,0.0,235.9948165241565,0.0,0.0,Eastern Plateau (Chhotanagpur) & Eastern Ghats (Subhumid),1,False,Eastern Plateau (Chhotanagpur) & Eastern Ghats (Subhumid),#5cb7aa
Jharsuguda,Laikera,OD,0.0,0.0,0.0,0.0,0.0,0.0,0.0,0.0,0.0,0.0,629.6260628623796,0.0,0.0,Eastern Plateau (Chhotanagpur) & Eastern Ghats (Subhumid),1,False,Eastern Plateau (Chhotanagpur) & Eastern Ghats (Subhumid),#5cb7aa
Jharsuguda,Lakhanpur,OD,0.0,0.0,0.0,0.0,0.0,0.0,0.0,0.0,0.0,0.0,466.4753954152719,0.0,0.0,Eastern Plateau (Chhotanagpur) & Eastern Ghats (Subhumid),1,False,Eastern Plateau (Chhotanagpur) & Eastern Ghats (Subhumid),#5cb7aa
Jharsuguda,Orient,OD,0.0,0.0,0.0,0.0,0.0,0.0,0.0,0.0,0.0,0.0,51.44383976657209,0.0,0.0,Eastern Plateau (Chhotanagpur) & Eastern Ghats (Subhumid),1,False,Eastern Plateau (Chhotanagpur) & Eastern Ghats (Subhumid),#5cb7aa
Jharsuguda,Rengali,OD,0.0,0.0,0.0,0.0,0.0,0.0,0.0,0.0,0.0,9.625302951620537,371.8915882861892,0.0,0.0,Eastern Plateau (Chhattisgarh); Eastern Plateau (Chhotanagpur) & Eastern Ghats (Subhumid),2,True,Shared: Eastern Plateau (Chhattisgarh) + Eastern Plateau (Chhotanagpur) & Eastern Ghats (Subhumid),#888888
Kalahandi,Biswanathpur,OD,0.0,0.0,0.0,0.0,0.0,0.0,0.0,0.0,0.0,0.0,271.44814593468004,0.0,0.0,Eastern Plateau (Chhotanagpur) & Eastern Ghats (Subhumid),1,False,Eastern Plateau (Chhotanagpur) & Eastern Ghats (Subhumid),#5cb7aa
Kalahandi,Dharamgarh,OD,0.0,0.0,0.0,0.0,0.0,0.0,0.0,0.0,0.0,2.551860320157746,319.1774414965383,0.0,0.0,Eastern Plateau (Chhattisgarh); Eastern Plateau (Chhotanagpur) & Eastern Ghats (Subhumid),2,True,Shared: Eastern Plateau (Chhattisgarh) + Eastern Plateau (Chhotanagpur) & Eastern Ghats (Subhumid),#888888
Kalahandi,Golamunda,OD,0.0,0.0,0.0,0.0,0.0,0.0,0.0,0.0,0.0,0.1971663264592352,336.0494631911935,0.0,0.0,Eastern Plateau (Chhattisgarh); Eastern Plateau (Chhotanagpur) & Eastern Ghats (Subhumid),2,True,Shared: Eastern Plateau (Chhattisgarh) + Eastern Plateau (Chhotanagpur) & Eastern Ghats (Subhumid),#888888
Kalahandi,Jayapatna,OD,0.0,0.0,0.0,0.0,0.0,0.0,0.0,0.0,0.0,0.0,744.5365899557205,0.0,0.0,Eastern Plateau (Chhotanagpur) & Eastern Ghats (Subhumid),1,False,Eastern Plateau (Chhotanagpur) & Eastern Ghats (Subhumid),#5cb7aa
Kalahandi,Junagarh,OD,0.0,0.0,0.0,0.0,0.0,0.0,0.0,0.0,0.0,0.0,692.7273518474352,0.0,0.0,Eastern Plateau (Chhotanagpur) & Eastern Ghats (Subhumid),1,False,Eastern Plateau (Chhotanagpur) & Eastern Ghats (Subhumid),#5cb7aa
Kalahandi,Kegaon,OD,0.0,0.0,0.0,0.0,0.0,0.0,0.0,0.0,0.0,0.0,579.0798207023367,0.0,0.0,Eastern Plateau (Chhotanagpur) & Eastern Ghats (Subhumid),1,False,Eastern Plateau (Chhotanagpur) & Eastern Ghats (Subhumid),#5cb7aa
Kalahandi,Kesinga,OD,0.0,0.0,0.0,0.0,0.0,0.0,0.0,0.0,0.0,0.0,600.0893259479407,0.0,0.0,Eastern Plateau (Chhotanagpur) & Eastern Ghats (Subhumid),1,False,Eastern Plateau (Chhotanagpur) & Eastern Ghats (Subhumid),#5cb7aa
Kalahandi,Kokasara,OD,0.0,0.0,0.0,0.0,0.0,0.0,0.0,0.0,0.0,1.7946524479787085,700.5423370421864,0.0,0.0,Eastern Plateau (Chhattisgarh); Eastern Plateau (Chhotanagpur) & Eastern Ghats (Subhumid),2,True,Shared: Eastern Plateau (Chhattisgarh) + Eastern Plateau (Chhotanagpur) & Eastern Ghats (Subhumid),#888888
Kalahandi,Lanjigarh,OD,0.0,0.0,0.0,0.0,0.0,0.0,0.0,0.0,0.0,0.0,508.0520667966909,0.0,0.0,Eastern Plateau (Chhotanagpur) & Eastern Ghats (Subhumid),1,False,Eastern Plateau (Chhotanagpur) & Eastern Ghats (Subhumid),#5cb7aa
Kalahandi,Madanpur Rampur,OD,0.0,0.0,0.0,0.0,0.0,0.0,0.0,0.0,0.0,0.0,1214.499191389623,0.0,0.0,Eastern Plateau (Chhotanagpur) & Eastern Ghats (Subhumid),1,False,Eastern Plateau (Chhotanagpur) & Eastern Ghats (Subhumid),#5cb7aa
Kalahandi,Narala,OD,0.0,0.0,0.0,0.0,0.0,0.0,0.0,0.0,0.0,0.0,629.9179484509709,0.0,0.0,Eastern Plateau (Chhotanagpur) & Eastern Ghats (Subhumid),1,False,Eastern Plateau (Chhotanagpur) & Eastern Ghats (Subhumid),#5cb7aa
Kalahandi,Sadar,OD,0.0,0.0,0.0,0.0,0.0,0.0,0.0,0.0,0.0,0.0,1116.8916189040417,0.0,0.0,Eastern Plateau (Chhotanagpur) & Eastern Ghats (Subhumid),1,False,Eastern Plateau (Chhotanagpur) & Eastern Ghats (Subhumid),#5cb7aa
Kalahandi,Thuamul Rampur,OD,0.0,0.0,0.0,0.0,0.0,0.0,0.0,0.0,0.0,0.0,1262.2331650699743,0.0,0.0,Eastern Plateau (Chhotanagpur) & Eastern Ghats (Subhumid),1,False,Eastern Plateau (Chhotanagpur) & Eastern Ghats (Subhumid),#5cb7aa
Kandhamal,Baliguda,OD,0.0,0.0,0.0,0.0,0.0,0.0,0.0,0.0,0.0,0.0,1277.1506565020136,0.0,0.0,Eastern Plateau (Chhotanagpur) & Eastern Ghats (Subhumid),1,False,Eastern Plateau (Chhotanagpur) & Eastern Ghats (Subhumid),#5cb7aa
Kandhamal,Belaghar,OD,0.0,0.0,0.0,0.0,0.0,0.0,0.0,0.0,0.0,0.0,474.956094009132,0.0,0.0,Eastern Plateau (Chhotanagpur) & Eastern Ghats (Subhumid),1,False,Eastern Plateau (Chhotanagpur) & Eastern Ghats (Subhumid),#5cb7aa
Kandhamal,Brahmanigaon,OD,0.0,0.0,0.0,0.0,0.0,0.0,0.0,0.0,0.0,0.0,483.7501185600333,0.0,0.0,Eastern Plateau (Chhotanagpur) & Eastern Ghats (Subhumid),1,False,Eastern Plateau (Chhotanagpur) & Eastern Ghats (Subhumid),#5cb7aa
Kandhamal,Chakapada,OD,0.0,0.0,0.0,0.0,0.0,0.0,0.0,0.0,0.0,0.0,271.18513950438984,0.0,0.0,Eastern Plateau (Chhotanagpur) & Eastern Ghats (Subhumid),1,False,Eastern Plateau (Chhotanagpur) & Eastern Ghats (Subhumid),#5cb7aa
Kandhamal,Daringbadi,OD,0.0,0.0,0.0,0.0,0.0,0.0,0.0,0.0,0.0,0.0,830.3888308180391,0.0,0.0,Eastern Plateau (Chhotanagpur) & Eastern Ghats (Subhumid),1,False,Eastern Plateau (Chhotanagpur) & Eastern Ghats (Subhumid),#5cb7aa
Kandhamal,G.Udayagiri,OD,0.0,0.0,0.0,0.0,0.0,0.0,0.0,0.0,0.0,0.0,355.9027642915158,0.0,0.0,Eastern Plateau (Chhotanagpur) & Eastern Ghats (Subhumid),1,False,Eastern Plateau (Chhotanagpur) & Eastern Ghats (Subhumid),#5cb7aa
Kandhamal,Gochhapada,OD,0.0,0.0,0.0,0.0,0.0,0.0,0.0,0.0,0.0,0.0,758.9278115616374,0.0,0.0,Eastern Plateau (Chhotanagpur) & Eastern Ghats (Subhumid),1,False,Eastern Plateau (Chhotanagpur) & Eastern Ghats (Subhumid),#5cb7aa
Kandhamal,Khajuripada,OD,0.0,0.0,0.0,0.0,0.0,0.0,0.0,0.0,0.0,0.0,375.4838884044219,0.0,0.0,Eastern Plateau (Chhotanagpur) & Eastern Ghats (Subhumid),1,False,Eastern Plateau (Chhotanagpur) & Eastern Ghats (Subhumid),#5cb7aa
Kandhamal,Kotagarh,OD,0.0,0.0,0.0,0.0,0.0,0.0,0.0,0.0,0.0,0.0,968.7287381590108,0.0,0.0,Eastern Plateau (Chhotanagpur) & Eastern Ghats (Subhumid),1,False,Eastern Plateau (Chhotanagpur) & Eastern Ghats (Subhumid),#5cb7aa
Kandhamal,Nuagaon,OD,0.0,0.0,0.0,0.0,0.0,0.0,0.0,0.0,0.0,0.0,298.4408512674561,0.0,0.0,Eastern Plateau (Chhotanagpur) & Eastern Ghats (Subhumid),1,False,Eastern Plateau (Chhotanagpur) & Eastern Ghats (Subhumid),#5cb7aa
Kandhamal,Phiringia,OD,0.0,0.0,0.0,0.0,0.0,0.0,0.0,0.0,0.0,0.0,617.6732148059865,0.0,0.0,Eastern Plateau (Chhotanagpur) & Eastern Ghats (Subhumid),1,False,Eastern Plateau (Chhotanagpur) & Eastern Ghats (Subhumid),#5cb7aa
Kandhamal,Phulabani,OD,0.0,0.0,0.0,0.0,0.0,0.0,0.0,0.0,0.0,0.0,686.387757009568,0.0,0.0,Eastern Plateau (Chhotanagpur) & Eastern Ghats (Subhumid),1,False,Eastern Plateau (Chhotanagpur) & Eastern Ghats (Subhumid),#5cb7aa
Kandhamal,Phulabani Town,OD,0.0,0.0,0.0,0.0,0.0,0.0,0.0,0.0,0.0,0.0,19.282174001547443,0.0,0.0,Eastern Plateau (Chhotanagpur) & Eastern Ghats (Subhumid),1,False,Eastern Plateau (Chhotanagpur) & Eastern Ghats (Subhumid),#5cb7aa
Kandhamal,Raikia,OD,0.0,0.0,0.0,0.0,0.0,0.0,0.0,0.0,0.0,0.0,569.621570758476,0.0,0.0,Eastern Plateau (Chhotanagpur) & Eastern Ghats (Subhumid),1,False,Eastern Plateau (Chhotanagpur) & Eastern Ghats (Subhumid),#5cb7aa
Kandhamal,Sarangagarh,OD,0.0,0.0,0.0,0.0,0.0,0.0,0.0,0.0,0.0,0.0,345.6765430876906,0.0,0.0,Eastern Plateau (Chhotanagpur) & Eastern Ghats (Subhumid),1,False,Eastern Plateau (Chhotanagpur) & Eastern Ghats (Subhumid),#5cb7aa
Kandhamal,Tikabali,OD,0.0,0.0,0.0,0.0,0.0,0.0,0.0,0.0,0.0,0.0,392.9746307714759,0.0,0.0,Eastern Plateau (Chhotanagpur) & Eastern Ghats (Subhumid),1,False,Eastern Plateau (Chhotanagpur) & Eastern Ghats (Subhumid),#5cb7aa
Kandhamal,Tumudibandha,OD,0.0,0.0,0.0,0.0,0.0,0.0,0.0,0.0,0.0,0.0,417.41222558903246,0.0,0.0,Eastern Plateau (Chhotanagpur) & Eastern Ghats (Subhumid),1,False,Eastern Plateau (Chhotanagpur) & Eastern Ghats (Subhumid),#5cb7aa
Kendrapara,Aali,OD,0.0,0.0,0.0,0.0,0.0,257.3354913005944,0.0,0.0,0.0,0.0,1.7046382040463457,0.0,0.0,Eastern Coastal Plain (Subhumid–Semi-Arid); Eastern Plateau (Chhotanagpur) & Eastern Ghats (Subhumid),2,True,Shared: Eastern Coastal Plain (Subhumid–Semi-Arid) + Eastern Plateau (Chhotanagpur) & Eastern Ghats (Subhumid),#888888
Kendrapara,Derabish,OD,0.0,0.0,0.0,0.0,0.0,46.66993793190194,0.0,0.0,0.0,0.0,52.45027449545732,0.0,0.0,Eastern Coastal Plain (Subhumid–Semi-Arid); Eastern Plateau (Chhotanagpur) & Eastern Ghats (Subhumid),2,True,Shared: Eastern Coastal Plain (Subhumid–Semi-Arid) + Eastern Plateau (Chhotanagpur) & Eastern Ghats (Subhumid),#888888
Kendrapara,Jamboo Marine,OD,0.0,0.0,0.0,0.0,0.0,79.56443703750283,0.0,0.0,0.0,0.0,0.0,0.0,0.0,Eastern Coastal Plain (Subhumid–Semi-Arid),1,False,Eastern Coastal Plain (Subhumid–Semi-Arid),#fff1a8
Kendrapara,Kendrapara,OD,0.0,0.0,0.0,0.0,0.0,11.356160118783864,0.0,0.0,0.0,0.0,0.0,0.0,0.0,Eastern Coastal Plain (Subhumid–Semi-Arid),1,False,Eastern Coastal Plain (Subhumid–Semi-Arid),#fff1a8
Kendrapara,Kendrapara Sadar,OD,0.0,0.0,0.0,0.0,0.0,256.97657518855505,0.0,0.0,0.0,0.0,0.0,0.0,0.0,Eastern Coastal Plain (Subhumid–Semi-Arid),1,False,Eastern Coastal Plain (Subhumid–Semi-Arid),#fff1a8
Kendrapara,Mahakalapada,OD,0.0,0.0,0.0,0.0,0.0,378.8480301000272,0.0,0.0,0.0,0.0,0.0,0.0,0.0,Eastern Coastal Plain (Subhumid–Semi-Arid),1,False,Eastern Coastal Plain (Subhumid–Semi-Arid),#fff1a8
Kendrapara,Marsaghai,OD,0.0,0.0,0.0,0.0,0.0,183.26711857479967,0.0,0.0,0.0,0.0,0.0,0.0,0.0,Eastern Coastal Plain (Subhumid–Semi-Arid),1,False,Eastern Coastal Plain (Subhumid–Semi-Arid),#fff1a8
Kendrapara,Nikirai,OD,0.0,0.0,0.0,0.0,0.0,100.04900797134756,0.0,0.0,0.0,0.0,16.638687542572324,0.0,0.0,Eastern Coastal Plain (Subhumid–Semi-Arid); Eastern Plateau (Chhotanagpur) & Eastern Ghats (Subhumid),2,True,Shared: Eastern Coastal Plain (Subhumid–Semi-Arid) + Eastern Plateau (Chhotanagpur) & Eastern Ghats (Subhumid),#888888
Kendrapara,Patkura,OD,0.0,0.0,0.0,0.0,0.0,251.16950491799804,0.0,0.0,0.0,0.0,0.0,0.0,0.0,Eastern Coastal Plain (Subhumid–Semi-Arid),1,False,Eastern Coastal Plain (Subhumid–Semi-Arid),#fff1a8
Kendrapara,Pattamundai,OD,0.0,0.0,0.0,0.0,0.0,349.5626415782755,0.0,0.0,0.0,0.0,0.1286329182586906,0.0,0.0,Eastern Coastal Plain (Subhumid–Semi-Arid); Eastern Plateau (Chhotanagpur) & Eastern Ghats (Subhumid),2,True,Shared: Eastern Coastal Plain (Subhumid–Semi-Arid) + Eastern Plateau (Chhotanagpur) & Eastern Ghats (Subhumid),#888888
Kendrapara,Rajkanika,OD,0.0,0.0,0.0,0.0,0.0,292.5702695179184,0.0,0.0,0.0,0.0,1.6252712607385082,0.0,0.0,Eastern Coastal Plain (Subhumid–Semi-Arid); Eastern Plateau (Chhotanagpur) & Eastern Ghats (Subhumid),2,True,Shared: Eastern Coastal Plain (Subhumid–Semi-Arid) + Eastern Plateau (Chhotanagpur) & Eastern Ghats (Subhumid),#888888
Kendrapara,Rajnagar,OD,5.7335399771196,0.0,0.0,0.0,0.0,550.7858182811826,0.0,0.0,0.0,0.0,0.0,0.0,0.0,Assam & Bengal Plain (Subhumid–Humid); Eastern Coastal Plain (Subhumid–Semi-Arid),2,True,Shared: Assam & Bengal Plain (Subhumid–Humid) + Eastern Coastal Plain (Subhumid–Semi-Arid),#888888
Kendujhar,Anandapur,OD,0.0,0.0,0.0,0.0,0.0,0.0,0.0,0.0,0.0,0.0,437.8982798120677,0.0,0.0,Eastern Plateau (Chhotanagpur) & Eastern Ghats (Subhumid),1,False,Eastern Plateau (Chhotanagpur) & Eastern Ghats (Subhumid),#5cb7aa
Kendujhar,Bamebari,OD,0.0,0.0,0.0,0.0,0.0,0.0,0.0,0.0,0.0,0.0,454.5763916575376,0.0,0.0,Eastern Plateau (Chhotanagpur) & Eastern Ghats (Subhumid),1,False,Eastern Plateau (Chhotanagpur) & Eastern Ghats (Subhumid),#5cb7aa
Kendujhar,Barbil,OD,0.0,0.0,0.0,0.0,0.0,0.0,0.0,0.0,0.0,0.0,225.75536954557225,0.0,0.0,Eastern Plateau (Chhotanagpur) & Eastern Ghats (Subhumid),1,False,Eastern Plateau (Chhotanagpur) & Eastern Ghats (Subhumid),#5cb7aa
Kendujhar,Baria,OD,0.0,0.0,0.0,0.0,0.0,0.0,0.0,0.0,0.0,0.0,305.4161839426212,0.0,0.0,Eastern Plateau (Chhotanagpur) & Eastern Ghats (Subhumid),1,False,Eastern Plateau (Chhotanagpur) & Eastern Ghats (Subhumid),#5cb7aa
Kendujhar,Bolani,OD,0.0,0.0,0.0,0.0,0.0,0.0,0.0,0.0,0.0,0.0,117.25059463814353,0.0,0.0,Eastern Plateau (Chhotanagpur) & Eastern Ghats (Subhumid),1,False,Eastern Plateau (Chhotanagpur) & Eastern Ghats (Subhumid),#5cb7aa
Kendujhar,Champua,OD,0.0,0.0,0.0,0.0,0.0,0.0,0.0,0.0,0.0,0.0,358.91474991967,0.0,0.0,Eastern Plateau (Chhotanagpur) & Eastern Ghats (Subhumid),1,False,Eastern Plateau (Chhotanagpur) & Eastern Ghats (Subhumid),#5cb7aa
Kendujhar,Daitari,OD,0.0,0.0,0.0,0.0,0.0,0.0,0.0,0.0,0.0,0.0,293.3426475693697,0.0,0.0,Eastern Plateau (Chhotanagpur) & Eastern Ghats (Subhumid),1,False,Eastern Plateau (Chhotanagpur) & Eastern Ghats (Subhumid),#5cb7aa
Kendujhar,Ghasipura,OD,0.0,0.0,0.0,0.0,0.0,0.0,0.0,0.0,0.0,0.0,467.4445477215993,0.0,0.0,Eastern Plateau (Chhotanagpur) & Eastern Ghats (Subhumid),1,False,Eastern Plateau (Chhotanagpur) & Eastern Ghats (Subhumid),#5cb7aa
Kendujhar,Ghatgaon,OD,0.0,0.0,0.0,0.0,0.0,0.0,0.0,0.0,0.0,0.0,784.1732742158126,0.0,0.0,Eastern Plateau (Chhotanagpur) & Eastern Ghats (Subhumid),1,False,Eastern Plateau (Chhotanagpur) & Eastern Ghats (Subhumid),#5cb7aa
Kendujhar,Harichandanpur,OD,0.0,0.0,0.0,0.0,0.0,0.0,0.0,0.0,0.0,0.0,686.0920774464881,0.0,0.0,Eastern Plateau (Chhotanagpur) & Eastern Ghats (Subhumid),1,False,Eastern Plateau (Chhotanagpur) & Eastern Ghats (Subhumid),#5cb7aa
Kendujhar,Jhumpura,OD,0.0,0.0,0.0,0.0,0.0,0.0,0.0,0.0,0.0,0.0,169.40789631672908,0.0,0.0,Eastern Plateau (Chhotanagpur) & Eastern Ghats (Subhumid),1,False,Eastern Plateau (Chhotanagpur) & Eastern Ghats (Subhumid),#5cb7aa
Kendujhar,Joda,OD,0.0,0.0,0.0,0.0,0.0,0.0,0.0,0.0,0.0,0.0,195.08043431722828,0.0,0.0,Eastern Plateau (Chhotanagpur) & Eastern Ghats (Subhumid),1,False,Eastern Plateau (Chhotanagpur) & Eastern Ghats (Subhumid),#5cb7aa
Kendujhar,Kanjipani,OD,0.0,0.0,0.0,0.0,0.0,0.0,0.0,0.0,0.0,0.0,385.4515980597735,0.0,0.0,Eastern Plateau (Chhotanagpur) & Eastern Ghats (Subhumid),1,False,Eastern Plateau (Chhotanagpur) & Eastern Ghats (Subhumid),#5cb7aa
Kendujhar,Kendujhar Sadar,OD,0.0,0.0,0.0,0.0,0.0,0.0,0.0,0.0,0.0,0.0,810.1740195016639,0.0,0.0,Eastern Plateau (Chhotanagpur) & Eastern Ghats (Subhumid),1,False,Eastern Plateau (Chhotanagpur) & Eastern Ghats (Subhumid),#5cb7aa
Kendujhar,Kendujhar Town,OD,0.0,0.0,0.0,0.0,0.0,0.0,0.0,0.0,0.0,0.0,203.16323426862945,0.0,0.0,Eastern Plateau (Chhotanagpur) & Eastern Ghats (Subhumid),1,False,Eastern Plateau (Chhotanagpur) & Eastern Ghats (Subhumid),#5cb7aa
Kendujhar,Nandipada,OD,0.0,0.0,0.0,0.0,0.0,0.0,0.0,0.0,0.0,0.0,187.5593208933469,0.0,0.0,Eastern Plateau (Chhotanagpur) & Eastern Ghats (Subhumid),1,False,Eastern Plateau (Chhotanagpur) & Eastern Ghats (Subhumid),#5cb7aa
Kendujhar,Nayakote,OD,0.0,0.0,0.0,0.0,0.0,0.0,0.0,0.0,0.0,0.0,652.8887768213517,0.0,0.0,Eastern Plateau (Chhotanagpur) & Eastern Ghats (Subhumid),1,False,Eastern Plateau (Chhotanagpur) & Eastern Ghats (Subhumid),#5cb7aa
Kendujhar,Pandapara,OD,0.0,0.0,0.0,0.0,0.0,0.0,0.0,0.0,0.0,0.0,480.4379124719166,0.0,0.0,Eastern Plateau (Chhotanagpur) & Eastern Ghats (Subhumid),1,False,Eastern Plateau (Chhotanagpur) & Eastern Ghats (Subhumid),#5cb7aa
Kendujhar,Patana,OD,0.0,0.0,0.0,0.0,0.0,0.0,0.0,0.0,0.0,0.0,529.2434264015976,0.0,0.0,Eastern Plateau (Chhotanagpur) & Eastern Ghats (Subhumid),1,False,Eastern Plateau (Chhotanagpur) & Eastern Ghats (Subhumid),#5cb7aa
Kendujhar,Rugudi,OD,0.0,0.0,0.0,0.0,0.0,0.0,0.0,0.0,0.0,0.0,73.41161152063013,0.0,0.0,Eastern Plateau (Chhotanagpur) & Eastern Ghats (Subhumid),1,False,Eastern Plateau (Chhotanagpur) & Eastern Ghats (Subhumid),#5cb7aa
Kendujhar,Sainkul,OD,0.0,0.0,0.0,0.0,0.0,0.0,0.0,0.0,0.0,0.0,202.40065606047767,0.0,0.0,Eastern Plateau (Chhotanagpur) & Eastern Ghats (Subhumid),1,False,Eastern Plateau (Chhotanagpur) & Eastern Ghats (Subhumid),#5cb7aa
Kendujhar,Soso,OD,0.0,0.0,0.0,0.0,0.0,0.0,0.0,0.0,0.0,0.0,292.7034803815368,0.0,0.0,Eastern Plateau (Chhotanagpur) & Eastern Ghats (Subhumid),1,False,Eastern Plateau (Chhotanagpur) & Eastern Ghats (Subhumid),#5cb7aa
Kendujhar,Telkoi,OD,0.0,0.0,0.0,0.0,0.0,0.0,0.0,0.0,0.0,0.0,995.803752160186,0.0,0.0,Eastern Plateau (Chhotanagpur) & Eastern Ghats (Subhumid),1,False,Eastern Plateau (Chhotanagpur) & Eastern Ghats (Subhumid),#5cb7aa
Kendujhar,Turumunga,OD,0.0,0.0,0.0,0.0,0.0,0.0,0.0,0.0,0.0,0.0,347.2215387564923,0.0,0.0,Eastern Plateau (Chhotanagpur) & Eastern Ghats (Subhumid),1,False,Eastern Plateau (Chhotanagpur) & Eastern Ghats (Subhumid),#5cb7aa
Khordha,Airfield (Kapila Prasad),OD,0.0,0.0,0.0,0.0,0.0,26.681433930666547,0.0,0.0,0.0,0.0,8.167663463156662,0.0,0.0,Eastern Coastal Plain (Subhumid–Semi-Arid); Eastern Plateau (Chhotanagpur) & Eastern Ghats (Subhumid),2,True,Shared: Eastern Coastal Plain (Subhumid–Semi-Arid) + Eastern Plateau (Chhotanagpur) & Eastern Ghats (Subhumid),#888888
Khordha,Balianta,OD,0.0,0.0,0.0,0.0,0.0,95.69767308409205,0.0,0.0,0.0,0.0,35.271190270941375,0.0,0.0,Eastern Coastal Plain (Subhumid–Semi-Arid); Eastern Plateau (Chhotanagpur) & Eastern Ghats (Subhumid),2,True,Shared: Eastern Coastal Plain (Subhumid–Semi-Arid) + Eastern Plateau (Chhotanagpur) & Eastern Ghats (Subhumid),#888888
Khordha,Balipatna,OD,0.0,0.0,0.0,0.0,0.0,189.0831295763712,0.0,0.0,0.0,0.0,0.0,0.0,0.0,Eastern Coastal Plain (Subhumid–Semi-Arid),1,False,Eastern Coastal Plain (Subhumid–Semi-Arid),#fff1a8
Khordha,Balugaon,OD,0.0,0.0,0.0,0.0,0.0,181.91143308086689,0.0,0.0,0.0,0.0,0.1345807262476172,0.0,0.0,Eastern Coastal Plain (Subhumid–Semi-Arid); Eastern Plateau (Chhotanagpur) & Eastern Ghats (Subhumid),2,True,Shared: Eastern Coastal Plain (Subhumid–Semi-Arid) + Eastern Plateau (Chhotanagpur) & Eastern Ghats (Subhumid),#888888
Khordha,Banapur,OD,0.0,0.0,0.0,0.0,0.0,196.79409096686547,0.0,0.0,0.0,0.0,306.70610657854496,0.0,0.0,Eastern Coastal Plain (Subhumid–Semi-Arid); Eastern Plateau (Chhotanagpur) & Eastern Ghats (Subhumid),2,True,Shared: Eastern Coastal Plain (Subhumid–Semi-Arid) + Eastern Plateau (Chhotanagpur) & Eastern Ghats (Subhumid),#888888
Khordha,Begunia,OD,0.0,0.0,0.0,0.0,0.0,0.0,0.0,0.0,0.0,0.0,267.4718185263857,0.0,0.0,Eastern Plateau (Chhotanagpur) & Eastern Ghats (Subhumid),1,False,Eastern Plateau (Chhotanagpur) & Eastern Ghats (Subhumid),#5cb7aa
Khordha,Bhubaneswar (M.Corp.),OD,0.0,0.0,0.0,0.0,0.0,2.456530348456217,0.0,0.0,0.0,0.0,162.919967034952,0.0,0.0,Eastern Coastal Plain (Subhumid–Semi-Arid); Eastern Plateau (Chhotanagpur) & Eastern Ghats (Subhumid),2,True,Shared: Eastern Coastal Plain (Subhumid–Semi-Arid) + Eastern Plateau (Chhotanagpur) & Eastern Ghats (Subhumid),#888888
Khordha,Bolagad,OD,0.0,0.0,0.0,0.0,0.0,0.0,0.0,0.0,0.0,0.0,187.09360930725768,0.0,0.0,Eastern Plateau (Chhotanagpur) & Eastern Ghats (Subhumid),1,False,Eastern Plateau (Chhotanagpur) & Eastern Ghats (Subhumid),#5cb7aa
Khordha,Chandaka,OD,0.0,0.0,0.0,0.0,0.0,0.0,0.0,0.0,0.0,0.0,286.01494127232974,0.0,0.0,Eastern Plateau (Chhotanagpur) & Eastern Ghats (Subhumid),1,False,Eastern Plateau (Chhotanagpur) & Eastern Ghats (Subhumid),#5cb7aa
Khordha,Jankia,OD,0.0,0.0,0.0,0.0,0.0,76.88630844955475,0.0,0.0,0.0,0.0,121.47393050605808,0.0,0.0,Eastern Coastal Plain (Subhumid–Semi-Arid); Eastern Plateau (Chhotanagpur) & Eastern Ghats (Subhumid),2,True,Shared: Eastern Coastal Plain (Subhumid–Semi-Arid) + Eastern Plateau (Chhotanagpur) & Eastern Ghats (Subhumid),#888888
Khordha,Jatani,OD,0.0,0.0,0.0,0.0,0.0,47.16130959283832,0.0,0.0,0.0,0.0,110.56963458895562,0.0,0.0,Eastern Coastal Plain (Subhumid–Semi-Arid); Eastern Plateau (Chhotanagpur) & Eastern Ghats (Subhumid),2,True,Shared: Eastern Coastal Plain (Subhumid–Semi-Arid) + Eastern Plateau (Chhotanagpur) & Eastern Ghats (Subhumid),#888888
Khordha,Khandagiri,OD,0.0,0.0,0.0,0.0,0.0,8.75995695271219,0.0,0.0,0.0,0.0,23.14342194647715,0.0,0.0,Eastern Coastal Plain (Subhumid–Semi-Arid); Eastern Plateau (Chhotanagpur) & Eastern Ghats (Subhumid),2,True,Shared: Eastern Coastal Plain (Subhumid–Semi-Arid) + Eastern Plateau (Chhotanagpur) & Eastern Ghats (Subhumid),#888888
Khordha,Khordha,OD,0.0,0.0,0.0,0.0,0.0,0.0,0.0,0.0,0.0,0.0,282.6527727408708,0.0,0.0,Eastern Plateau (Chhotanagpur) & Eastern Ghats (Subhumid),1,False,Eastern Plateau (Chhotanagpur) & Eastern Ghats (Subhumid),#5cb7aa
Khordha,Khordha Sadar,OD,0.0,0.0,0.0,0.0,0.0,39.49817598086143,0.0,0.0,0.0,0.0,130.77063539174384,0.0,0.0,Eastern Coastal Plain (Subhumid–Semi-Arid); Eastern Plateau (Chhotanagpur) & Eastern Ghats (Subhumid),2,True,Shared: Eastern Coastal Plain (Subhumid–Semi-Arid) + Eastern Plateau (Chhotanagpur) & Eastern Ghats (Subhumid),#888888
Khordha,Lingaraj,OD,0.0,0.0,0.0,0.0,0.0,0.0,0.0,0.0,0.0,0.0,2.159306443648015,0.0,0.0,Eastern Plateau (Chhotanagpur) & Eastern Ghats (Subhumid),1,False,Eastern Plateau (Chhotanagpur) & Eastern Ghats (Subhumid),#5cb7aa
Khordha,Mancheswar,OD,0.0,0.0,0.0,0.0,0.0,0.0,0.0,0.0,0.0,0.0,15.805226802787542,0.0,0.0,Eastern Plateau (Chhotanagpur) & Eastern Ghats (Subhumid),1,False,Eastern Plateau (Chhotanagpur) & Eastern Ghats (Subhumid),#5cb7aa
Khordha,Nandankanan,OD,0.0,0.0,0.0,0.0,0.0,0.0,0.0,0.0,0.0,0.0,24.412659383643582,0.0,0.0,Eastern Plateau (Chhotanagpur) & Eastern Ghats (Subhumid),1,False,Eastern Plateau (Chhotanagpur) & Eastern Ghats (Subhumid),#5cb7aa
Khordha,Nirakarpur,OD,0.0,0.0,0.0,0.0,0.0,69.62808082076316,0.0,0.0,0.0,0.0,0.0,0.0,0.0,Eastern Coastal Plain (Subhumid–Semi-Arid),1,False,Eastern Coastal Plain (Subhumid–Semi-Arid),#fff1a8
Khordha,Saheednagar,OD,0.0,0.0,0.0,0.0,0.0,3.034004468922144,0.0,0.0,0.0,0.0,7.075483374851162,0.0,0.0,Eastern Coastal Plain (Subhumid–Semi-Arid); Eastern Plateau (Chhotanagpur) & Eastern Ghats (Subhumid),2,True,Shared: Eastern Coastal Plain (Subhumid–Semi-Arid) + Eastern Plateau (Chhotanagpur) & Eastern Ghats (Subhumid),#888888
Khordha,Tamando,OD,0.0,0.0,0.0,0.0,0.0,0.0,0.0,0.0,0.0,0.0,24.26657609380898,0.0,0.0,Eastern Plateau (Chhotanagpur) & Eastern Ghats (Subhumid),1,False,Eastern Plateau (Chhotanagpur) & Eastern Ghats (Subhumid),#5cb7aa
Khordha,Tangi,OD,0.0,0.0,0.0,0.0,0.0,331.880513091389,0.0,0.0,0.0,0.0,1.5616907168109762,0.0,0.0,Eastern Coastal Plain (Subhumid–Semi-Arid); Eastern Plateau (Chhotanagpur) & Eastern Ghats (Subhumid),2,True,Shared: Eastern Coastal Plain (Subhumid–Semi-Arid) + Eastern Plateau (Chhotanagpur) & Eastern Ghats (Subhumid),#888888
Khordha,Uttara P.S,OD,0.0,0.0,0.0,0.0,0.0,26.010344355446733,0.0,0.0,0.0,0.0,0.0,0.0,0.0,Eastern Coastal Plain (Subhumid–Semi-Arid),1,False,Eastern Coastal Plain (Subhumid–Semi-Arid),#fff1a8
Koraput,Bandhugaon,OD,0.0,0.0,0.0,0.0,0.0,0.0,0.0,0.0,0.0,0.0,480.64228838704105,0.0,0.0,Eastern Plateau (Chhotanagpur) & Eastern Ghats (Subhumid),1,False,Eastern Plateau (Chhotanagpur) & Eastern Ghats (Subhumid),#5cb7aa
Koraput,Bhairabsingipur,OD,0.0,0.0,0.0,0.0,0.0,0.0,0.0,0.0,0.0,0.0,388.9115815383437,0.0,0.0,Eastern Plateau (Chhotanagpur) & Eastern Ghats (Subhumid),1,False,Eastern Plateau (Chhotanagpur) & Eastern Ghats (Subhumid),#5cb7aa
Koraput,Boipariguda,OD,0.0,0.0,0.0,0.0,0.0,0.0,0.0,0.0,0.0,0.0,1278.1000604880865,0.0,0.0,Eastern Plateau (Chhotanagpur) & Eastern Ghats (Subhumid),1,False,Eastern Plateau (Chhotanagpur) & Eastern Ghats (Subhumid),#5cb7aa
Koraput,Boriguma,OD,0.0,0.0,0.0,0.0,0.0,0.0,0.0,0.0,0.0,0.0,412.85425853365024,0.0,0.0,Eastern Plateau (Chhotanagpur) & Eastern Ghats (Subhumid),1,False,Eastern Plateau (Chhotanagpur) & Eastern Ghats (Subhumid),#5cb7aa
Koraput,Damonjodi,OD,0.0,0.0,0.0,0.0,0.0,0.0,0.0,0.0,0.0,0.0,100.70721906506569,0.0,0.0,Eastern Plateau (Chhotanagpur) & Eastern Ghats (Subhumid),1,False,Eastern Plateau (Chhotanagpur) & Eastern Ghats (Subhumid),#5cb7aa
Koraput,Dasamantapur,OD,0.0,0.0,0.0,0.0,0.0,0.0,0.0,0.0,0.0,0.0,693.9496816871133,0.0,0.0,Eastern Plateau (Chhotanagpur) & Eastern Ghats (Subhumid),1,False,Eastern Plateau (Chhotanagpur) & Eastern Ghats (Subhumid),#5cb7aa
Koraput,Jeypore,OD,0.0,0.0,0.0,0.0,0.0,0.0,0.0,0.0,0.0,0.0,411.9469473437024,0.0,0.0,Eastern Plateau (Chhotanagpur) & Eastern Ghats (Subhumid),1,False,Eastern Plateau (Chhotanagpur) & Eastern Ghats (Subhumid),#5cb7aa
Koraput,Kakiriguma,OD,0.0,0.0,0.0,0.0,0.0,0.0,0.0,0.0,0.0,0.0,201.31377365036863,0.0,0.0,Eastern Plateau (Chhotanagpur) & Eastern Ghats (Subhumid),1,False,Eastern Plateau (Chhotanagpur) & Eastern Ghats (Subhumid),#5cb7aa
Koraput,Koraput,OD,0.0,0.0,0.0,0.0,0.0,0.0,0.0,0.0,0.0,0.0,754.1741085455673,0.0,0.0,Eastern Plateau (Chhotanagpur) & Eastern Ghats (Subhumid),1,False,Eastern Plateau (Chhotanagpur) & Eastern Ghats (Subhumid),#5cb7aa
Koraput,Koraput Town,OD,0.0,0.0,0.0,0.0,0.0,0.0,0.0,0.0,0.0,0.0,108.36912540210864,0.0,0.0,Eastern Plateau (Chhotanagpur) & Eastern Ghats (Subhumid),1,False,Eastern Plateau (Chhotanagpur) & Eastern Ghats (Subhumid),#5cb7aa
Koraput,Kotiya,OD,0.0,0.0,0.0,0.0,0.0,0.0,0.0,0.0,0.0,0.0,48.28993688445301,0.0,0.0,Eastern Plateau (Chhotanagpur) & Eastern Ghats (Subhumid),1,False,Eastern Plateau (Chhotanagpur) & Eastern Ghats (Subhumid),#5cb7aa
Koraput,Kotpad,OD,0.0,0.0,0.0,0.0,0.0,0.0,0.0,0.0,0.0,0.0,579.9859973752017,0.0,0.0,Eastern Plateau (Chhotanagpur) & Eastern Ghats (Subhumid),1,False,Eastern Plateau (Chhotanagpur) & Eastern Ghats (Subhumid),#5cb7aa
Koraput,Kundura,OD,0.0,0.0,0.0,0.0,0.0,0.0,0.0,0.0,0.0,0.0,349.418495916428,0.0,0.0,Eastern Plateau (Chhotanagpur) & Eastern Ghats (Subhumid),1,False,Eastern Plateau (Chhotanagpur) & Eastern Ghats (Subhumid),#5cb7aa
Koraput,Lakshmipur,OD,0.0,0.0,0.0,0.0,0.0,0.0,0.0,0.0,0.0,0.0,351.0609304983668,0.0,0.0,Eastern Plateau (Chhotanagpur) & Eastern Ghats (Subhumid),1,False,Eastern Plateau (Chhotanagpur) & Eastern Ghats (Subhumid),#5cb7aa
Koraput,Machh Kund,OD,0.0,0.0,0.0,0.0,0.0,0.0,0.0,0.0,0.0,0.0,417.0576018525317,0.0,0.0,Eastern Plateau (Chhotanagpur) & Eastern Ghats (Subhumid),1,False,Eastern Plateau (Chhotanagpur) & Eastern Ghats (Subhumid),#5cb7aa
Koraput,Nandapur,OD,0.0,0.0,0.0,0.0,0.0,0.0,0.0,0.0,0.0,0.0,661.267310080635,0.0,0.0,Eastern Plateau (Chhotanagpur) & Eastern Ghats (Subhumid),1,False,Eastern Plateau (Chhotanagpur) & Eastern Ghats (Subhumid),#5cb7aa
Koraput,Narayanpatana,OD,0.0,0.0,0.0,0.0,0.0,0.0,0.0,0.0,0.0,0.0,571.2365453862438,0.0,0.0,Eastern Plateau (Chhotanagpur) & Eastern Ghats (Subhumid),1,False,Eastern Plateau (Chhotanagpur) & Eastern Ghats (Subhumid),#5cb7aa
Koraput,Padua,OD,0.0,0.0,0.0,0.0,0.0,0.0,0.0,0.0,0.0,0.0,496.7728332173329,0.0,0.0,Eastern Plateau (Chhotanagpur) & Eastern Ghats (Subhumid),1,False,Eastern Plateau (Chhotanagpur) & Eastern Ghats (Subhumid),#5cb7aa
Koraput,Pottangi,OD,0.0,0.0,0.0,0.0,0.0,0.0,0.0,0.0,0.0,0.0,782.4029183073773,0.0,0.0,Eastern Plateau (Chhotanagpur) & Eastern Ghats (Subhumid),1,False,Eastern Plateau (Chhotanagpur) & Eastern Ghats (Subhumid),#5cb7aa
Koraput,Similiguda,OD,0.0,0.0,0.0,0.0,0.0,0.0,0.0,0.0,0.0,0.0,157.55371813884645,0.0,0.0,Eastern Plateau (Chhotanagpur) & Eastern Ghats (Subhumid),1,False,Eastern Plateau (Chhotanagpur) & Eastern Ghats (Subhumid),#5cb7aa
Koraput,Sunabeda,OD,0.0,0.0,0.0,0.0,0.0,0.0,0.0,0.0,0.0,0.0,137.2248359505751,0.0,0.0,Eastern Plateau (Chhotanagpur) & Eastern Ghats (Subhumid),1,False,Eastern Plateau (Chhotanagpur) & Eastern Ghats (Subhumid),#5cb7aa
Malkangiri,Chitrakonda,OD,0.0,0.0,0.0,0.0,0.0,0.0,0.0,0.0,0.0,0.0,642.7979380298345,0.0,0.0,Eastern Plateau (Chhotanagpur) & Eastern Ghats (Subhumid),1,False,Eastern Plateau (Chhotanagpur) & Eastern Ghats (Subhumid),#5cb7aa
Malkangiri,Jodamba,OD,0.0,0.0,0.0,0.0,0.0,0.0,0.0,0.0,0.0,0.0,336.8757031786547,0.0,0.0,Eastern Plateau (Chhotanagpur) & Eastern Ghats (Subhumid),1,False,Eastern Plateau (Chhotanagpur) & Eastern Ghats (Subhumid),#5cb7aa
Malkangiri,Kalimela,OD,0.0,0.0,0.0,0.0,0.0,0.0,0.0,0.0,0.0,0.0,962.8503764211864,0.0,0.0,Eastern Plateau (Chhotanagpur) & Eastern Ghats (Subhumid),1,False,Eastern Plateau (Chhotanagpur) & Eastern Ghats (Subhumid),#5cb7aa
Malkangiri,M.V. 79,OD,0.0,0.0,0.0,0.0,0.0,0.0,0.0,0.0,0.0,0.0,371.6064154797918,0.0,0.0,Eastern Plateau (Chhotanagpur) & Eastern Ghats (Subhumid),1,False,Eastern Plateau (Chhotanagpur) & Eastern Ghats (Subhumid),#5cb7aa
Malkangiri,Malkangiri,OD,0.0,0.0,0.0,0.0,0.0,0.0,0.0,0.0,0.0,0.0,1353.4605868133444,0.0,0.0,Eastern Plateau (Chhotanagpur) & Eastern Ghats (Subhumid),1,False,Eastern Plateau (Chhotanagpur) & Eastern Ghats (Subhumid),#5cb7aa
Malkangiri,Mathili,OD,0.0,0.0,0.0,0.0,0.0,0.0,0.0,0.0,0.0,0.0,676.8706150948711,0.0,0.0,Eastern Plateau (Chhotanagpur) & Eastern Ghats (Subhumid),1,False,Eastern Plateau (Chhotanagpur) & Eastern Ghats (Subhumid),#5cb7aa
Malkangiri,Motu,OD,0.0,0.0,0.0,0.0,0.0,0.0,0.0,0.0,0.0,0.0,519.0024601653918,0.0,0.0,Eastern Plateau (Chhotanagpur) & Eastern Ghats (Subhumid),1,False,Eastern Plateau (Chhotanagpur) & Eastern Ghats (Subhumid),#5cb7aa
Malkangiri,Mudulipada,OD,0.0,0.0,0.0,0.0,0.0,0.0,0.0,0.0,0.0,0.0,441.53366248788274,0.0,0.0,Eastern Plateau (Chhotanagpur) & Eastern Ghats (Subhumid),1,False,Eastern Plateau (Chhotanagpur) & Eastern Ghats (Subhumid),#5cb7aa
Malkangiri,Orkel,OD,0.0,0.0,0.0,0.0,0.0,0.0,0.0,0.0,0.0,0.0,513.9199448744247,0.0,0.0,Eastern Plateau (Chhotanagpur) & Eastern Ghats (Subhumid),1,False,Eastern Plateau (Chhotanagpur) & Eastern Ghats (Subhumid),#5cb7aa
Malkangiri,Paparmetla,OD,0.0,0.0,0.0,0.0,0.0,0.0,0.0,0.0,0.0,0.0,251.52858232188905,0.0,0.0,Eastern Plateau (Chhotanagpur) & Eastern Ghats (Subhumid),1,False,Eastern Plateau (Chhotanagpur) & Eastern Ghats (Subhumid),#5cb7aa
Malkangiri,Podia,OD,0.0,0.0,0.0,0.0,0.0,0.0,0.0,0.0,0.0,0.0,342.4959625389725,0.0,0.0,Eastern Plateau (Chhotanagpur) & Eastern Ghats (Subhumid),1,False,Eastern Plateau (Chhotanagpur) & Eastern Ghats (Subhumid),#5cb7aa
Mayurbhanj,Badampahar,OD,0.0,0.0,0.0,0.0,0.0,0.0,0.0,0.0,0.0,0.0,237.3549122555665,0.0,0.0,Eastern Plateau (Chhotanagpur) & Eastern Ghats (Subhumid),1,False,Eastern Plateau (Chhotanagpur) & Eastern Ghats (Subhumid),#5cb7aa
Mayurbhanj,Bahalda,OD,0.0,0.0,0.0,0.0,0.0,0.0,0.0,0.0,0.0,0.0,178.32316341818736,0.0,0.0,Eastern Plateau (Chhotanagpur) & Eastern Ghats (Subhumid),1,False,Eastern Plateau (Chhotanagpur) & Eastern Ghats (Subhumid),#5cb7aa
Mayurbhanj,Baisinga,OD,0.0,0.0,0.0,0.0,0.0,20.39867413189411,0.0,0.0,0.0,0.0,286.466830503165,0.0,0.0,Eastern Coastal Plain (Subhumid–Semi-Arid); Eastern Plateau (Chhotanagpur) & Eastern Ghats (Subhumid),2,True,Shared: Eastern Coastal Plain (Subhumid–Semi-Arid) + Eastern Plateau (Chhotanagpur) & Eastern Ghats (Subhumid),#888888
Mayurbhanj,Bangiriposi,OD,0.0,0.0,0.0,0.0,0.0,0.0,0.0,0.0,0.0,0.0,923.9903830422912,0.0,0.0,Eastern Plateau (Chhotanagpur) & Eastern Ghats (Subhumid),1,False,Eastern Plateau (Chhotanagpur) & Eastern Ghats (Subhumid),#5cb7aa
Mayurbhanj,Baripada (M),OD,0.0,0.0,0.0,0.0,0.0,0.0,0.0,0.0,0.0,0.0,37.6356407277305,0.0,0.0,Eastern Plateau (Chhotanagpur) & Eastern Ghats (Subhumid),1,False,Eastern Plateau (Chhotanagpur) & Eastern Ghats (Subhumid),#5cb7aa
Mayurbhanj,Baripada Sadar,OD,0.0,0.0,0.0,0.0,0.0,0.0,0.0,0.0,0.0,0.0,1052.5009607505508,0.0,0.0,Eastern Plateau (Chhotanagpur) & Eastern Ghats (Subhumid),1,False,Eastern Plateau (Chhotanagpur) & Eastern Ghats (Subhumid),#5cb7aa
Mayurbhanj,Baripada Town,OD,0.0,0.0,0.0,0.0,0.0,0.0,0.0,0.0,0.0,0.0,14.052949653772664,0.0,0.0,Eastern Plateau (Chhotanagpur) & Eastern Ghats (Subhumid),1,False,Eastern Plateau (Chhotanagpur) & Eastern Ghats (Subhumid),#5cb7aa
Mayurbhanj,Barsahi,OD,0.0,0.0,0.0,0.0,0.0,0.0,0.0,0.0,0.0,0.0,381.2825011145489,0.0,0.0,Eastern Plateau (Chhotanagpur) & Eastern Ghats (Subhumid),1,False,Eastern Plateau (Chhotanagpur) & Eastern Ghats (Subhumid),#5cb7aa
Mayurbhanj,Betanati,OD,0.0,0.0,0.0,0.0,0.0,0.0,0.0,0.0,0.0,0.0,306.094980400707,0.0,0.0,Eastern Plateau (Chhotanagpur) & Eastern Ghats (Subhumid),1,False,Eastern Plateau (Chhotanagpur) & Eastern Ghats (Subhumid),#5cb7aa
Mayurbhanj,Bisoi,OD,0.0,0.0,0.0,0.0,0.0,0.0,0.0,0.0,0.0,0.0,425.8530084424211,0.0,0.0,Eastern Plateau (Chhotanagpur) & Eastern Ghats (Subhumid),1,False,Eastern Plateau (Chhotanagpur) & Eastern Ghats (Subhumid),#5cb7aa
Mayurbhanj,Chandua,OD,0.0,0.0,0.0,0.0,0.0,0.0,0.0,0.0,0.0,0.0,285.0084216726729,0.0,0.0,Eastern Plateau (Chhotanagpur) & Eastern Ghats (Subhumid),1,False,Eastern Plateau (Chhotanagpur) & Eastern Ghats (Subhumid),#5cb7aa
Mayurbhanj,Ghagarbeda,OD,0.0,0.0,0.0,0.0,0.0,0.0,0.0,0.0,0.0,0.0,132.79148538755842,0.0,0.0,Eastern Plateau (Chhotanagpur) & Eastern Ghats (Subhumid),1,False,Eastern Plateau (Chhotanagpur) & Eastern Ghats (Subhumid),#5cb7aa
Mayurbhanj,Gorumahisani,OD,0.0,0.0,0.0,0.0,0.0,0.0,0.0,0.0,0.0,0.0,384.9115605081927,0.0,0.0,Eastern Plateau (Chhotanagpur) & Eastern Ghats (Subhumid),1,False,Eastern Plateau (Chhotanagpur) & Eastern Ghats (Subhumid),#5cb7aa
Mayurbhanj,Jamda,OD,0.0,0.0,0.0,0.0,0.0,0.0,0.0,0.0,0.0,0.0,233.95060560093995,0.0,0.0,Eastern Plateau (Chhotanagpur) & Eastern Ghats (Subhumid),1,False,Eastern Plateau (Chhotanagpur) & Eastern Ghats (Subhumid),#5cb7aa
Mayurbhanj,Jashipur,OD,0.0,0.0,0.0,0.0,0.0,0.0,0.0,0.0,0.0,0.0,1072.1972734459914,0.0,0.0,Eastern Plateau (Chhotanagpur) & Eastern Ghats (Subhumid),1,False,Eastern Plateau (Chhotanagpur) & Eastern Ghats (Subhumid),#5cb7aa
Mayurbhanj,Jharpokharia,OD,0.0,0.0,0.0,0.0,0.0,0.0,0.0,0.0,0.0,0.0,407.5906045356559,0.0,0.0,Eastern Plateau (Chhotanagpur) & Eastern Ghats (Subhumid),1,False,Eastern Plateau (Chhotanagpur) & Eastern Ghats (Subhumid),#5cb7aa
Mayurbhanj,Kaptipada,OD,0.0,0.0,0.0,0.0,0.0,0.0,0.0,0.0,0.0,0.0,199.73707313482777,0.0,0.0,Eastern Plateau (Chhotanagpur) & Eastern Ghats (Subhumid),1,False,Eastern Plateau (Chhotanagpur) & Eastern Ghats (Subhumid),#5cb7aa
Mayurbhanj,Karanjia,OD,0.0,0.0,0.0,0.0,0.0,0.0,0.0,0.0,0.0,0.0,801.2710804164657,0.0,0.0,Eastern Plateau (Chhotanagpur) & Eastern Ghats (Subhumid),1,False,Eastern Plateau (Chhotanagpur) & Eastern Ghats (Subhumid),#5cb7aa
Mayurbhanj,Khunta,OD,0.0,0.0,0.0,0.0,0.0,0.0,0.0,0.0,0.0,0.0,390.3151491460568,0.0,0.0,Eastern Plateau (Chhotanagpur) & Eastern Ghats (Subhumid),1,False,Eastern Plateau (Chhotanagpur) & Eastern Ghats (Subhumid),#5cb7aa
Mayurbhanj,Koliana,OD,0.0,0.0,0.0,0.0,0.0,0.0,0.0,0.0,0.0,0.0,256.6670527244878,0.0,0.0,Eastern Plateau (Chhotanagpur) & Eastern Ghats (Subhumid),1,False,Eastern Plateau (Chhotanagpur) & Eastern Ghats (Subhumid),#5cb7aa
Mayurbhanj,Mahuldiha,OD,0.0,0.0,0.0,0.0,0.0,0.0,0.0,0.0,0.0,0.0,426.1689497300914,0.0,0.0,Eastern Plateau (Chhotanagpur) & Eastern Ghats (Subhumid),1,False,Eastern Plateau (Chhotanagpur) & Eastern Ghats (Subhumid),#5cb7aa
Mayurbhanj,Muruda,OD,0.0,0.0,0.0,0.0,0.0,0.0,0.0,0.0,0.0,0.0,252.8151392290263,0.0,0.0,Eastern Plateau (Chhotanagpur) & Eastern Ghats (Subhumid),1,False,Eastern Plateau (Chhotanagpur) & Eastern Ghats (Subhumid),#5cb7aa
Mayurbhanj,Rairangpur,OD,0.0,0.0,0.0,0.0,0.0,0.0,0.0,0.0,0.0,0.0,310.76085142862684,0.0,0.0,Eastern Plateau (Chhotanagpur) & Eastern Ghats (Subhumid),1,False,Eastern Plateau (Chhotanagpur) & Eastern Ghats (Subhumid),#5cb7aa
Mayurbhanj,Rairangpur Town,OD,0.0,0.0,0.0,0.0,0.0,0.0,0.0,0.0,0.0,0.0,102.49232378595076,0.0,0.0,Eastern Plateau (Chhotanagpur) & Eastern Ghats (Subhumid),1,False,Eastern Plateau (Chhotanagpur) & Eastern Ghats (Subhumid),#5cb7aa
Mayurbhanj,Raruan,OD,0.0,0.0,0.0,0.0,0.0,0.0,0.0,0.0,0.0,0.0,301.1299347414233,0.0,0.0,Eastern Plateau (Chhotanagpur) & Eastern Ghats (Subhumid),1,False,Eastern Plateau (Chhotanagpur) & Eastern Ghats (Subhumid),#5cb7aa
Mayurbhanj,Rasagobindapur,OD,0.0,0.0,0.0,0.0,0.0,0.0048937698353832,0.0,0.0,0.0,0.0,273.64237917554505,0.0,0.0,Eastern Coastal Plain (Subhumid–Semi-Arid); Eastern Plateau (Chhotanagpur) & Eastern Ghats (Subhumid),2,True,Shared: Eastern Coastal Plain (Subhumid–Semi-Arid) + Eastern Plateau (Chhotanagpur) & Eastern Ghats (Subhumid),#888888
Mayurbhanj,Sharata,OD,0.0,0.0,0.0,0.0,0.0,0.0,0.0,0.0,0.0,0.0,443.81543100697706,0.0,0.0,Eastern Plateau (Chhotanagpur) & Eastern Ghats (Subhumid),1,False,Eastern Plateau (Chhotanagpur) & Eastern Ghats (Subhumid),#5cb7aa
Mayurbhanj,Suliapada,OD,0.0,0.0,0.0,0.0,0.0,0.0,0.0,0.0,0.0,0.0,341.65522882203527,0.0,0.0,Eastern Plateau (Chhotanagpur) & Eastern Ghats (Subhumid),1,False,Eastern Plateau (Chhotanagpur) & Eastern Ghats (Subhumid),#5cb7aa
Mayurbhanj,Thakurmunda,OD,0.0,0.0,0.0,0.0,0.0,0.0,0.0,0.0,0.0,0.0,696.1740551294789,0.0,0.0,Eastern Plateau (Chhotanagpur) & Eastern Ghats (Subhumid),1,False,Eastern Plateau (Chhotanagpur) & Eastern Ghats (Subhumid),#5cb7aa
Mayurbhanj,Tiring,OD,0.0,0.0,0.0,0.0,0.0,0.0,0.0,0.0,0.0,0.0,371.8160031591953,0.0,0.0,Eastern Plateau (Chhotanagpur) & Eastern Ghats (Subhumid),1,False,Eastern Plateau (Chhotanagpur) & Eastern Ghats (Subhumid),#5cb7aa
Mayurbhanj,Udala,OD,0.0,0.0,0.0,0.0,0.0,0.0,0.0,0.0,0.0,0.0,588.3597247158508,0.0,0.0,Eastern Plateau (Chhotanagpur) & Eastern Ghats (Subhumid),1,False,Eastern Plateau (Chhotanagpur) & Eastern Ghats (Subhumid),#5cb7aa
Nabarangpur,Chandahandi,OD,0.0,0.0,0.0,0.0,0.0,0.0,0.0,0.0,0.0,4.223342953853224,282.58114463170983,0.0,0.0,Eastern Plateau (Chhattisgarh); Eastern Plateau (Chhotanagpur) & Eastern Ghats (Subhumid),2,True,Shared: Eastern Plateau (Chhattisgarh) + Eastern Plateau (Chhotanagpur) & Eastern Ghats (Subhumid),#888888
Nabarangpur,Dabugan,OD,0.0,0.0,0.0,0.0,0.0,0.0,0.0,0.0,0.0,0.0,858.9563536312926,0.0,0.0,Eastern Plateau (Chhotanagpur) & Eastern Ghats (Subhumid),1,False,Eastern Plateau (Chhotanagpur) & Eastern Ghats (Subhumid),#5cb7aa
Nabarangpur,Jharigan,OD,0.0,0.0,0.0,0.0,0.0,0.0,0.0,0.0,0.0,0.4474826477130985,753.0789867940223,0.0,0.0,Eastern Plateau (Chhattisgarh); Eastern Plateau (Chhotanagpur) & Eastern Ghats (Subhumid),2,True,Shared: Eastern Plateau (Chhattisgarh) + Eastern Plateau (Chhotanagpur) & Eastern Ghats (Subhumid),#888888
Nabarangpur,Khatiguda,OD,0.0,0.0,0.0,0.0,0.0,0.0,0.0,0.0,0.0,0.0,199.73704898282432,0.0,0.0,Eastern Plateau (Chhotanagpur) & Eastern Ghats (Subhumid),1,False,Eastern Plateau (Chhotanagpur) & Eastern Ghats (Subhumid),#5cb7aa
Nabarangpur,Kodinga,OD,0.0,0.0,0.0,0.0,0.0,0.0,0.0,0.0,0.0,0.0,451.66734744653553,0.0,0.0,Eastern Plateau (Chhotanagpur) & Eastern Ghats (Subhumid),1,False,Eastern Plateau (Chhotanagpur) & Eastern Ghats (Subhumid),#5cb7aa
Nabarangpur,Kosagumuda,OD,0.0,0.0,0.0,0.0,0.0,0.0,0.0,0.0,0.0,0.0,447.4918754721266,0.0,0.0,Eastern Plateau (Chhotanagpur) & Eastern Ghats (Subhumid),1,False,Eastern Plateau (Chhotanagpur) & Eastern Ghats (Subhumid),#5cb7aa
Nabarangpur,Kundei,OD,0.0,0.0,0.0,0.0,0.0,0.0,0.0,0.0,0.0,0.3664498315286369,284.85571903653465,0.0,0.0,Eastern Plateau (Chhattisgarh); Eastern Plateau (Chhotanagpur) & Eastern Ghats (Subhumid),2,True,Shared: Eastern Plateau (Chhattisgarh) + Eastern Plateau (Chhotanagpur) & Eastern Ghats (Subhumid),#888888
Nabarangpur,Nabarangapur P.S,OD,0.0,0.0,0.0,0.0,0.0,0.0,0.0,0.0,0.0,0.0,306.2959630296334,0.0,0.0,Eastern Plateau (Chhotanagpur) & Eastern Ghats (Subhumid),1,False,Eastern Plateau (Chhotanagpur) & Eastern Ghats (Subhumid),#5cb7aa
Nabarangpur,Paparahandi,OD,0.0,0.0,0.0,0.0,0.0,0.0,0.0,0.0,0.0,0.0,538.7818041152566,0.0,0.0,Eastern Plateau (Chhotanagpur) & Eastern Ghats (Subhumid),1,False,Eastern Plateau (Chhotanagpur) & Eastern Ghats (Subhumid),#5cb7aa
Nabarangpur,Raighar,OD,0.0,0.0,0.0,0.0,0.0,0.0,0.0,0.0,0.0,4.54314761413187,646.1826805846578,0.0,0.0,Eastern Plateau (Chhattisgarh); Eastern Plateau (Chhotanagpur) & Eastern Ghats (Subhumid),2,True,Shared: Eastern Plateau (Chhattisgarh) + Eastern Plateau (Chhotanagpur) & Eastern Ghats (Subhumid),#888888
Nabarangpur,Tentulikhunti,OD,0.0,0.0,0.0,0.0,0.0,0.0,0.0,0.0,0.0,0.0,304.93560843976223,0.0,0.0,Eastern Plateau (Chhotanagpur) & Eastern Ghats (Subhumid),1,False,Eastern Plateau (Chhotanagpur) & Eastern Ghats (Subhumid),#5cb7aa
Nabarangpur,Umarkote,OD,0.0,0.0,0.0,0.0,0.0,0.0,0.0,0.0,0.0,0.0067130570195433,1092.9042552448857,0.0,0.0,Eastern Plateau (Chhattisgarh); Eastern Plateau (Chhotanagpur) & Eastern Ghats (Subhumid),2,True,Shared: Eastern Plateau (Chhattisgarh) + Eastern Plateau (Chhotanagpur) & Eastern Ghats (Subhumid),#888888
Nayagarh,Banigochha,OD,0.0,0.0,0.0,0.0,0.0,0.0,0.0,0.0,0.0,0.0,425.8476019802844,0.0,0.0,Eastern Plateau (Chhotanagpur) & Eastern Ghats (Subhumid),1,False,Eastern Plateau (Chhotanagpur) & Eastern Ghats (Subhumid),#5cb7aa
Nayagarh,Dasapalla,OD,0.0,0.0,0.0,0.0,0.0,0.0,0.0,0.0,0.0,0.0,619.5961875629832,0.0,0.0,Eastern Plateau (Chhotanagpur) & Eastern Ghats (Subhumid),1,False,Eastern Plateau (Chhotanagpur) & Eastern Ghats (Subhumid),#5cb7aa
Nayagarh,Fategarh,OD,0.0,0.0,0.0,0.0,0.0,0.0,0.0,0.0,0.0,0.0,293.28567217591205,0.0,0.0,Eastern Plateau (Chhotanagpur) & Eastern Ghats (Subhumid),1,False,Eastern Plateau (Chhotanagpur) & Eastern Ghats (Subhumid),#5cb7aa
Nayagarh,Gania,OD,0.0,0.0,0.0,0.0,0.0,0.0,0.0,0.0,0.0,0.0,461.0461259692895,0.0,0.0,Eastern Plateau (Chhotanagpur) & Eastern Ghats (Subhumid),1,False,Eastern Plateau (Chhotanagpur) & Eastern Ghats (Subhumid),#5cb7aa
Nayagarh,Itamati,OD,0.0,0.0,0.0,0.0,0.0,0.0,0.0,0.0,0.0,0.0,107.42392350741704,0.0,0.0,Eastern Plateau (Chhotanagpur) & Eastern Ghats (Subhumid),1,False,Eastern Plateau (Chhotanagpur) & Eastern Ghats (Subhumid),#5cb7aa
Nayagarh,Khandapada,OD,0.0,0.0,0.0,0.0,0.0,0.0,0.0,0.0,0.0,0.0,384.7403825749335,0.0,0.0,Eastern Plateau (Chhotanagpur) & Eastern Ghats (Subhumid),1,False,Eastern Plateau (Chhotanagpur) & Eastern Ghats (Subhumid),#5cb7aa
Nayagarh,Nayagarh,OD,0.0,0.0,0.0,0.0,0.0,0.0,0.0,0.0,0.0,0.0,71.16868327375664,0.0,0.0,Eastern Plateau (Chhotanagpur) & Eastern Ghats (Subhumid),1,False,Eastern Plateau (Chhotanagpur) & Eastern Ghats (Subhumid),#5cb7aa
Nayagarh,Nayagarh Sadar,OD,0.0,0.0,0.0,0.0,0.0,0.0,0.0,0.0,0.0,0.0,272.86383516171554,0.0,0.0,Eastern Plateau (Chhotanagpur) & Eastern Ghats (Subhumid),1,False,Eastern Plateau (Chhotanagpur) & Eastern Ghats (Subhumid),#5cb7aa
Nayagarh,Nuagaon,OD,0.0,0.0,0.0,0.0,0.0,0.0,0.0,0.0,0.0,0.0,289.42690906535034,0.0,0.0,Eastern Plateau (Chhotanagpur) & Eastern Ghats (Subhumid),1,False,Eastern Plateau (Chhotanagpur) & Eastern Ghats (Subhumid),#5cb7aa
Nayagarh,Odagaon,OD,0.0,0.0,0.0,0.0,0.0,0.0,0.0,0.0,0.0,0.0,581.525442032461,0.0,0.0,Eastern Plateau (Chhotanagpur) & Eastern Ghats (Subhumid),1,False,Eastern Plateau (Chhotanagpur) & Eastern Ghats (Subhumid),#5cb7aa
Nayagarh,Ranapur,OD,0.0,0.0,0.0,0.0,0.0,48.83354109205669,0.0,0.0,0.0,0.0,547.3901247115986,0.0,0.0,Eastern Coastal Plain (Subhumid–Semi-Arid); Eastern Plateau (Chhotanagpur) & Eastern Ghats (Subhumid),2,True,Shared: Eastern Coastal Plain (Subhumid–Semi-Arid) + Eastern Plateau (Chhotanagpur) & Eastern Ghats (Subhumid),#888888
Nayagarh,Sarankul,OD,0.0,0.0,0.0,0.0,0.0,0.0,0.0,0.0,0.0,0.0,342.4482300873572,0.0,0.0,Eastern Plateau (Chhotanagpur) & Eastern Ghats (Subhumid),1,False,Eastern Plateau (Chhotanagpur) & Eastern Ghats (Subhumid),#5cb7aa
Nuapada,Boden,OD,0.0,0.0,0.0,0.0,0.0,0.0,0.0,0.0,0.0,1.936506450285117,698.0971002226667,0.0,0.0,Eastern Plateau (Chhattisgarh); Eastern Plateau (Chhotanagpur) & Eastern Ghats (Subhumid),2,True,Shared: Eastern Plateau (Chhattisgarh) + Eastern Plateau (Chhotanagpur) & Eastern Ghats (Subhumid),#888888
Nuapada,Jonk,OD,0.0,0.0,0.0,0.0,0.0,0.0,0.0,0.0,0.0,8.15705109269874,407.5244936745254,0.0,0.0,Eastern Plateau (Chhattisgarh); Eastern Plateau (Chhotanagpur) & Eastern Ghats (Subhumid),2,True,Shared: Eastern Plateau (Chhattisgarh) + Eastern Plateau (Chhotanagpur) & Eastern Ghats (Subhumid),#888888
Nuapada,Khariar,OD,0.0,0.0,0.0,0.0,0.0,0.0,0.0,0.0,0.0,0.0,469.2082084717788,0.0,0.0,Eastern Plateau (Chhotanagpur) & Eastern Ghats (Subhumid),1,False,Eastern Plateau (Chhotanagpur) & Eastern Ghats (Subhumid),#5cb7aa
Nuapada,Komna,OD,0.0,0.0,0.0,0.0,0.0,0.0,0.0,0.0,0.0,3.548632205316032,1304.7119998962985,0.0,0.0,Eastern Plateau (Chhattisgarh); Eastern Plateau (Chhotanagpur) & Eastern Ghats (Subhumid),2,True,Shared: Eastern Plateau (Chhattisgarh) + Eastern Plateau (Chhotanagpur) & Eastern Ghats (Subhumid),#888888
Nuapada,Nuapada,OD,0.0,0.0,0.0,0.0,0.0,0.0,0.0,0.0,0.0,4.5502403194439465,749.8363928569233,0.0,0.0,Eastern Plateau (Chhattisgarh); Eastern Plateau (Chhotanagpur) & Eastern Ghats (Subhumid),2,True,Shared: Eastern Plateau (Chhattisgarh) + Eastern Plateau (Chhotanagpur) & Eastern Ghats (Subhumid),#888888
Nuapada,Sinapali,OD,0.0,0.0,0.0,0.0,0.0,0.0,0.0,0.0,0.0,6.9967225413189045,757.2538094388354,0.0,0.0,Eastern Plateau (Chhattisgarh); Eastern Plateau (Chhotanagpur) & Eastern Ghats (Subhumid),2,True,Shared: Eastern Plateau (Chhattisgarh) + Eastern Plateau (Chhotanagpur) & Eastern Ghats (Subhumid),#888888
Puri,Astaranga,OD,0.0,0.0,0.0,0.0,0.0,146.48792248482766,0.0,0.0,0.0,0.0,0.0,0.0,0.0,Eastern Coastal Plain (Subhumid–Semi-Arid),1,False,Eastern Coastal Plain (Subhumid–Semi-Arid),#fff1a8
Puri,Brahmagiri,OD,0.0,0.0,0.0,0.0,0.0,387.9391496140822,0.0,0.0,0.0,0.0,0.0,0.0,0.0,Eastern Coastal Plain (Subhumid–Semi-Arid),1,False,Eastern Coastal Plain (Subhumid–Semi-Arid),#fff1a8
Puri,Chandanpur,OD,0.0,0.0,0.0,0.0,0.0,151.2403152483014,0.0,0.0,0.0,0.0,0.0,0.0,0.0,Eastern Coastal Plain (Subhumid–Semi-Arid),1,False,Eastern Coastal Plain (Subhumid–Semi-Arid),#fff1a8
Puri,Delanga,OD,0.0,0.0,0.0,0.0,0.0,206.63901629901704,0.0,0.0,0.0,0.0,1.4204196334396422,0.0,0.0,Eastern Coastal Plain (Subhumid–Semi-Arid); Eastern Plateau (Chhotanagpur) & Eastern Ghats (Subhumid),2,True,Shared: Eastern Coastal Plain (Subhumid–Semi-Arid) + Eastern Plateau (Chhotanagpur) & Eastern Ghats (Subhumid),#888888
Puri,Gadisagada,OD,0.0,0.0,0.0,0.0,0.0,137.81433386915913,0.0,0.0,0.0,0.0,0.0,0.0,0.0,Eastern Coastal Plain (Subhumid–Semi-Arid),1,False,Eastern Coastal Plain (Subhumid–Semi-Arid),#fff1a8
Puri,Gop,OD,0.0,0.0,0.0,0.0,0.0,237.208965336527,0.0,0.0,0.0,0.0,0.0,0.0,0.0,Eastern Coastal Plain (Subhumid–Semi-Arid),1,False,Eastern Coastal Plain (Subhumid–Semi-Arid),#fff1a8
Puri,Kakatpur,OD,0.0,0.0,0.0,0.0,0.0,129.7316601021152,0.0,0.0,0.0,0.0,0.0,0.0,0.0,Eastern Coastal Plain (Subhumid–Semi-Arid),1,False,Eastern Coastal Plain (Subhumid–Semi-Arid),#fff1a8
Puri,Konark,OD,0.0,0.0,0.0,0.0,0.0,141.9565230288454,0.0,0.0,0.0,0.0,0.0,0.0,0.0,Eastern Coastal Plain (Subhumid–Semi-Arid),1,False,Eastern Coastal Plain (Subhumid–Semi-Arid),#fff1a8
Puri,Krushna Prasad,OD,0.0,0.0,0.0,0.0,0.0,1064.59288700638,0.0,0.0,0.0,0.0,0.0,0.0,0.0,Eastern Coastal Plain (Subhumid–Semi-Arid),1,False,Eastern Coastal Plain (Subhumid–Semi-Arid),#fff1a8
Puri,Nimapada,OD,0.0,0.0,0.0,0.0,0.0,361.9050019034745,0.0,0.0,0.0,0.0,0.0,0.0,0.0,Eastern Coastal Plain (Subhumid–Semi-Arid),1,False,Eastern Coastal Plain (Subhumid–Semi-Arid),#fff1a8
Puri,Pipili,OD,0.0,0.0,0.0,0.0,0.0,235.1452715084908,0.0,0.0,0.0,0.0,0.0,0.0,0.0,Eastern Coastal Plain (Subhumid–Semi-Arid),1,False,Eastern Coastal Plain (Subhumid–Semi-Arid),#fff1a8
Puri,Puri (M),OD,0.0,0.0,0.0,0.0,0.0,15.623582527630209,0.0,0.0,0.0,0.0,0.0,0.0,0.0,Eastern Coastal Plain (Subhumid–Semi-Arid),1,False,Eastern Coastal Plain (Subhumid–Semi-Arid),#fff1a8
Puri,Ramachandi,OD,0.0,0.0,0.0,0.0,0.0,79.79685142185095,0.0,0.0,0.0,0.0,0.0,0.0,0.0,Eastern Coastal Plain (Subhumid–Semi-Arid),1,False,Eastern Coastal Plain (Subhumid–Semi-Arid),#fff1a8
Puri,Sadar,OD,0.0,0.0,0.0,0.0,0.0,264.21226841650207,0.0,0.0,0.0,0.0,0.0,0.0,0.0,Eastern Coastal Plain (Subhumid–Semi-Arid),1,False,Eastern Coastal Plain (Subhumid–Semi-Arid),#fff1a8
Puri,Satyabadi,OD,0.0,0.0,0.0,0.0,0.0,360.8755775316222,0.0,0.0,0.0,0.0,0.0,0.0,0.0,Eastern Coastal Plain (Subhumid–Semi-Arid),1,False,Eastern Coastal Plain (Subhumid–Semi-Arid),#fff1a8
Rayagada,Ambadala,OD,0.0,0.0,0.0,0.0,0.0,0.0,0.0,0.0,0.0,0.0,546.571544317929,0.0,0.0,Eastern Plateau (Chhotanagpur) & Eastern Ghats (Subhumid),1,False,Eastern Plateau (Chhotanagpur) & Eastern Ghats (Subhumid),#5cb7aa
Rayagada,Andirakanch,OD,0.0,0.0,0.0,0.0,0.0,0.0,0.0,0.0,0.0,0.0,164.9041657619847,0.0,0.0,Eastern Plateau (Chhotanagpur) & Eastern Ghats (Subhumid),1,False,Eastern Plateau (Chhotanagpur) & Eastern Ghats (Subhumid),#5cb7aa
Rayagada,Bishamakatak,OD,0.0,0.0,0.0,0.0,0.0,0.0,0.0,0.0,0.0,0.0,805.0466637351966,0.0,0.0,Eastern Plateau (Chhotanagpur) & Eastern Ghats (Subhumid),1,False,Eastern Plateau (Chhotanagpur) & Eastern Ghats (Subhumid),#5cb7aa
Rayagada,Chandrapur,OD,0.0,0.0,0.0,0.0,0.0,0.0,0.0,0.0,0.0,0.0,687.6260159911069,0.0,0.0,Eastern Plateau (Chhotanagpur) & Eastern Ghats (Subhumid),1,False,Eastern Plateau (Chhotanagpur) & Eastern Ghats (Subhumid),#5cb7aa
Rayagada,Doraguda,OD,0.0,0.0,0.0,0.0,0.0,0.0,0.0,0.0,0.0,0.0,215.10446426679903,0.0,0.0,Eastern Plateau (Chhotanagpur) & Eastern Ghats (Subhumid),1,False,Eastern Plateau (Chhotanagpur) & Eastern Ghats (Subhumid),#5cb7aa
Rayagada,Gudari,OD,0.0,0.0,0.0,0.0,0.0,0.0,0.0,0.0,0.0,0.0,721.2168565559067,0.0,0.0,Eastern Plateau (Chhotanagpur) & Eastern Ghats (Subhumid),1,False,Eastern Plateau (Chhotanagpur) & Eastern Ghats (Subhumid),#5cb7aa
Rayagada,Gunupur,OD,0.0,0.0,0.0,0.0,0.0,0.0,0.0,0.0,0.0,0.0,660.9140132585034,0.0,0.0,Eastern Plateau (Chhotanagpur) & Eastern Ghats (Subhumid),1,False,Eastern Plateau (Chhotanagpur) & Eastern Ghats (Subhumid),#5cb7aa
Rayagada,Kalyanasingpur,OD,0.0,0.0,0.0,0.0,0.0,0.0,0.0,0.0,0.0,0.0,638.5323115247861,0.0,0.0,Eastern Plateau (Chhotanagpur) & Eastern Ghats (Subhumid),1,False,Eastern Plateau (Chhotanagpur) & Eastern Ghats (Subhumid),#5cb7aa
Rayagada,Kashipur,OD,0.0,0.0,0.0,0.0,0.0,0.0,0.0,0.0,0.0,0.0,928.896909241884,0.0,0.0,Eastern Plateau (Chhotanagpur) & Eastern Ghats (Subhumid),1,False,Eastern Plateau (Chhotanagpur) & Eastern Ghats (Subhumid),#5cb7aa
Rayagada,Muniguda,OD,0.0,0.0,0.0,0.0,0.0,0.0,0.0,0.0,0.0,0.0,450.0607150732756,0.0,0.0,Eastern Plateau (Chhotanagpur) & Eastern Ghats (Subhumid),1,False,Eastern Plateau (Chhotanagpur) & Eastern Ghats (Subhumid),#5cb7aa
Rayagada,Padmapur,OD,0.0,0.0,0.0,0.0,0.0,0.0,0.0,0.0,0.0,0.0,380.6611095722045,0.0,0.0,Eastern Plateau (Chhotanagpur) & Eastern Ghats (Subhumid),1,False,Eastern Plateau (Chhotanagpur) & Eastern Ghats (Subhumid),#5cb7aa
Rayagada,Puttasing,OD,0.0,0.0,0.0,0.0,0.0,0.0,0.0,0.0,0.0,0.0,390.7260462205542,0.0,0.0,Eastern Plateau (Chhotanagpur) & Eastern Ghats (Subhumid),1,False,Eastern Plateau (Chhotanagpur) & Eastern Ghats (Subhumid),#5cb7aa
Rayagada,Rayagada,OD,0.0,0.0,0.0,0.0,0.0,0.0,0.0,0.0,0.0,0.0,1026.8060431743916,0.0,0.0,Eastern Plateau (Chhotanagpur) & Eastern Ghats (Subhumid),1,False,Eastern Plateau (Chhotanagpur) & Eastern Ghats (Subhumid),#5cb7aa
Rayagada,Seskhal,OD,0.0,0.0,0.0,0.0,0.0,0.0,0.0,0.0,0.0,0.0,412.75854450752496,0.0,0.0,Eastern Plateau (Chhotanagpur) & Eastern Ghats (Subhumid),1,False,Eastern Plateau (Chhotanagpur) & Eastern Ghats (Subhumid),#5cb7aa
Rayagada,Tikiri,OD,0.0,0.0,0.0,0.0,0.0,0.0,0.0,0.0,0.0,0.0,263.0790318241233,0.0,0.0,Eastern Plateau (Chhotanagpur) & Eastern Ghats (Subhumid),1,False,Eastern Plateau (Chhotanagpur) & Eastern Ghats (Subhumid),#5cb7aa
Sambalpur,Ainthapali,OD,0.0,0.0,0.0,0.0,0.0,0.0,0.0,0.0,0.0,0.0,29.97347734248012,0.0,0.0,Eastern Plateau (Chhotanagpur) & Eastern Ghats (Subhumid),1,False,Eastern Plateau (Chhotanagpur) & Eastern Ghats (Subhumid),#5cb7aa
Sambalpur,Burla,OD,0.0,0.0,0.0,0.0,0.0,0.0,0.0,0.0,0.0,0.0,191.2149267513838,0.0,0.0,Eastern Plateau (Chhotanagpur) & Eastern Ghats (Subhumid),1,False,Eastern Plateau (Chhotanagpur) & Eastern Ghats (Subhumid),#5cb7aa
Sambalpur,Charamal,OD,0.0,0.0,0.0,0.0,0.0,0.0,0.0,0.0,0.0,0.0,597.0475659533407,0.0,0.0,Eastern Plateau (Chhotanagpur) & Eastern Ghats (Subhumid),1,False,Eastern Plateau (Chhotanagpur) & Eastern Ghats (Subhumid),#5cb7aa
Sambalpur,Dhama,OD,0.0,0.0,0.0,0.0,0.0,0.0,0.0,0.0,0.0,0.0,368.574796647294,0.0,0.0,Eastern Plateau (Chhotanagpur) & Eastern Ghats (Subhumid),1,False,Eastern Plateau (Chhotanagpur) & Eastern Ghats (Subhumid),#5cb7aa
Sambalpur,Dhanupali,OD,0.0,0.0,0.0,0.0,0.0,0.0,0.0,0.0,0.0,0.0,57.7661207914398,0.0,0.0,Eastern Plateau (Chhotanagpur) & Eastern Ghats (Subhumid),1,False,Eastern Plateau (Chhotanagpur) & Eastern Ghats (Subhumid),#5cb7aa
Sambalpur,Govindpur,OD,0.0,0.0,0.0,0.0,0.0,0.0,0.0,0.0,0.0,0.0,411.89609424360526,0.0,0.0,Eastern Plateau (Chhotanagpur) & Eastern Ghats (Subhumid),1,False,Eastern Plateau (Chhotanagpur) & Eastern Ghats (Subhumid),#5cb7aa
Sambalpur,Hirakud,OD,0.0,0.0,0.0,0.0,0.0,0.0,0.0,0.0,0.0,0.0,125.88747011064758,0.0,0.0,Eastern Plateau (Chhotanagpur) & Eastern Ghats (Subhumid),1,False,Eastern Plateau (Chhotanagpur) & Eastern Ghats (Subhumid),#5cb7aa
Sambalpur,Jamankira,OD,0.0,0.0,0.0,0.0,0.0,0.0,0.0,0.0,0.0,0.0,734.1208287448022,0.0,0.0,Eastern Plateau (Chhotanagpur) & Eastern Ghats (Subhumid),1,False,Eastern Plateau (Chhotanagpur) & Eastern Ghats (Subhumid),#5cb7aa
Sambalpur,Jujomura,OD,0.0,0.0,0.0,0.0,0.0,0.0,0.0,0.0,0.0,0.0,720.1838123323042,0.0,0.0,Eastern Plateau (Chhotanagpur) & Eastern Ghats (Subhumid),1,False,Eastern Plateau (Chhotanagpur) & Eastern Ghats (Subhumid),#5cb7aa
Sambalpur,Katarbaga,OD,0.0,0.0,0.0,0.0,0.0,0.0,0.0,0.0,0.0,0.0,184.48487948993844,0.0,0.0,Eastern Plateau (Chhotanagpur) & Eastern Ghats (Subhumid),1,False,Eastern Plateau (Chhotanagpur) & Eastern Ghats (Subhumid),#5cb7aa
Sambalpur,Kisinda,OD,0.0,0.0,0.0,0.0,0.0,0.0,0.0,0.0,0.0,0.0,593.1555516130995,0.0,0.0,Eastern Plateau (Chhotanagpur) & Eastern Ghats (Subhumid),1,False,Eastern Plateau (Chhotanagpur) & Eastern Ghats (Subhumid),#5cb7aa
Sambalpur,Kochinda,OD,0.0,0.0,0.0,0.0,0.0,0.0,0.0,0.0,0.0,0.0,559.5972632976805,0.0,0.0,Eastern Plateau (Chhotanagpur) & Eastern Ghats (Subhumid),1,False,Eastern Plateau (Chhotanagpur) & Eastern Ghats (Subhumid),#5cb7aa
Sambalpur,Mahulpalli,OD,0.0,0.0,0.0,0.0,0.0,0.0,0.0,0.0,0.0,0.0,704.5954903081991,0.0,0.0,Eastern Plateau (Chhotanagpur) & Eastern Ghats (Subhumid),1,False,Eastern Plateau (Chhotanagpur) & Eastern Ghats (Subhumid),#5cb7aa
Sambalpur,Naktideul,OD,0.0,0.0,0.0,0.0,0.0,0.0,0.0,0.0,0.0,0.0,512.9478466282959,0.0,0.0,Eastern Plateau (Chhotanagpur) & Eastern Ghats (Subhumid),1,False,Eastern Plateau (Chhotanagpur) & Eastern Ghats (Subhumid),#5cb7aa
Sambalpur,Rairakhol,OD,0.0,0.0,0.0,0.0,0.0,0.0,0.0,0.0,0.0,0.0,929.1784764160898,0.0,0.0,Eastern Plateau (Chhotanagpur) & Eastern Ghats (Subhumid),1,False,Eastern Plateau (Chhotanagpur) & Eastern Ghats (Subhumid),#5cb7aa
Sambalpur,Rengali,OD,0.0,0.0,0.0,0.0,0.0,0.0,0.0,0.0,0.0,0.0,159.63936446243395,0.0,0.0,Eastern Plateau (Chhotanagpur) & Eastern Ghats (Subhumid),1,False,Eastern Plateau (Chhotanagpur) & Eastern Ghats (Subhumid),#5cb7aa
Sambalpur,Sadar,OD,0.0,0.0,0.0,0.0,0.0,0.0,0.0,0.0,0.0,0.0,177.50698013730727,0.0,0.0,Eastern Plateau (Chhotanagpur) & Eastern Ghats (Subhumid),1,False,Eastern Plateau (Chhotanagpur) & Eastern Ghats (Subhumid),#5cb7aa
Sambalpur,Sambalpur (M),OD,0.0,0.0,0.0,0.0,0.0,0.0,0.0,0.0,0.0,0.0,59.29805228042053,0.0,0.0,Eastern Plateau (Chhotanagpur) & Eastern Ghats (Subhumid),1,False,Eastern Plateau (Chhotanagpur) & Eastern Ghats (Subhumid),#5cb7aa
Sambalpur,Sasan,OD,0.0,0.0,0.0,0.0,0.0,0.0,0.0,0.0,0.0,0.0,333.20128563187546,0.0,0.0,Eastern Plateau (Chhotanagpur) & Eastern Ghats (Subhumid),1,False,Eastern Plateau (Chhotanagpur) & Eastern Ghats (Subhumid),#5cb7aa
Sambalpur,Thelkoloi,OD,0.0,0.0,0.0,0.0,0.0,0.0,0.0,0.0,0.0,0.0,173.67594406148973,0.0,0.0,Eastern Plateau (Chhotanagpur) & Eastern Ghats (Subhumid),1,False,Eastern Plateau (Chhotanagpur) & Eastern Ghats (Subhumid),#5cb7aa
Sonepur,Binika,OD,0.0,0.0,0.0,0.0,0.0,0.0,0.0,0.0,0.0,0.0,329.7186159710343,0.0,0.0,Eastern Plateau (Chhotanagpur) & Eastern Ghats (Subhumid),1,False,Eastern Plateau (Chhotanagpur) & Eastern Ghats (Subhumid),#5cb7aa
Sonepur,Biramaharajpur,OD,0.0,0.0,0.0,0.0,0.0,0.0,0.0,0.0,0.0,0.0,497.825491253466,0.0,0.0,Eastern Plateau (Chhotanagpur) & Eastern Ghats (Subhumid),1,False,Eastern Plateau (Chhotanagpur) & Eastern Ghats (Subhumid),#5cb7aa
Sonepur,Dunguripali,OD,0.0,0.0,0.0,0.0,0.0,0.0,0.0,0.0,0.0,0.0,459.0974486168119,0.0,0.0,Eastern Plateau (Chhotanagpur) & Eastern Ghats (Subhumid),1,False,Eastern Plateau (Chhotanagpur) & Eastern Ghats (Subhumid),#5cb7aa
Sonepur,Rampur,OD,0.0,0.0,0.0,0.0,0.0,0.0,0.0,0.0,0.0,0.0,129.16808742809226,0.0,0.0,Eastern Plateau (Chhotanagpur) & Eastern Ghats (Subhumid),1,False,Eastern Plateau (Chhotanagpur) & Eastern Ghats (Subhumid),#5cb7aa
Sonepur,Sonapur,OD,0.0,0.0,0.0,0.0,0.0,0.0,0.0,0.0,0.0,0.0,178.0278268393366,0.0,0.0,Eastern Plateau (Chhotanagpur) & Eastern Ghats (Subhumid),1,False,Eastern Plateau (Chhotanagpur) & Eastern Ghats (Subhumid),#5cb7aa
Sonepur,Subalaya,OD,0.0,0.0,0.0,0.0,0.0,0.0,0.0,0.0,0.0,0.0,244.33416853227047,0.0,0.0,Eastern Plateau (Chhotanagpur) & Eastern Ghats (Subhumid),1,False,Eastern Plateau (Chhotanagpur) & Eastern Ghats (Subhumid),#5cb7aa
Sonepur,Tarbha,OD,0.0,0.0,0.0,0.0,0.0,0.0,0.0,0.0,0.0,0.0,449.47934246451376,0.0,0.0,Eastern Plateau (Chhotanagpur) & Eastern Ghats (Subhumid),1,False,Eastern Plateau (Chhotanagpur) & Eastern Ghats (Subhumid),#5cb7aa
Sonepur,Ulunda,OD,0.0,0.0,0.0,0.0,0.0,0.0,0.0,0.0,0.0,0.0,435.4318782087644,0.0,0.0,Eastern Plateau (Chhotanagpur) & Eastern Ghats (Subhumid),1,False,Eastern Plateau (Chhotanagpur) & Eastern Ghats (Subhumid),#5cb7aa
Sundargarh,Banei,OD,0.0,0.0,0.0,0.0,0.0,0.0,0.0,0.0,0.0,0.0,381.9067350835074,0.0,0.0,Eastern Plateau (Chhotanagpur) & Eastern Ghats (Subhumid),1,False,Eastern Plateau (Chhotanagpur) & Eastern Ghats (Subhumid),#5cb7aa
Sundargarh,Baragaon,OD,0.0,0.0,0.0,0.0,0.0,0.0,0.0,0.0,0.0,2.227297789132248,526.222618966032,0.0,0.0,Eastern Plateau (Chhattisgarh); Eastern Plateau (Chhotanagpur) & Eastern Ghats (Subhumid),2,True,Shared: Eastern Plateau (Chhattisgarh) + Eastern Plateau (Chhotanagpur) & Eastern Ghats (Subhumid),#888888
Sundargarh,Bhasma,OD,0.0,0.0,0.0,0.0,0.0,0.0,0.0,0.0,0.0,0.0,241.28155162043424,0.0,0.0,Eastern Plateau (Chhotanagpur) & Eastern Ghats (Subhumid),1,False,Eastern Plateau (Chhotanagpur) & Eastern Ghats (Subhumid),#5cb7aa
Sundargarh,Biramitrapur,OD,0.0,0.0,0.0,0.0,0.0,0.0,0.0,0.0,0.0,1.6722254190247057,393.5079452164736,0.0,0.0,Eastern Plateau (Chhattisgarh); Eastern Plateau (Chhotanagpur) & Eastern Ghats (Subhumid),2,True,Shared: Eastern Plateau (Chhattisgarh) + Eastern Plateau (Chhotanagpur) & Eastern Ghats (Subhumid),#888888
Sundargarh,Bisra,OD,0.0,0.0,0.0,0.0,0.0,0.0,0.0,0.0,0.0,4.53528940935264,482.2021172331052,0.0,0.0,Eastern Plateau (Chhattisgarh); Eastern Plateau (Chhotanagpur) & Eastern Ghats (Subhumid),2,True,Shared: Eastern Plateau (Chhattisgarh) + Eastern Plateau (Chhotanagpur) & Eastern Ghats (Subhumid),#888888
Sundargarh,Bondamunda,OD,0.0,0.0,0.0,0.0,0.0,0.0,0.0,0.0,0.0,0.0,28.96828636374094,0.0,0.0,Eastern Plateau (Chhotanagpur) & Eastern Ghats (Subhumid),1,False,Eastern Plateau (Chhotanagpur) & Eastern Ghats (Subhumid),#5cb7aa
Sundargarh,Brahmani Tarang,OD,0.0,0.0,0.0,0.0,0.0,0.0,0.0,0.0,0.0,0.0,361.20379607656855,0.0,0.0,Eastern Plateau (Chhotanagpur) & Eastern Ghats (Subhumid),1,False,Eastern Plateau (Chhotanagpur) & Eastern Ghats (Subhumid),#5cb7aa
Sundargarh,Chandiposh,OD,0.0,0.0,0.0,0.0,0.0,0.0,0.0,0.0,0.0,0.0,390.5786591743773,0.0,0.0,Eastern Plateau (Chhotanagpur) & Eastern Ghats (Subhumid),1,False,Eastern Plateau (Chhotanagpur) & Eastern Ghats (Subhumid),#5cb7aa
Sundargarh,Dharuadihi,OD,0.0,0.0,0.0,0.0,0.0,0.0,0.0,0.0,0.0,0.0,223.4352159012915,0.0,0.0,Eastern Plateau (Chhotanagpur) & Eastern Ghats (Subhumid),1,False,Eastern Plateau (Chhotanagpur) & Eastern Ghats (Subhumid),#5cb7aa
Sundargarh,Gurundia,OD,0.0,0.0,0.0,0.0,0.0,0.0,0.0,0.0,0.0,0.0,965.9171214073116,0.0,0.0,Eastern Plateau (Chhotanagpur) & Eastern Ghats (Subhumid),1,False,Eastern Plateau (Chhotanagpur) & Eastern Ghats (Subhumid),#5cb7aa
Sundargarh,Hatibari,OD,0.0,0.0,0.0,0.0,0.0,0.0,0.0,0.0,0.0,8.952339883445735,269.5677780931966,0.0,0.0,Eastern Plateau (Chhattisgarh); Eastern Plateau (Chhotanagpur) & Eastern Ghats (Subhumid),2,True,Shared: Eastern Plateau (Chhattisgarh) + Eastern Plateau (Chhotanagpur) & Eastern Ghats (Subhumid),#888888
Sundargarh,Hemgir,OD,0.0,0.0,0.0,0.0,0.0,0.0,0.0,0.0,0.0,13.514523372218656,1029.8642811201464,0.0,0.0,Eastern Plateau (Chhattisgarh); Eastern Plateau (Chhotanagpur) & Eastern Ghats (Subhumid),2,True,Shared: Eastern Plateau (Chhattisgarh) + Eastern Plateau (Chhotanagpur) & Eastern Ghats (Subhumid),#888888
Sundargarh,Kamarposh Balang,OD,0.0,0.0,0.0,0.0,0.0,0.0,0.0,0.0,0.0,0.0,550.3906701021272,0.0,0.0,Eastern Plateau (Chhotanagpur) & Eastern Ghats (Subhumid),1,False,Eastern Plateau (Chhotanagpur) & Eastern Ghats (Subhumid),#5cb7aa
Sundargarh,Kinjirkela,OD,0.0,0.0,0.0,0.0,0.0,0.0,0.0,0.0,0.0,3.041000027612581,531.2745614361179,0.0,0.0,Eastern Plateau (Chhattisgarh); Eastern Plateau (Chhotanagpur) & Eastern Ghats (Subhumid),2,True,Shared: Eastern Plateau (Chhattisgarh) + Eastern Plateau (Chhotanagpur) & Eastern Ghats (Subhumid),#888888
Sundargarh,Koida,OD,0.0,0.0,0.0,0.0,0.0,0.0,0.0,0.0,0.0,0.0,382.72446196920833,0.0,0.0,Eastern Plateau (Chhotanagpur) & Eastern Ghats (Subhumid),1,False,Eastern Plateau (Chhotanagpur) & Eastern Ghats (Subhumid),#5cb7aa
Sundargarh,Kutra,OD,0.0,0.0,0.0,0.0,0.0,0.0,0.0,0.0,0.0,3.544909289925372,360.7214997223359,0.0,0.0,Eastern Plateau (Chhattisgarh); Eastern Plateau (Chhotanagpur) & Eastern Ghats (Subhumid),2,True,Shared: Eastern Plateau (Chhattisgarh) + Eastern Plateau (Chhotanagpur) & Eastern Ghats (Subhumid),#888888
Sundargarh,Lahunipara,OD,0.0,0.0,0.0,0.0,0.0,0.0,0.0,0.0,0.0,0.0,592.4307450278094,0.0,0.0,Eastern Plateau (Chhotanagpur) & Eastern Ghats (Subhumid),1,False,Eastern Plateau (Chhotanagpur) & Eastern Ghats (Subhumid),#5cb7aa
Sundargarh,Lathikata,OD,0.0,0.0,0.0,0.0,0.0,0.0,0.0,0.0,0.0,0.0,133.45199849697383,0.0,0.0,Eastern Plateau (Chhotanagpur) & Eastern Ghats (Subhumid),1,False,Eastern Plateau (Chhotanagpur) & Eastern Ghats (Subhumid),#5cb7aa
Sundargarh,Lephripara,OD,0.0,0.0,0.0,0.0,0.0,0.0,0.0,0.0,0.0,3.364653839815285,635.2470411771295,0.0,0.0,Eastern Plateau (Chhattisgarh); Eastern Plateau (Chhotanagpur) & Eastern Ghats (Subhumid),2,True,Shared: Eastern Plateau (Chhattisgarh) + Eastern Plateau (Chhotanagpur) & Eastern Ghats (Subhumid),#888888
Sundargarh,Mahulapada,OD,0.0,0.0,0.0,0.0,0.0,0.0,0.0,0.0,0.0,0.0,337.6841962629464,0.0,0.0,Eastern Plateau (Chhotanagpur) & Eastern Ghats (Subhumid),1,False,Eastern Plateau (Chhotanagpur) & Eastern Ghats (Subhumid),#5cb7aa
Sundargarh,Raghunathapali,OD,0.0,0.0,0.0,0.0,0.0,0.0,0.0,0.0,0.0,0.0,19.006831576141945,0.0,0.0,Eastern Plateau (Chhotanagpur) & Eastern Ghats (Subhumid),1,False,Eastern Plateau (Chhotanagpur) & Eastern Ghats (Subhumid),#5cb7aa
Sundargarh,Raiboga,OD,0.0,0.0,0.0,0.0,0.0,0.0,0.0,0.0,0.0,8.711373383134438,287.6116759542639,0.0,0.0,Eastern Plateau (Chhattisgarh); Eastern Plateau (Chhotanagpur) & Eastern Ghats (Subhumid),2,True,Shared: Eastern Plateau (Chhattisgarh) + Eastern Plateau (Chhotanagpur) & Eastern Ghats (Subhumid),#888888
Sundargarh,Rajagangapur,OD,0.0,0.0,0.0,0.0,0.0,0.0,0.0,0.0,0.0,0.0,718.300125811113,0.0,0.0,Eastern Plateau (Chhotanagpur) & Eastern Ghats (Subhumid),1,False,Eastern Plateau (Chhotanagpur) & Eastern Ghats (Subhumid),#5cb7aa
Sundargarh,Raurkela (ITS) P.S.,OD,0.0,0.0,0.0,0.0,0.0,0.0,0.0,0.0,0.0,0.0,58.0013440721345,0.0,0.0,Eastern Plateau (Chhotanagpur) & Eastern Ghats (Subhumid),1,False,Eastern Plateau (Chhotanagpur) & Eastern Ghats (Subhumid),#5cb7aa
Sundargarh,Raurkela (M),OD,0.0,0.0,0.0,0.0,0.0,0.0,0.0,0.0,0.0,0.0,78.6657948987704,0.0,0.0,Eastern Plateau (Chhotanagpur) & Eastern Ghats (Subhumid),1,False,Eastern Plateau (Chhotanagpur) & Eastern Ghats (Subhumid),#5cb7aa
Sundargarh,Sundargarh,OD,0.0,0.0,0.0,0.0,0.0,0.0,0.0,0.0,0.0,0.0,433.756546632533,0.0,0.0,Eastern Plateau (Chhotanagpur) & Eastern Ghats (Subhumid),1,False,Eastern Plateau (Chhotanagpur) & Eastern Ghats (Subhumid),#5cb7aa
Sundargarh,Sundargarh Town,OD,0.0,0.0,0.0,0.0,0.0,0.0,0.0,0.0,0.0,0.0,49.60964257944487,0.0,0.0,Eastern Plateau (Chhotanagpur) & Eastern Ghats (Subhumid),1,False,Eastern Plateau (Chhotanagpur) & Eastern Ghats (Subhumid),#5cb7aa
Sundargarh,Talasara,OD,0.0,0.0,0.0,0.0,0.0,0.0,0.0,0.0,0.0,10.354875153031326,588.4687079556797,0.0,0.0,Eastern Plateau (Chhattisgarh); Eastern Plateau (Chhotanagpur) & Eastern Ghats (Subhumid),2,True,Shared: Eastern Plateau (Chhattisgarh) + Eastern Plateau (Chhotanagpur) & Eastern Ghats (Subhumid),#888888
Sundargarh,Tangarapali,OD,0.0,0.0,0.0,0.0,0.0,0.0,0.0,0.0,0.0,0.0,20.917747546952853,0.0,0.0,Eastern Plateau (Chhotanagpur) & Eastern Ghats (Subhumid),1,False,Eastern Plateau (Chhotanagpur) & Eastern Ghats (Subhumid),#5cb7aa
Sundargarh,Tikaetpali,OD,0.0,0.0,0.0,0.0,0.0,0.0,0.0,0.0,0.0,0.0,268.50466887274587,0.0,0.0,Eastern Plateau (Chhotanagpur) & Eastern Ghats (Subhumid),1,False,Eastern Plateau (Chhotanagpur) & Eastern Ghats (Subhumid),#5cb7aa
Ariyalur,Ariyalur,TN,0.0,0.0,0.0,0.0,0.0,0.0,719.4791161434769,0.0,0.0,0.0,0.0,0.0,0.0,"Eastern Ghats, TN Uplands & Deccan (Karnataka) Plateau (Semi-Arid)",1,False,"Eastern Ghats, TN Uplands & Deccan (Karnataka) Plateau (Semi-Arid)",#f4faad
Ariyalur,Sendurai,TN,0.0,0.0,0.0,0.0,0.0,0.0,331.03275772999905,0.0,0.0,0.0,0.0,0.0,0.0,"Eastern Ghats, TN Uplands & Deccan (Karnataka) Plateau (Semi-Arid)",1,False,"Eastern Ghats, TN Uplands & Deccan (Karnataka) Plateau (Semi-Arid)",#f4faad
Ariyalur,Udayarpalayam,TN,0.0,0.0,0.0,0.0,0.0,50.91091117038381,925.675604600424,0.0,0.0,0.0,0.0,0.0,0.0,"Eastern Coastal Plain (Subhumid–Semi-Arid); Eastern Ghats, TN Uplands & Deccan (Karnataka) Plateau (Semi-Arid)",2,True,"Shared: Eastern Coastal Plain (Subhumid–Semi-Arid) + Eastern Ghats, TN Uplands & Deccan (Karnataka) Plateau (Semi-Arid)",#888888
Chengalpattu,Alandur,TN,0.0,0.0,0.0,0.0,0.0,96.6512684792364,0.0,0.0,0.0,0.0,0.0,0.0,0.0,Eastern Coastal Plain (Subhumid–Semi-Arid),1,False,Eastern Coastal Plain (Subhumid–Semi-Arid),#fff1a8
Chengalpattu,Chengalpattu,TN,0.0,0.0,0.0,0.0,0.0,825.5516568678729,0.0,0.0,0.0,0.0,0.0,0.0,0.0,Eastern Coastal Plain (Subhumid–Semi-Arid),1,False,Eastern Coastal Plain (Subhumid–Semi-Arid),#fff1a8
Chengalpattu,Cheyyur,TN,0.0,0.0,0.0,0.0,0.0,580.9795396995588,0.0,0.0,0.0,0.0,0.0,0.0,0.0,Eastern Coastal Plain (Subhumid–Semi-Arid),1,False,Eastern Coastal Plain (Subhumid–Semi-Arid),#fff1a8
Chengalpattu,Maduranthakam,TN,0.0,0.0,0.0,0.0,0.0,731.544394824797,19.689351065029182,0.0,0.0,0.0,0.0,0.0,0.0,"Eastern Coastal Plain (Subhumid–Semi-Arid); Eastern Ghats, TN Uplands & Deccan (Karnataka) Plateau (Semi-Arid)",2,True,"Shared: Eastern Coastal Plain (Subhumid–Semi-Arid) + Eastern Ghats, TN Uplands & Deccan (Karnataka) Plateau (Semi-Arid)",#888888
Chengalpattu,Sholinganallur,TN,0.0,0.0,0.0,0.0,0.0,171.8703488568571,0.0,0.0,0.0,0.0,0.0,0.0,0.0,Eastern Coastal Plain (Subhumid–Semi-Arid),1,False,Eastern Coastal Plain (Subhumid–Semi-Arid),#fff1a8
Chengalpattu,Tambaram,TN,0.0,0.0,0.0,0.0,0.0,67.28235662096343,0.0,0.0,0.0,0.0,0.0,0.0,0.0,Eastern Coastal Plain (Subhumid–Semi-Arid),1,False,Eastern Coastal Plain (Subhumid–Semi-Arid),#fff1a8
Chengalpattu,Tirukalukundram,TN,0.0,0.0,0.0,0.0,0.0,398.6964244027775,0.0,0.0,0.0,0.0,0.0,0.0,0.0,Eastern Coastal Plain (Subhumid–Semi-Arid),1,False,Eastern Coastal Plain (Subhumid–Semi-Arid),#fff1a8
Chennai,Chennai,TN,0.0,0.0,0.0,0.0,0.0,177.76740694780335,0.0,0.0,0.0,0.0,0.0,0.0,0.0,Eastern Coastal Plain (Subhumid–Semi-Arid),1,False,Eastern Coastal Plain (Subhumid–Semi-Arid),#fff1a8
Coimbatore,Coimbatore North,TN,0.0,0.0,0.0,0.0,0.0,0.0,935.2250437244488,0.0,0.0,0.0,0.0,0.0,2.4972311017974502,"Eastern Ghats, TN Uplands & Deccan (Karnataka) Plateau (Semi-Arid); Western Ghats & Coastal Plain (Humid–Perhumid)",2,True,"Shared: Eastern Ghats, TN Uplands & Deccan (Karnataka) Plateau (Semi-Arid) + Western Ghats & Coastal Plain (Humid–Perhumid)",#888888
Coimbatore,Coimbatore South,TN,0.0,0.0,0.0,0.0,0.0,0.0,773.9312034359352,0.0,0.0,0.0,0.0,0.0,5.908053691661703,"Eastern Ghats, TN Uplands & Deccan (Karnataka) Plateau (Semi-Arid); Western Ghats & Coastal Plain (Humid–Perhumid)",2,True,"Shared: Eastern Ghats, TN Uplands & Deccan (Karnataka) Plateau (Semi-Arid) + Western Ghats & Coastal Plain (Humid–Perhumid)",#888888
Coimbatore,Mettupalayam,TN,0.0,0.0,0.0,0.0,0.0,0.0,702.7666652873369,0.0,0.0,0.0,0.0,0.0,15.37659861985378,"Eastern Ghats, TN Uplands & Deccan (Karnataka) Plateau (Semi-Arid); Western Ghats & Coastal Plain (Humid–Perhumid)",2,True,"Shared: Eastern Ghats, TN Uplands & Deccan (Karnataka) Plateau (Semi-Arid) + Western Ghats & Coastal Plain (Humid–Perhumid)",#888888
Coimbatore,Pollachi,TN,0.0,0.0,0.0,0.0,0.0,0.0,1164.7414523959703,0.0,0.0,0.0,0.0,0.0,9.628578794963513,"Eastern Ghats, TN Uplands & Deccan (Karnataka) Plateau (Semi-Arid); Western Ghats & Coastal Plain (Humid–Perhumid)",2,True,"Shared: Eastern Ghats, TN Uplands & Deccan (Karnataka) Plateau (Semi-Arid) + Western Ghats & Coastal Plain (Humid–Perhumid)",#888888
Coimbatore,Sulur,TN,0.0,0.0,0.0,0.0,0.0,0.0,603.4032090857467,0.0,0.0,0.0,0.0,0.0,0.0,"Eastern Ghats, TN Uplands & Deccan (Karnataka) Plateau (Semi-Arid)",1,False,"Eastern Ghats, TN Uplands & Deccan (Karnataka) Plateau (Semi-Arid)",#f4faad
Coimbatore,Valparai,TN,0.0,0.0,0.0,0.0,0.0,0.0,707.8619527637513,0.0,0.0,0.0,0.0,0.0,11.798344554913106,"Eastern Ghats, TN Uplands & Deccan (Karnataka) Plateau (Semi-Arid); Western Ghats & Coastal Plain (Humid–Perhumid)",2,True,"Shared: Eastern Ghats, TN Uplands & Deccan (Karnataka) Plateau (Semi-Arid) + Western Ghats & Coastal Plain (Humid–Perhumid)",#888888
Cuddalore,Chidambaram,TN,0.0,0.0,0.0,0.0,0.0,632.0630270940067,0.0,0.0,0.0,0.0,0.0,0.0,0.0,Eastern Coastal Plain (Subhumid–Semi-Arid),1,False,Eastern Coastal Plain (Subhumid–Semi-Arid),#fff1a8
Cuddalore,Cuddalore,TN,0.0,0.0,0.0,0.0,0.0,328.0306502519276,0.0,0.0,0.0,0.0,0.0,0.0,0.0,Eastern Coastal Plain (Subhumid–Semi-Arid),1,False,Eastern Coastal Plain (Subhumid–Semi-Arid),#fff1a8
Cuddalore,Kattumannarkoil,TN,0.0,0.0,0.0,0.0,0.0,412.4862867005789,58.29712399825144,0.0,0.0,0.0,0.0,0.0,0.0,"Eastern Coastal Plain (Subhumid–Semi-Arid); Eastern Ghats, TN Uplands & Deccan (Karnataka) Plateau (Semi-Arid)",2,True,"Shared: Eastern Coastal Plain (Subhumid–Semi-Arid) + Eastern Ghats, TN Uplands & Deccan (Karnataka) Plateau (Semi-Arid)",#888888
Cuddalore,Kurinjipadi,TN,0.0,0.0,0.0,0.0,0.0,381.1398141006558,0.0,0.0,0.0,0.0,0.0,0.0,0.0,Eastern Coastal Plain (Subhumid–Semi-Arid),1,False,Eastern Coastal Plain (Subhumid–Semi-Arid),#fff1a8
Cuddalore,Panruti,TN,0.0,0.0,0.0,0.0,0.0,519.2320391774466,3.9512299089171785,0.0,0.0,0.0,0.0,0.0,0.0,"Eastern Coastal Plain (Subhumid–Semi-Arid); Eastern Ghats, TN Uplands & Deccan (Karnataka) Plateau (Semi-Arid)",2,True,"Shared: Eastern Coastal Plain (Subhumid–Semi-Arid) + Eastern Ghats, TN Uplands & Deccan (Karnataka) Plateau (Semi-Arid)",#888888
Cuddalore,Tittakudi,TN,0.0,0.0,0.0,0.0,0.0,0.0,642.0264293896893,0.0,0.0,0.0,0.0,0.0,0.0,"Eastern Ghats, TN Uplands & Deccan (Karnataka) Plateau (Semi-Arid)",1,False,"Eastern Ghats, TN Uplands & Deccan (Karnataka) Plateau (Semi-Arid)",#f4faad
Cuddalore,Virudhachalam,TN,0.0,0.0,0.0,0.0,0.0,160.16545051758527,746.265838519225,0.0,0.0,0.0,0.0,0.0,0.0,"Eastern Coastal Plain (Subhumid–Semi-Arid); Eastern Ghats, TN Uplands & Deccan (Karnataka) Plateau (Semi-Arid)",2,True,"Shared: Eastern Coastal Plain (Subhumid–Semi-Arid) + Eastern Ghats, TN Uplands & Deccan (Karnataka) Plateau (Semi-Arid)",#888888
Dharmapuri,Dharmapuri,TN,0.0,0.0,0.0,0.0,0.0,0.0,853.8482384302621,0.0,0.0,0.0,0.0,0.0,0.0,"Eastern Ghats, TN Uplands & Deccan (Karnataka) Plateau (Semi-Arid)",1,False,"Eastern Ghats, TN Uplands & Deccan (Karnataka) Plateau (Semi-Arid)",#f4faad
Dharmapuri,Harur,TN,0.0,0.0,0.0,0.0,0.0,0.0,1014.3076768335546,0.0,0.0,0.0,0.0,0.0,0.0,"Eastern Ghats, TN Uplands & Deccan (Karnataka) Plateau (Semi-Arid)",1,False,"Eastern Ghats, TN Uplands & Deccan (Karnataka) Plateau (Semi-Arid)",#f4faad
Dharmapuri,Palakkodu,TN,0.0,0.0,0.0,0.0,0.0,0.0,774.6285417235144,0.0,0.0,0.0,0.0,0.0,0.0,"Eastern Ghats, TN Uplands & Deccan (Karnataka) Plateau (Semi-Arid)",1,False,"Eastern Ghats, TN Uplands & Deccan (Karnataka) Plateau (Semi-Arid)",#f4faad
Dharmapuri,Pappireddipatti,TN,0.0,0.0,0.0,0.0,0.0,0.0,896.6496732770056,0.0,0.0,0.0,0.0,0.0,0.0,"Eastern Ghats, TN Uplands & Deccan (Karnataka) Plateau (Semi-Arid)",1,False,"Eastern Ghats, TN Uplands & Deccan (Karnataka) Plateau (Semi-Arid)",#f4faad
Dharmapuri,Pennagaram,TN,0.0,0.0,0.0,0.0,0.0,0.0,1192.1323193847445,0.0,0.0,0.0,0.0,0.0,0.0,"Eastern Ghats, TN Uplands & Deccan (Karnataka) Plateau (Semi-Arid)",1,False,"Eastern Ghats, TN Uplands & Deccan (Karnataka) Plateau (Semi-Arid)",#f4faad
Dindigul,Attur,TN,0.0,0.0,0.0,0.0,0.0,0.0,241.50291822669573,0.0,0.0,0.0,0.0,0.0,0.0,"Eastern Ghats, TN Uplands & Deccan (Karnataka) Plateau (Semi-Arid)",1,False,"Eastern Ghats, TN Uplands & Deccan (Karnataka) Plateau (Semi-Arid)",#f4faad
Dindigul,Dindiguleast,TN,0.0,0.0,0.0,0.0,0.0,0.0,1206.2474064573191,0.0,0.0,0.0,0.0,0.0,0.0,"Eastern Ghats, TN Uplands & Deccan (Karnataka) Plateau (Semi-Arid)",1,False,"Eastern Ghats, TN Uplands & Deccan (Karnataka) Plateau (Semi-Arid)",#f4faad
Dindigul,Kodaikanal,TN,0.0,0.0,0.0,0.0,0.0,0.0,1066.0061338068674,0.0,0.0,0.0,0.0,0.0,1.881348353111816,"Eastern Ghats, TN Uplands & Deccan (Karnataka) Plateau (Semi-Arid); Western Ghats & Coastal Plain (Humid–Perhumid)",2,True,"Shared: Eastern Ghats, TN Uplands & Deccan (Karnataka) Plateau (Semi-Arid) + Western Ghats & Coastal Plain (Humid–Perhumid)",#888888
Dindigul,Natham,TN,0.0,0.0,0.0,0.0,0.0,0.0,617.0854082101587,0.0,0.0,0.0,0.0,0.0,0.0,"Eastern Ghats, TN Uplands & Deccan (Karnataka) Plateau (Semi-Arid)",1,False,"Eastern Ghats, TN Uplands & Deccan (Karnataka) Plateau (Semi-Arid)",#f4faad
Dindigul,Nilakkottai,TN,0.0,0.0,0.0,0.0,0.0,0.0,511.0760721407946,0.0,0.0,0.0,0.0,0.0,0.0,"Eastern Ghats, TN Uplands & Deccan (Karnataka) Plateau (Semi-Arid)",1,False,"Eastern Ghats, TN Uplands & Deccan (Karnataka) Plateau (Semi-Arid)",#f4faad
Dindigul,Oddanchatram,TN,0.0,0.0,0.0,0.0,0.0,0.0,813.2267033271962,0.0,0.0,0.0,0.0,0.0,0.0,"Eastern Ghats, TN Uplands & Deccan (Karnataka) Plateau (Semi-Arid)",1,False,"Eastern Ghats, TN Uplands & Deccan (Karnataka) Plateau (Semi-Arid)",#f4faad
Dindigul,Palani,TN,0.0,0.0,0.0,0.0,0.0,0.0,746.6331898372047,0.0,0.0,0.0,0.0,0.0,0.0,"Eastern Ghats, TN Uplands & Deccan (Karnataka) Plateau (Semi-Arid)",1,False,"Eastern Ghats, TN Uplands & Deccan (Karnataka) Plateau (Semi-Arid)",#f4faad
Dindigul,Vedasandur,TN,0.0,0.0,0.0,0.0,0.0,0.0,1087.5532965742748,0.0,0.0,0.0,0.0,0.0,0.0,"Eastern Ghats, TN Uplands & Deccan (Karnataka) Plateau (Semi-Arid)",1,False,"Eastern Ghats, TN Uplands & Deccan (Karnataka) Plateau (Semi-Arid)",#f4faad
Erode,Bhavani,TN,0.0,0.0,0.0,0.0,0.0,0.0,1568.6642209362813,0.0,0.0,0.0,0.0,0.0,0.0,"Eastern Ghats, TN Uplands & Deccan (Karnataka) Plateau (Semi-Arid)",1,False,"Eastern Ghats, TN Uplands & Deccan (Karnataka) Plateau (Semi-Arid)",#f4faad
Erode,Erode,TN,0.0,0.0,0.0,0.0,0.0,0.0,779.8595766326195,0.0,0.0,0.0,0.0,0.0,0.0,"Eastern Ghats, TN Uplands & Deccan (Karnataka) Plateau (Semi-Arid)",1,False,"Eastern Ghats, TN Uplands & Deccan (Karnataka) Plateau (Semi-Arid)",#f4faad
Erode,Gobichettipalayam,TN,0.0,0.0,0.0,0.0,0.0,0.0,695.9508745511889,0.0,0.0,0.0,0.0,0.0,0.0,"Eastern Ghats, TN Uplands & Deccan (Karnataka) Plateau (Semi-Arid)",1,False,"Eastern Ghats, TN Uplands & Deccan (Karnataka) Plateau (Semi-Arid)",#f4faad
Erode,Perundurai,TN,0.0,0.0,0.0,0.0,0.0,0.0,614.0900255233155,0.0,0.0,0.0,0.0,0.0,0.0,"Eastern Ghats, TN Uplands & Deccan (Karnataka) Plateau (Semi-Arid)",1,False,"Eastern Ghats, TN Uplands & Deccan (Karnataka) Plateau (Semi-Arid)",#f4faad
Erode,Sathyamangalam,TN,0.0,0.0,0.0,0.0,0.0,0.0,2308.972085424393,0.0,0.0,0.0,0.0,0.0,71.5378088589003,"Eastern Ghats, TN Uplands & Deccan (Karnataka) Plateau (Semi-Arid); Western Ghats & Coastal Plain (Humid–Perhumid)",2,True,"Shared: Eastern Ghats, TN Uplands & Deccan (Karnataka) Plateau (Semi-Arid) + Western Ghats & Coastal Plain (Humid–Perhumid)",#888888
Kallakurichi,Kallakkurichi,TN,0.0,0.0,0.0,0.0,0.0,0.0,1055.350856396676,0.0,0.0,0.0,0.0,0.0,0.0,"Eastern Ghats, TN Uplands & Deccan (Karnataka) Plateau (Semi-Arid)",1,False,"Eastern Ghats, TN Uplands & Deccan (Karnataka) Plateau (Semi-Arid)",#f4faad
Kallakurichi,Sankarapuram,TN,0.0,0.0,0.0,0.0,0.0,0.0,1382.248300185834,0.0,0.0,0.0,0.0,0.0,0.0,"Eastern Ghats, TN Uplands & Deccan (Karnataka) Plateau (Semi-Arid)",1,False,"Eastern Ghats, TN Uplands & Deccan (Karnataka) Plateau (Semi-Arid)",#f4faad
Kallakurichi,Tirukkoyilur,TN,0.0,0.0,0.0,0.0,0.0,0.0,755.2576775061982,0.0,0.0,0.0,0.0,0.0,0.0,"Eastern Ghats, TN Uplands & Deccan (Karnataka) Plateau (Semi-Arid)",1,False,"Eastern Ghats, TN Uplands & Deccan (Karnataka) Plateau (Semi-Arid)",#f4faad
Kallakurichi,Ulundurpettai,TN,0.0,0.0,0.0,0.0,0.0,31.2683429182782,756.6558259435152,0.0,0.0,0.0,0.0,0.0,0.0,"Eastern Coastal Plain (Subhumid–Semi-Arid); Eastern Ghats, TN Uplands & Deccan (Karnataka) Plateau (Semi-Arid)",2,True,"Shared: Eastern Coastal Plain (Subhumid–Semi-Arid) + Eastern Ghats, TN Uplands & Deccan (Karnataka) Plateau (Semi-Arid)",#888888
Kanchipuram,Kancheepuram,TN,0.0,0.0,0.0,0.0,0.0,601.0188403784159,82.96730186625823,0.0,0.0,0.0,0.0,0.0,0.0,"Eastern Coastal Plain (Subhumid–Semi-Arid); Eastern Ghats, TN Uplands & Deccan (Karnataka) Plateau (Semi-Arid)",2,True,"Shared: Eastern Coastal Plain (Subhumid–Semi-Arid) + Eastern Ghats, TN Uplands & Deccan (Karnataka) Plateau (Semi-Arid)",#888888
Kanchipuram,Sriperumbudur,TN,0.0,0.0,0.0,0.0,0.0,681.6625334731274,0.0,0.0,0.0,0.0,0.0,0.0,0.0,Eastern Coastal Plain (Subhumid–Semi-Arid),1,False,Eastern Coastal Plain (Subhumid–Semi-Arid),#fff1a8
Kanchipuram,Uthiramerur,TN,0.0,0.0,0.0,0.0,0.0,387.2914067506729,68.5965143203192,0.0,0.0,0.0,0.0,0.0,0.0,"Eastern Coastal Plain (Subhumid–Semi-Arid); Eastern Ghats, TN Uplands & Deccan (Karnataka) Plateau (Semi-Arid)",2,True,"Shared: Eastern Coastal Plain (Subhumid–Semi-Arid) + Eastern Ghats, TN Uplands & Deccan (Karnataka) Plateau (Semi-Arid)",#888888
Kanniyakumari,Agastheeswaram,TN,0.0,0.0,0.0,0.0,0.0,285.66784879834745,0.0,0.0,0.0,0.0,0.0,0.0,0.0,Eastern Coastal Plain (Subhumid–Semi-Arid),1,False,Eastern Coastal Plain (Subhumid–Semi-Arid),#fff1a8
Kanniyakumari,Kalkulam,TN,0.0,0.0,0.0,0.0,0.0,602.8499047297014,52.14798424579897,0.0,0.0,0.0,0.0,0.0,0.0,"Eastern Coastal Plain (Subhumid–Semi-Arid); Eastern Ghats, TN Uplands & Deccan (Karnataka) Plateau (Semi-Arid)",2,True,"Shared: Eastern Coastal Plain (Subhumid–Semi-Arid) + Eastern Ghats, TN Uplands & Deccan (Karnataka) Plateau (Semi-Arid)",#888888
Kanniyakumari,Thovala,TN,0.0,0.0,0.0,0.0,0.0,377.5892816273848,7.051139453453362,0.0,0.0,0.0,0.0,0.0,0.0,"Eastern Coastal Plain (Subhumid–Semi-Arid); Eastern Ghats, TN Uplands & Deccan (Karnataka) Plateau (Semi-Arid)",2,True,"Shared: Eastern Coastal Plain (Subhumid–Semi-Arid) + Eastern Ghats, TN Uplands & Deccan (Karnataka) Plateau (Semi-Arid)",#888888
Kanniyakumari,Vilavancode,TN,0.0,0.0,0.0,0.0,0.0,378.3475198774261,12.862346557813373,0.0,0.0,0.0,0.0,0.0,9.483547501158744,"Eastern Coastal Plain (Subhumid–Semi-Arid); Eastern Ghats, TN Uplands & Deccan (Karnataka) Plateau (Semi-Arid); Western Ghats & Coastal Plain (Humid–Perhumid)",3,True,"Shared: Eastern Coastal Plain (Subhumid–Semi-Arid) + Eastern Ghats, TN Uplands & Deccan (Karnataka) Plateau (Semi-Arid) + Western Ghats & Coastal Plain (Humid–Perhumid)",#888888
Karur,Aravakurichi,TN,0.0,0.0,0.0,0.0,0.0,0.0,1020.7447656439552,0.0,0.0,0.0,0.0,0.0,0.0,"Eastern Ghats, TN Uplands & Deccan (Karnataka) Plateau (Semi-Arid)",1,False,"Eastern Ghats, TN Uplands & Deccan (Karnataka) Plateau (Semi-Arid)",#f4faad
Karur,Kadavur,TN,0.0,0.0,0.0,0.0,0.0,0.0,501.7383646821261,0.0,0.0,0.0,0.0,0.0,0.0,"Eastern Ghats, TN Uplands & Deccan (Karnataka) Plateau (Semi-Arid)",1,False,"Eastern Ghats, TN Uplands & Deccan (Karnataka) Plateau (Semi-Arid)",#f4faad
Karur,Karur,TN,0.0,0.0,0.0,0.0,0.0,0.0,643.509732296587,0.0,0.0,0.0,0.0,0.0,0.0,"Eastern Ghats, TN Uplands & Deccan (Karnataka) Plateau (Semi-Arid)",1,False,"Eastern Ghats, TN Uplands & Deccan (Karnataka) Plateau (Semi-Arid)",#f4faad
Karur,Krishnarayapuram,TN,0.0,0.0,0.0,0.0,0.0,0.0,348.5305813503137,0.0,0.0,0.0,0.0,0.0,0.0,"Eastern Ghats, TN Uplands & Deccan (Karnataka) Plateau (Semi-Arid)",1,False,"Eastern Ghats, TN Uplands & Deccan (Karnataka) Plateau (Semi-Arid)",#f4faad
Karur,Kulithalai,TN,0.0,0.0,0.0,0.0,0.0,0.0,513.6165599979087,0.0,0.0,0.0,0.0,0.0,0.0,"Eastern Ghats, TN Uplands & Deccan (Karnataka) Plateau (Semi-Arid)",1,False,"Eastern Ghats, TN Uplands & Deccan (Karnataka) Plateau (Semi-Arid)",#f4faad
Krishnagiri,Denkanikottai,TN,0.0,0.0,0.0,0.0,0.0,0.0,2044.729740085379,0.0,0.0,0.0,0.0,0.0,0.0,"Eastern Ghats, TN Uplands & Deccan (Karnataka) Plateau (Semi-Arid)",1,False,"Eastern Ghats, TN Uplands & Deccan (Karnataka) Plateau (Semi-Arid)",#f4faad
Krishnagiri,Hosur,TN,0.0,0.0,0.0,0.0,0.0,0.0,1029.427960934794,0.0,0.0,0.0,0.0,0.0,0.0,"Eastern Ghats, TN Uplands & Deccan (Karnataka) Plateau (Semi-Arid)",1,False,"Eastern Ghats, TN Uplands & Deccan (Karnataka) Plateau (Semi-Arid)",#f4faad
Krishnagiri,Krishnagiri,TN,0.0,0.0,0.0,0.0,0.0,0.0,1399.6697222415055,0.0,0.0,0.0,0.0,0.0,0.0,"Eastern Ghats, TN Uplands & Deccan (Karnataka) Plateau (Semi-Arid)",1,False,"Eastern Ghats, TN Uplands & Deccan (Karnataka) Plateau (Semi-Arid)",#f4faad
Krishnagiri,Pochampalli,TN,0.0,0.0,0.0,0.0,0.0,0.0,389.4947853685566,0.0,0.0,0.0,0.0,0.0,0.0,"Eastern Ghats, TN Uplands & Deccan (Karnataka) Plateau (Semi-Arid)",1,False,"Eastern Ghats, TN Uplands & Deccan (Karnataka) Plateau (Semi-Arid)",#f4faad
Krishnagiri,Uthangarai,TN,0.0,0.0,0.0,0.0,0.0,0.0,548.9713560758543,0.0,0.0,0.0,0.0,0.0,0.0,"Eastern Ghats, TN Uplands & Deccan (Karnataka) Plateau (Semi-Arid)",1,False,"Eastern Ghats, TN Uplands & Deccan (Karnataka) Plateau (Semi-Arid)",#f4faad
Madurai,Madurai North,TN,0.0,0.0,0.0,0.0,0.0,0.0,414.9872465112485,0.0,0.0,0.0,0.0,0.0,0.0,"Eastern Ghats, TN Uplands & Deccan (Karnataka) Plateau (Semi-Arid)",1,False,"Eastern Ghats, TN Uplands & Deccan (Karnataka) Plateau (Semi-Arid)",#f4faad
Madurai,Madurai South,TN,0.0,0.0,0.0,0.0,0.0,0.0,296.62261987959346,0.0,0.0,0.0,0.0,0.0,0.0,"Eastern Ghats, TN Uplands & Deccan (Karnataka) Plateau (Semi-Arid)",1,False,"Eastern Ghats, TN Uplands & Deccan (Karnataka) Plateau (Semi-Arid)",#f4faad
Madurai,Melur,TN,0.0,0.0,0.0,0.0,0.0,0.0,674.6714215227528,0.0,0.0,0.0,0.0,0.0,0.0,"Eastern Ghats, TN Uplands & Deccan (Karnataka) Plateau (Semi-Arid)",1,False,"Eastern Ghats, TN Uplands & Deccan (Karnataka) Plateau (Semi-Arid)",#f4faad
Madurai,Peraiyur,TN,0.0,0.0,0.0,0.0,0.0,0.0,902.8363699271544,0.0,0.0,0.0,0.0,0.0,0.0,"Eastern Ghats, TN Uplands & Deccan (Karnataka) Plateau (Semi-Arid)",1,False,"Eastern Ghats, TN Uplands & Deccan (Karnataka) Plateau (Semi-Arid)",#f4faad
Madurai,Thirumangalam,TN,0.0,0.0,0.0,0.0,0.0,0.0,551.2696386086603,0.0,0.0,0.0,0.0,0.0,0.0,"Eastern Ghats, TN Uplands & Deccan (Karnataka) Plateau (Semi-Arid)",1,False,"Eastern Ghats, TN Uplands & Deccan (Karnataka) Plateau (Semi-Arid)",#f4faad
Madurai,Usilampatti,TN,0.0,0.0,0.0,0.0,0.0,0.0,504.2831833482165,0.0,0.0,0.0,0.0,0.0,0.0,"Eastern Ghats, TN Uplands & Deccan (Karnataka) Plateau (Semi-Arid)",1,False,"Eastern Ghats, TN Uplands & Deccan (Karnataka) Plateau (Semi-Arid)",#f4faad
Madurai,Vadipatti,TN,0.0,0.0,0.0,0.0,0.0,0.0,502.2541574226682,0.0,0.0,0.0,0.0,0.0,0.0,"Eastern Ghats, TN Uplands & Deccan (Karnataka) Plateau (Semi-Arid)",1,False,"Eastern Ghats, TN Uplands & Deccan (Karnataka) Plateau (Semi-Arid)",#f4faad
Nagapattinam,Kilvelur,TN,0.0,0.0,0.0,0.0,0.0,289.22868963927726,0.0,0.0,0.0,0.0,0.0,0.0,0.0,Eastern Coastal Plain (Subhumid–Semi-Arid),1,False,Eastern Coastal Plain (Subhumid–Semi-Arid),#fff1a8
Nagapattinam,Kuthalam,TN,0.0,0.0,0.0,0.0,0.0,193.0536318437117,0.0,0.0,0.0,0.0,0.0,0.0,0.0,Eastern Coastal Plain (Subhumid–Semi-Arid),1,False,Eastern Coastal Plain (Subhumid–Semi-Arid),#fff1a8
Nagapattinam,Mayiladuthurai,TN,0.0,0.0,0.0,0.0,0.0,251.8395883294897,0.0,0.0,0.0,0.0,0.0,0.0,0.0,Eastern Coastal Plain (Subhumid–Semi-Arid),1,False,Eastern Coastal Plain (Subhumid–Semi-Arid),#fff1a8
Nagapattinam,Nagapattinam,TN,0.0,0.0,0.0,0.0,0.0,320.2883409119306,0.0,0.0,0.0,0.0,0.0,0.0,0.0,Eastern Coastal Plain (Subhumid–Semi-Arid),1,False,Eastern Coastal Plain (Subhumid–Semi-Arid),#fff1a8
Nagapattinam,Sirkali,TN,0.0,0.0,0.0,0.0,0.0,481.7860873720472,0.0,0.0,0.0,0.0,0.0,0.0,0.0,Eastern Coastal Plain (Subhumid–Semi-Arid),1,False,Eastern Coastal Plain (Subhumid–Semi-Arid),#fff1a8
Nagapattinam,Tharangambadi,TN,0.0,0.0,0.0,0.0,0.0,299.00043414293515,0.0,0.0,0.0,0.0,0.0,0.0,0.0,Eastern Coastal Plain (Subhumid–Semi-Arid),1,False,Eastern Coastal Plain (Subhumid–Semi-Arid),#fff1a8
Nagapattinam,Thirukkuvalai,TN,0.0,0.0,0.0,0.0,0.0,150.8562555354171,0.0,0.0,0.0,0.0,0.0,0.0,0.0,Eastern Coastal Plain (Subhumid–Semi-Arid),1,False,Eastern Coastal Plain (Subhumid–Semi-Arid),#fff1a8
Nagapattinam,Vedaranyam,TN,0.0,0.0,0.0,0.0,0.0,659.9758620713535,0.0,0.0,0.0,0.0,0.0,0.0,0.0,Eastern Coastal Plain (Subhumid–Semi-Arid),1,False,Eastern Coastal Plain (Subhumid–Semi-Arid),#fff1a8
Namakkal,Namakkal,TN,0.0,0.0,0.0,0.0,0.0,0.0,1290.1647945303318,0.0,0.0,0.0,0.0,0.0,0.0,"Eastern Ghats, TN Uplands & Deccan (Karnataka) Plateau (Semi-Arid)",1,False,"Eastern Ghats, TN Uplands & Deccan (Karnataka) Plateau (Semi-Arid)",#f4faad
Namakkal,Paramathi-Velur,TN,0.0,0.0,0.0,0.0,0.0,0.0,555.0844335841371,0.0,0.0,0.0,0.0,0.0,0.0,"Eastern Ghats, TN Uplands & Deccan (Karnataka) Plateau (Semi-Arid)",1,False,"Eastern Ghats, TN Uplands & Deccan (Karnataka) Plateau (Semi-Arid)",#f4faad
Namakkal,Rasipuram,TN,0.0,0.0,0.0,0.0,0.0,0.0,876.7884112349548,0.0,0.0,0.0,0.0,0.0,0.0,"Eastern Ghats, TN Uplands & Deccan (Karnataka) Plateau (Semi-Arid)",1,False,"Eastern Ghats, TN Uplands & Deccan (Karnataka) Plateau (Semi-Arid)",#f4faad
Namakkal,Tiruchengode,TN,0.0,0.0,0.0,0.0,0.0,0.0,853.7998751068736,0.0,0.0,0.0,0.0,0.0,0.0,"Eastern Ghats, TN Uplands & Deccan (Karnataka) Plateau (Semi-Arid)",1,False,"Eastern Ghats, TN Uplands & Deccan (Karnataka) Plateau (Semi-Arid)",#f4faad
Perambalur,Kunnam,TN,0.0,0.0,0.0,0.0,0.0,0.0,910.6862304184332,0.0,0.0,0.0,0.0,0.0,0.0,"Eastern Ghats, TN Uplands & Deccan (Karnataka) Plateau (Semi-Arid)",1,False,"Eastern Ghats, TN Uplands & Deccan (Karnataka) Plateau (Semi-Arid)",#f4faad
Perambalur,Perambalur,TN,0.0,0.0,0.0,0.0,0.0,0.0,341.79321234357894,0.0,0.0,0.0,0.0,0.0,0.0,"Eastern Ghats, TN Uplands & Deccan (Karnataka) Plateau (Semi-Arid)",1,False,"Eastern Ghats, TN Uplands & Deccan (Karnataka) Plateau (Semi-Arid)",#f4faad
Perambalur,Veppanthattai,TN,0.0,0.0,0.0,0.0,0.0,0.0,584.7806271443666,0.0,0.0,0.0,0.0,0.0,0.0,"Eastern Ghats, TN Uplands & Deccan (Karnataka) Plateau (Semi-Arid)",1,False,"Eastern Ghats, TN Uplands & Deccan (Karnataka) Plateau (Semi-Arid)",#f4faad
Pudukkottai,Alangudi,TN,0.0,0.0,0.0,0.0,0.0,0.2057284529373669,372.0235028484213,0.0,0.0,0.0,0.0,0.0,0.0,"Eastern Coastal Plain (Subhumid–Semi-Arid); Eastern Ghats, TN Uplands & Deccan (Karnataka) Plateau (Semi-Arid)",2,True,"Shared: Eastern Coastal Plain (Subhumid–Semi-Arid) + Eastern Ghats, TN Uplands & Deccan (Karnataka) Plateau (Semi-Arid)",#888888
Pudukkottai,Aranthangi,TN,0.0,0.0,0.0,0.0,0.0,117.0791183029331,312.0656564754195,0.0,0.0,0.0,0.0,0.0,0.0,"Eastern Coastal Plain (Subhumid–Semi-Arid); Eastern Ghats, TN Uplands & Deccan (Karnataka) Plateau (Semi-Arid)",2,True,"Shared: Eastern Coastal Plain (Subhumid–Semi-Arid) + Eastern Ghats, TN Uplands & Deccan (Karnataka) Plateau (Semi-Arid)",#888888
Pudukkottai,Avudayarkoil,TN,0.0,0.0,0.0,0.0,0.0,369.0869966302214,100.9554056109812,0.0,0.0,0.0,0.0,0.0,0.0,"Eastern Coastal Plain (Subhumid–Semi-Arid); Eastern Ghats, TN Uplands & Deccan (Karnataka) Plateau (Semi-Arid)",2,True,"Shared: Eastern Coastal Plain (Subhumid–Semi-Arid) + Eastern Ghats, TN Uplands & Deccan (Karnataka) Plateau (Semi-Arid)",#888888
Pudukkottai,Gandarvakkottai,TN,0.0,0.0,0.0,0.0,0.0,0.0,363.2812732817794,0.0,0.0,0.0,0.0,0.0,0.0,"Eastern Ghats, TN Uplands & Deccan (Karnataka) Plateau (Semi-Arid)",1,False,"Eastern Ghats, TN Uplands & Deccan (Karnataka) Plateau (Semi-Arid)",#f4faad
Pudukkottai,Iluppur,TN,0.0,0.0,0.0,0.0,0.0,0.0,692.8160392206673,0.0,0.0,0.0,0.0,0.0,0.0,"Eastern Ghats, TN Uplands & Deccan (Karnataka) Plateau (Semi-Arid)",1,False,"Eastern Ghats, TN Uplands & Deccan (Karnataka) Plateau (Semi-Arid)",#f4faad
Pudukkottai,Karambakudi,TN,0.0,0.0,0.0,0.0,0.0,4.34962549357036,284.9050369842556,0.0,0.0,0.0,0.0,0.0,0.0,"Eastern Coastal Plain (Subhumid–Semi-Arid); Eastern Ghats, TN Uplands & Deccan (Karnataka) Plateau (Semi-Arid)",2,True,"Shared: Eastern Coastal Plain (Subhumid–Semi-Arid) + Eastern Ghats, TN Uplands & Deccan (Karnataka) Plateau (Semi-Arid)",#888888
Pudukkottai,Kulathur,TN,0.0,0.0,0.0,0.0,0.0,0.0,658.1673505015974,0.0,0.0,0.0,0.0,0.0,0.0,"Eastern Ghats, TN Uplands & Deccan (Karnataka) Plateau (Semi-Arid)",1,False,"Eastern Ghats, TN Uplands & Deccan (Karnataka) Plateau (Semi-Arid)",#f4faad
Pudukkottai,Manamelkudi,TN,0.0,0.0,0.0,0.0,0.0,248.9266018428808,0.0,0.0,0.0,0.0,0.0,0.0,0.0,Eastern Coastal Plain (Subhumid–Semi-Arid),1,False,Eastern Coastal Plain (Subhumid–Semi-Arid),#fff1a8
Pudukkottai,Ponnamaravathi,TN,0.0,0.0,0.0,0.0,0.0,0.0,366.109644563564,0.0,0.0,0.0,0.0,0.0,0.0,"Eastern Ghats, TN Uplands & Deccan (Karnataka) Plateau (Semi-Arid)",1,False,"Eastern Ghats, TN Uplands & Deccan (Karnataka) Plateau (Semi-Arid)",#f4faad
Pudukkottai,Pudukkottai,TN,0.0,0.0,0.0,0.0,0.0,0.0,323.9006237501148,0.0,0.0,0.0,0.0,0.0,0.0,"Eastern Ghats, TN Uplands & Deccan (Karnataka) Plateau (Semi-Arid)",1,False,"Eastern Ghats, TN Uplands & Deccan (Karnataka) Plateau (Semi-Arid)",#f4faad
Pudukkottai,Thirumayam,TN,0.0,0.0,0.0,0.0,0.0,0.0,640.0456129603241,0.0,0.0,0.0,0.0,0.0,0.0,"Eastern Ghats, TN Uplands & Deccan (Karnataka) Plateau (Semi-Arid)",1,False,"Eastern Ghats, TN Uplands & Deccan (Karnataka) Plateau (Semi-Arid)",#f4faad
Ramanathapuram,Kadaladi,TN,0.0,0.0,0.0,0.0,0.0,637.8404723823568,0.0,0.0,0.0,0.0,0.0,0.0,0.0,Eastern Coastal Plain (Subhumid–Semi-Arid),1,False,Eastern Coastal Plain (Subhumid–Semi-Arid),#fff1a8
Ramanathapuram,Kamuthi,TN,0.0,0.0,0.0,0.0,0.0,98.2043209879424,496.4495994974548,0.0,0.0,0.0,0.0,0.0,0.0,"Eastern Coastal Plain (Subhumid–Semi-Arid); Eastern Ghats, TN Uplands & Deccan (Karnataka) Plateau (Semi-Arid)",2,True,"Shared: Eastern Coastal Plain (Subhumid–Semi-Arid) + Eastern Ghats, TN Uplands & Deccan (Karnataka) Plateau (Semi-Arid)",#888888
Ramanathapuram,Mudukulathur,TN,0.0,0.0,0.0,0.0,0.0,301.6965640947395,203.3709332126483,0.0,0.0,0.0,0.0,0.0,0.0,"Eastern Coastal Plain (Subhumid–Semi-Arid); Eastern Ghats, TN Uplands & Deccan (Karnataka) Plateau (Semi-Arid)",2,True,"Shared: Eastern Coastal Plain (Subhumid–Semi-Arid) + Eastern Ghats, TN Uplands & Deccan (Karnataka) Plateau (Semi-Arid)",#888888
Ramanathapuram,Paramakudi,TN,0.0,0.0,0.0,0.0,0.0,406.4483731203367,360.4761603935172,0.0,0.0,0.0,0.0,0.0,0.0,"Eastern Coastal Plain (Subhumid–Semi-Arid); Eastern Ghats, TN Uplands & Deccan (Karnataka) Plateau (Semi-Arid)",2,True,"Shared: Eastern Coastal Plain (Subhumid–Semi-Arid) + Eastern Ghats, TN Uplands & Deccan (Karnataka) Plateau (Semi-Arid)",#888888
Ramanathapuram,Ramanathapuram,TN,0.0,0.0,0.0,0.0,0.0,792.792930805895,0.0,0.0,0.0,0.0,0.0,0.0,0.0,Eastern Coastal Plain (Subhumid–Semi-Arid),1,False,Eastern Coastal Plain (Subhumid–Semi-Arid),#fff1a8
Ramanathapuram,Rameswaram,TN,0.0,0.0,0.0,0.0,0.0,88.50223832631666,0.0,0.0,0.0,0.0,0.0,0.0,0.0,Eastern Coastal Plain (Subhumid–Semi-Arid),1,False,Eastern Coastal Plain (Subhumid–Semi-Arid),#fff1a8
Ramanathapuram,Tiruvadanai,TN,0.0,0.0,0.0,0.0,0.0,775.6773738772171,89.58380052851689,0.0,0.0,0.0,0.0,0.0,0.0,"Eastern Coastal Plain (Subhumid–Semi-Arid); Eastern Ghats, TN Uplands & Deccan (Karnataka) Plateau (Semi-Arid)",2,True,"Shared: Eastern Coastal Plain (Subhumid–Semi-Arid) + Eastern Ghats, TN Uplands & Deccan (Karnataka) Plateau (Semi-Arid)",#888888
Ranipet,Arakonam,TN,0.0,0.0,0.0,0.0,0.0,32.9121132368361,864.4177616404041,0.0,0.0,0.0,0.0,0.0,0.0,"Eastern Coastal Plain (Subhumid–Semi-Arid); Eastern Ghats, TN Uplands & Deccan (Karnataka) Plateau (Semi-Arid)",2,True,"Shared: Eastern Coastal Plain (Subhumid–Semi-Arid) + Eastern Ghats, TN Uplands & Deccan (Karnataka) Plateau (Semi-Arid)",#888888
Ranipet,Arcot,TN,0.0,0.0,0.0,0.0,0.0,0.0,547.7100840987597,0.0,0.0,0.0,0.0,0.0,0.0,"Eastern Ghats, TN Uplands & Deccan (Karnataka) Plateau (Semi-Arid)",1,False,"Eastern Ghats, TN Uplands & Deccan (Karnataka) Plateau (Semi-Arid)",#f4faad
Ranipet,Wallajah,TN,0.0,0.0,0.0,0.0,0.0,0.0,512.7404557207177,0.0,0.0,0.0,0.0,0.0,0.0,"Eastern Ghats, TN Uplands & Deccan (Karnataka) Plateau (Semi-Arid)",1,False,"Eastern Ghats, TN Uplands & Deccan (Karnataka) Plateau (Semi-Arid)",#f4faad
Salem,Attur,TN,0.0,0.0,0.0,0.0,0.0,0.0,1273.8808807688483,0.0,0.0,0.0,0.0,0.0,0.0,"Eastern Ghats, TN Uplands & Deccan (Karnataka) Plateau (Semi-Arid)",1,False,"Eastern Ghats, TN Uplands & Deccan (Karnataka) Plateau (Semi-Arid)",#f4faad
Salem,Edappadi,TN,0.0,0.0,0.0,0.0,0.0,0.0,320.5047124296763,0.0,0.0,0.0,0.0,0.0,0.0,"Eastern Ghats, TN Uplands & Deccan (Karnataka) Plateau (Semi-Arid)",1,False,"Eastern Ghats, TN Uplands & Deccan (Karnataka) Plateau (Semi-Arid)",#f4faad
Salem,Gangavalli,TN,0.0,0.0,0.0,0.0,0.0,0.0,552.4121624071773,0.0,0.0,0.0,0.0,0.0,0.0,"Eastern Ghats, TN Uplands & Deccan (Karnataka) Plateau (Semi-Arid)",1,False,"Eastern Ghats, TN Uplands & Deccan (Karnataka) Plateau (Semi-Arid)",#f4faad
Salem,Mettur,TN,0.0,0.0,0.0,0.0,0.0,0.0,817.9402736914667,0.0,0.0,0.0,0.0,0.0,0.0,"Eastern Ghats, TN Uplands & Deccan (Karnataka) Plateau (Semi-Arid)",1,False,"Eastern Ghats, TN Uplands & Deccan (Karnataka) Plateau (Semi-Arid)",#f4faad
Salem,Omalur,TN,0.0,0.0,0.0,0.0,0.0,0.0,686.9607882699606,0.0,0.0,0.0,0.0,0.0,0.0,"Eastern Ghats, TN Uplands & Deccan (Karnataka) Plateau (Semi-Arid)",1,False,"Eastern Ghats, TN Uplands & Deccan (Karnataka) Plateau (Semi-Arid)",#f4faad
Salem,Salem,TN,0.0,0.0,0.0,0.0,0.0,0.0,543.8878895072229,0.0,0.0,0.0,0.0,0.0,0.0,"Eastern Ghats, TN Uplands & Deccan (Karnataka) Plateau (Semi-Arid)",1,False,"Eastern Ghats, TN Uplands & Deccan (Karnataka) Plateau (Semi-Arid)",#f4faad
Salem,Sankari,TN,0.0,0.0,0.0,0.0,0.0,0.0,458.0249936594402,0.0,0.0,0.0,0.0,0.0,0.0,"Eastern Ghats, TN Uplands & Deccan (Karnataka) Plateau (Semi-Arid)",1,False,"Eastern Ghats, TN Uplands & Deccan (Karnataka) Plateau (Semi-Arid)",#f4faad
Salem,Vazhapadi,TN,0.0,0.0,0.0,0.0,0.0,0.0,437.6100151061629,0.0,0.0,0.0,0.0,0.0,0.0,"Eastern Ghats, TN Uplands & Deccan (Karnataka) Plateau (Semi-Arid)",1,False,"Eastern Ghats, TN Uplands & Deccan (Karnataka) Plateau (Semi-Arid)",#f4faad
Salem,Yercaud,TN,0.0,0.0,0.0,0.0,0.0,0.0,403.74400552665,0.0,0.0,0.0,0.0,0.0,0.0,"Eastern Ghats, TN Uplands & Deccan (Karnataka) Plateau (Semi-Arid)",1,False,"Eastern Ghats, TN Uplands & Deccan (Karnataka) Plateau (Semi-Arid)",#f4faad
Sivaganga,Devakottai,TN,0.0,0.0,0.0,0.0,0.0,67.11813115195935,520.9699064225586,0.0,0.0,0.0,0.0,0.0,0.0,"Eastern Coastal Plain (Subhumid–Semi-Arid); Eastern Ghats, TN Uplands & Deccan (Karnataka) Plateau (Semi-Arid)",2,True,"Shared: Eastern Coastal Plain (Subhumid–Semi-Arid) + Eastern Ghats, TN Uplands & Deccan (Karnataka) Plateau (Semi-Arid)",#888888
Sivaganga,Ilayangudi,TN,0.0,0.0,0.0,0.0,0.0,52.22750322884736,349.6283750192339,0.0,0.0,0.0,0.0,0.0,0.0,"Eastern Coastal Plain (Subhumid–Semi-Arid); Eastern Ghats, TN Uplands & Deccan (Karnataka) Plateau (Semi-Arid)",2,True,"Shared: Eastern Coastal Plain (Subhumid–Semi-Arid) + Eastern Ghats, TN Uplands & Deccan (Karnataka) Plateau (Semi-Arid)",#888888
Sivaganga,Karaikkudi,TN,0.0,0.0,0.0,0.0,0.0,0.0,636.2779497173151,0.0,0.0,0.0,0.0,0.0,0.0,"Eastern Ghats, TN Uplands & Deccan (Karnataka) Plateau (Semi-Arid)",1,False,"Eastern Ghats, TN Uplands & Deccan (Karnataka) Plateau (Semi-Arid)",#f4faad
Sivaganga,Manamadurai,TN,0.0,0.0,0.0,0.0,0.0,0.0,724.1916591480745,0.0,0.0,0.0,0.0,0.0,0.0,"Eastern Ghats, TN Uplands & Deccan (Karnataka) Plateau (Semi-Arid)",1,False,"Eastern Ghats, TN Uplands & Deccan (Karnataka) Plateau (Semi-Arid)",#f4faad
Sivaganga,Sivaganga,TN,0.0,0.0,0.0,0.0,0.0,0.0,1084.923219287478,0.0,0.0,0.0,0.0,0.0,0.0,"Eastern Ghats, TN Uplands & Deccan (Karnataka) Plateau (Semi-Arid)",1,False,"Eastern Ghats, TN Uplands & Deccan (Karnataka) Plateau (Semi-Arid)",#f4faad
Sivaganga,Thiruppathur,TN,0.0,0.0,0.0,0.0,0.0,0.0,941.9346620971356,0.0,0.0,0.0,0.0,0.0,0.0,"Eastern Ghats, TN Uplands & Deccan (Karnataka) Plateau (Semi-Arid)",1,False,"Eastern Ghats, TN Uplands & Deccan (Karnataka) Plateau (Semi-Arid)",#f4faad
Tenkasi,Alangulam,TN,0.0,0.0,0.0,0.0,0.0,0.0,297.9351456918582,0.0,0.0,0.0,0.0,0.0,0.0,"Eastern Ghats, TN Uplands & Deccan (Karnataka) Plateau (Semi-Arid)",1,False,"Eastern Ghats, TN Uplands & Deccan (Karnataka) Plateau (Semi-Arid)",#f4faad
Tenkasi,Sankarankoil,TN,0.0,0.0,0.0,0.0,0.0,0.0,1003.8786190942636,0.0,0.0,0.0,0.0,0.0,0.0,"Eastern Ghats, TN Uplands & Deccan (Karnataka) Plateau (Semi-Arid)",1,False,"Eastern Ghats, TN Uplands & Deccan (Karnataka) Plateau (Semi-Arid)",#f4faad
Tenkasi,Shenkottai,TN,0.0,0.0,0.0,0.0,0.0,0.0,215.0698071366033,0.0,0.0,0.0,0.0,0.0,5.3540897042932585,"Eastern Ghats, TN Uplands & Deccan (Karnataka) Plateau (Semi-Arid); Western Ghats & Coastal Plain (Humid–Perhumid)",2,True,"Shared: Eastern Ghats, TN Uplands & Deccan (Karnataka) Plateau (Semi-Arid) + Western Ghats & Coastal Plain (Humid–Perhumid)",#888888
Tenkasi,Sivagiri,TN,0.0,0.0,0.0,0.0,0.0,0.0,567.5269154289507,0.0,0.0,0.0,0.0,0.0,3.731723731272285,"Eastern Ghats, TN Uplands & Deccan (Karnataka) Plateau (Semi-Arid); Western Ghats & Coastal Plain (Humid–Perhumid)",2,True,"Shared: Eastern Ghats, TN Uplands & Deccan (Karnataka) Plateau (Semi-Arid) + Western Ghats & Coastal Plain (Humid–Perhumid)",#888888
Tenkasi,Tenkasi,TN,0.0,0.0,0.0,0.0,0.0,0.0,523.2583867090302,0.0,0.0,0.0,0.0,0.0,2.253776153542965,"Eastern Ghats, TN Uplands & Deccan (Karnataka) Plateau (Semi-Arid); Western Ghats & Coastal Plain (Humid–Perhumid)",2,True,"Shared: Eastern Ghats, TN Uplands & Deccan (Karnataka) Plateau (Semi-Arid) + Western Ghats & Coastal Plain (Humid–Perhumid)",#888888
Tenkasi,Veerakeralamputhur,TN,0.0,0.0,0.0,0.0,0.0,0.0,274.52110654321905,0.0,0.0,0.0,0.0,0.0,0.0,"Eastern Ghats, TN Uplands & Deccan (Karnataka) Plateau (Semi-Arid)",1,False,"Eastern Ghats, TN Uplands & Deccan (Karnataka) Plateau (Semi-Arid)",#f4faad
Thanjavur,Kumbakonam,TN,0.0,0.0,0.0,0.0,0.0,45.93866675526623,245.8823092228745,0.0,0.0,0.0,0.0,0.0,0.0,"Eastern Coastal Plain (Subhumid–Semi-Arid); Eastern Ghats, TN Uplands & Deccan (Karnataka) Plateau (Semi-Arid)",2,True,"Shared: Eastern Coastal Plain (Subhumid–Semi-Arid) + Eastern Ghats, TN Uplands & Deccan (Karnataka) Plateau (Semi-Arid)",#888888
Thanjavur,Orathanadu,TN,0.0,0.0,0.0,0.0,0.0,234.2004070811424,394.4957923824264,0.0,0.0,0.0,0.0,0.0,0.0,"Eastern Coastal Plain (Subhumid–Semi-Arid); Eastern Ghats, TN Uplands & Deccan (Karnataka) Plateau (Semi-Arid)",2,True,"Shared: Eastern Coastal Plain (Subhumid–Semi-Arid) + Eastern Ghats, TN Uplands & Deccan (Karnataka) Plateau (Semi-Arid)",#888888
Thanjavur,Papanasam,TN,0.0,0.0,0.0,0.0,0.0,0.0,396.69101417063126,0.0,0.0,0.0,0.0,0.0,0.0,"Eastern Ghats, TN Uplands & Deccan (Karnataka) Plateau (Semi-Arid)",1,False,"Eastern Ghats, TN Uplands & Deccan (Karnataka) Plateau (Semi-Arid)",#f4faad
Thanjavur,Pattukkottai,TN,0.0,0.0,0.0,0.0,0.0,690.8491620546735,11.40272504833146,0.0,0.0,0.0,0.0,0.0,0.0,"Eastern Coastal Plain (Subhumid–Semi-Arid); Eastern Ghats, TN Uplands & Deccan (Karnataka) Plateau (Semi-Arid)",2,True,"Shared: Eastern Coastal Plain (Subhumid–Semi-Arid) + Eastern Ghats, TN Uplands & Deccan (Karnataka) Plateau (Semi-Arid)",#888888
Thanjavur,Peravurani,TN,0.0,0.0,0.0,0.0,0.0,298.55686608392733,6.362000670981891,0.0,0.0,0.0,0.0,0.0,0.0,"Eastern Coastal Plain (Subhumid–Semi-Arid); Eastern Ghats, TN Uplands & Deccan (Karnataka) Plateau (Semi-Arid)",2,True,"Shared: Eastern Coastal Plain (Subhumid–Semi-Arid) + Eastern Ghats, TN Uplands & Deccan (Karnataka) Plateau (Semi-Arid)",#888888
Thanjavur,Thanjavur,TN,0.0,0.0,0.0,0.0,0.0,0.0,649.1582475660875,0.0,0.0,0.0,0.0,0.0,0.0,"Eastern Ghats, TN Uplands & Deccan (Karnataka) Plateau (Semi-Arid)",1,False,"Eastern Ghats, TN Uplands & Deccan (Karnataka) Plateau (Semi-Arid)",#f4faad
Thanjavur,Thiruvaiyaru,TN,0.0,0.0,0.0,0.0,0.0,0.0,292.4241505638875,0.0,0.0,0.0,0.0,0.0,0.0,"Eastern Ghats, TN Uplands & Deccan (Karnataka) Plateau (Semi-Arid)",1,False,"Eastern Ghats, TN Uplands & Deccan (Karnataka) Plateau (Semi-Arid)",#f4faad
Thanjavur,Thiruvidaimarudur,TN,0.0,0.0,0.0,0.0,0.0,138.27256367797,141.03843338843225,0.0,0.0,0.0,0.0,0.0,0.0,"Eastern Coastal Plain (Subhumid–Semi-Arid); Eastern Ghats, TN Uplands & Deccan (Karnataka) Plateau (Semi-Arid)",2,True,"Shared: Eastern Coastal Plain (Subhumid–Semi-Arid) + Eastern Ghats, TN Uplands & Deccan (Karnataka) Plateau (Semi-Arid)",#888888
The Nilgiris,Coonoor,TN,0.0,0.0,0.0,0.0,0.0,0.0,24.48783279107761,0.0,0.0,0.0,0.0,0.0,205.9358199242704,"Eastern Ghats, TN Uplands & Deccan (Karnataka) Plateau (Semi-Arid); Western Ghats & Coastal Plain (Humid–Perhumid)",2,True,"Shared: Eastern Ghats, TN Uplands & Deccan (Karnataka) Plateau (Semi-Arid) + Western Ghats & Coastal Plain (Humid–Perhumid)",#888888
The Nilgiris,Gudalur,TN,0.0,0.0,0.0,0.0,0.0,0.0,30.828005060463333,0.0,0.0,0.0,0.0,0.0,453.171939301291,"Eastern Ghats, TN Uplands & Deccan (Karnataka) Plateau (Semi-Arid); Western Ghats & Coastal Plain (Humid–Perhumid)",2,True,"Shared: Eastern Ghats, TN Uplands & Deccan (Karnataka) Plateau (Semi-Arid) + Western Ghats & Coastal Plain (Humid–Perhumid)",#888888
The Nilgiris,Kotagiri,TN,0.0,0.0,0.0,0.0,0.0,0.0,20.591886220510048,0.0,0.0,0.0,0.0,0.0,405.0089628321407,"Eastern Ghats, TN Uplands & Deccan (Karnataka) Plateau (Semi-Arid); Western Ghats & Coastal Plain (Humid–Perhumid)",2,True,"Shared: Eastern Ghats, TN Uplands & Deccan (Karnataka) Plateau (Semi-Arid) + Western Ghats & Coastal Plain (Humid–Perhumid)",#888888
The Nilgiris,Kundah,TN,0.0,0.0,0.0,0.0,0.0,0.0,0.0023691199673418,0.0,0.0,0.0,0.0,0.0,332.45492859158367,"Eastern Ghats, TN Uplands & Deccan (Karnataka) Plateau (Semi-Arid); Western Ghats & Coastal Plain (Humid–Perhumid)",2,True,"Shared: Eastern Ghats, TN Uplands & Deccan (Karnataka) Plateau (Semi-Arid) + Western Ghats & Coastal Plain (Humid–Perhumid)",#888888
The Nilgiris,Panthalur,TN,0.0,0.0,0.0,0.0,0.0,0.0,0.0,0.0,0.0,0.0,0.0,0.0,288.7810951344639,Western Ghats & Coastal Plain (Humid–Perhumid),1,False,Western Ghats & Coastal Plain (Humid–Perhumid),#5e4fa2
The Nilgiris,Udhagamandalam,TN,0.0,0.0,0.0,0.0,0.0,0.0,5.599977488846833,0.0,0.0,0.0,0.0,0.0,917.8183521314872,"Eastern Ghats, TN Uplands & Deccan (Karnataka) Plateau (Semi-Arid); Western Ghats & Coastal Plain (Humid–Perhumid)",2,True,"Shared: Eastern Ghats, TN Uplands & Deccan (Karnataka) Plateau (Semi-Arid) + Western Ghats & Coastal Plain (Humid–Perhumid)",#888888
Theni,Andipatti,TN,0.0,0.0,0.0,0.0,0.0,0.0,980.4228991760682,0.0,0.0,0.0,0.0,0.0,1.6930132400018696,"Eastern Ghats, TN Uplands & Deccan (Karnataka) Plateau (Semi-Arid); Western Ghats & Coastal Plain (Humid–Perhumid)",2,True,"Shared: Eastern Ghats, TN Uplands & Deccan (Karnataka) Plateau (Semi-Arid) + Western Ghats & Coastal Plain (Humid–Perhumid)",#888888
Theni,Bodinayakanur,TN,0.0,0.0,0.0,0.0,0.0,0.0,543.8436420669956,0.0,0.0,0.0,0.0,0.0,4.269516152229929,"Eastern Ghats, TN Uplands & Deccan (Karnataka) Plateau (Semi-Arid); Western Ghats & Coastal Plain (Humid–Perhumid)",2,True,"Shared: Eastern Ghats, TN Uplands & Deccan (Karnataka) Plateau (Semi-Arid) + Western Ghats & Coastal Plain (Humid–Perhumid)",#888888
Theni,Periyakulam,TN,0.0,0.0,0.0,0.0,0.0,0.0,408.4200353847344,0.0,0.0,0.0,0.0,0.0,0.0,"Eastern Ghats, TN Uplands & Deccan (Karnataka) Plateau (Semi-Arid)",1,False,"Eastern Ghats, TN Uplands & Deccan (Karnataka) Plateau (Semi-Arid)",#f4faad
Theni,Theni,TN,0.0,0.0,0.0,0.0,0.0,0.0,222.3267624731572,0.0,0.0,0.0,0.0,0.0,0.0,"Eastern Ghats, TN Uplands & Deccan (Karnataka) Plateau (Semi-Arid)",1,False,"Eastern Ghats, TN Uplands & Deccan (Karnataka) Plateau (Semi-Arid)",#f4faad
Theni,Uthamapalayam,TN,0.0,0.0,0.0,0.0,0.0,0.0,801.9848126668659,0.0,0.0,0.0,0.0,0.0,8.653235370931121,"Eastern Ghats, TN Uplands & Deccan (Karnataka) Plateau (Semi-Arid); Western Ghats & Coastal Plain (Humid–Perhumid)",2,True,"Shared: Eastern Ghats, TN Uplands & Deccan (Karnataka) Plateau (Semi-Arid) + Western Ghats & Coastal Plain (Humid–Perhumid)",#888888
Thiruvallur,Ambattur,TN,0.0,0.0,0.0,0.0,0.0,190.58611732057665,0.0,0.0,0.0,0.0,0.0,0.0,0.0,Eastern Coastal Plain (Subhumid–Semi-Arid),1,False,Eastern Coastal Plain (Subhumid–Semi-Arid),#fff1a8
Thiruvallur,Gummidipoondi,TN,0.0,0.0,0.0,0.0,0.0,362.9324311698071,91.24397372699754,0.0,0.0,0.0,0.0,0.0,0.0,"Eastern Coastal Plain (Subhumid–Semi-Arid); Eastern Ghats, TN Uplands & Deccan (Karnataka) Plateau (Semi-Arid)",2,True,"Shared: Eastern Coastal Plain (Subhumid–Semi-Arid) + Eastern Ghats, TN Uplands & Deccan (Karnataka) Plateau (Semi-Arid)",#888888
Thiruvallur,Mathavaram,TN,0.0,0.0,0.0,0.0,0.0,142.4608011657526,0.0,0.0,0.0,0.0,0.0,0.0,0.0,Eastern Coastal Plain (Subhumid–Semi-Arid),1,False,Eastern Coastal Plain (Subhumid–Semi-Arid),#fff1a8
Thiruvallur,Pallipattu,TN,0.0,0.0,0.0,0.0,0.0,0.0,363.0043823945289,0.0,0.0,0.0,0.0,0.0,0.0,"Eastern Ghats, TN Uplands & Deccan (Karnataka) Plateau (Semi-Arid)",1,False,"Eastern Ghats, TN Uplands & Deccan (Karnataka) Plateau (Semi-Arid)",#f4faad
Thiruvallur,Ponneri,TN,0.0,0.0,0.0,0.0,0.0,695.1719691182037,0.0,0.0,0.0,0.0,0.0,0.0,0.0,Eastern Coastal Plain (Subhumid–Semi-Arid),1,False,Eastern Coastal Plain (Subhumid–Semi-Arid),#fff1a8
Thiruvallur,Poonamallee,TN,0.0,0.0,0.0,0.0,0.0,161.54612250699202,0.0,0.0,0.0,0.0,0.0,0.0,0.0,Eastern Coastal Plain (Subhumid–Semi-Arid),1,False,Eastern Coastal Plain (Subhumid–Semi-Arid),#fff1a8
Thiruvallur,Thiruvallur,TN,0.0,0.0,0.0,0.0,0.0,672.1961396146253,43.418840597862335,0.0,0.0,0.0,0.0,0.0,0.0,"Eastern Coastal Plain (Subhumid–Semi-Arid); Eastern Ghats, TN Uplands & Deccan (Karnataka) Plateau (Semi-Arid)",2,True,"Shared: Eastern Coastal Plain (Subhumid–Semi-Arid) + Eastern Ghats, TN Uplands & Deccan (Karnataka) Plateau (Semi-Arid)",#888888
Thiruvallur,Tiruttani,TN,0.0,0.0,0.0,0.0,0.0,70.0109593344693,408.040118158965,0.0,0.0,0.0,0.0,0.0,0.0,"Eastern Coastal Plain (Subhumid–Semi-Arid); Eastern Ghats, TN Uplands & Deccan (Karnataka) Plateau (Semi-Arid)",2,True,"Shared: Eastern Coastal Plain (Subhumid–Semi-Arid) + Eastern Ghats, TN Uplands & Deccan (Karnataka) Plateau (Semi-Arid)",#888888
Thiruvallur,Uthukkottai,TN,0.0,0.0,0.0,0.0,0.0,367.75177482349926,21.72098080338508,0.0,0.0,0.0,0.0,0.0,0.0,"Eastern Coastal Plain (Subhumid–Semi-Arid); Eastern Ghats, TN Uplands & Deccan (Karnataka) Plateau (Semi-Arid)",2,True,"Shared: Eastern Coastal Plain (Subhumid–Semi-Arid) + Eastern Ghats, TN Uplands & Deccan (Karnataka) Plateau (Semi-Arid)",#888888
Thiruvarur,Kudavasal,TN,0.0,0.0,0.0,0.0,0.0,334.830171551174,0.2819150060134991,0.0,0.0,0.0,0.0,0.0,0.0,"Eastern Coastal Plain (Subhumid–Semi-Arid); Eastern Ghats, TN Uplands & Deccan (Karnataka) Plateau (Semi-Arid)",2,True,"Shared: Eastern Coastal Plain (Subhumid–Semi-Arid) + Eastern Ghats, TN Uplands & Deccan (Karnataka) Plateau (Semi-Arid)",#888888
Thiruvarur,Mannargudi,TN,0.0,0.0,0.0,0.0,0.0,560.0749155562033,31.72622911696887,0.0,0.0,0.0,0.0,0.0,0.0,"Eastern Coastal Plain (Subhumid–Semi-Arid); Eastern Ghats, TN Uplands & Deccan (Karnataka) Plateau (Semi-Arid)",2,True,"Shared: Eastern Coastal Plain (Subhumid–Semi-Arid) + Eastern Ghats, TN Uplands & Deccan (Karnataka) Plateau (Semi-Arid)",#888888
Thiruvarur,Nannilam,TN,0.0,0.0,0.0,0.0,0.0,241.6025855649603,0.0,0.0,0.0,0.0,0.0,0.0,0.0,Eastern Coastal Plain (Subhumid–Semi-Arid),1,False,Eastern Coastal Plain (Subhumid–Semi-Arid),#fff1a8
Thiruvarur,Needamangalam,TN,0.0,0.0,0.0,0.0,0.0,203.95012634176305,37.001891918236986,0.0,0.0,0.0,0.0,0.0,0.0,"Eastern Coastal Plain (Subhumid–Semi-Arid); Eastern Ghats, TN Uplands & Deccan (Karnataka) Plateau (Semi-Arid)",2,True,"Shared: Eastern Coastal Plain (Subhumid–Semi-Arid) + Eastern Ghats, TN Uplands & Deccan (Karnataka) Plateau (Semi-Arid)",#888888
Thiruvarur,Thiruthuraipoondi,TN,0.0,0.0,0.0,0.0,0.0,549.3143313616275,0.0,0.0,0.0,0.0,0.0,0.0,0.0,Eastern Coastal Plain (Subhumid–Semi-Arid),1,False,Eastern Coastal Plain (Subhumid–Semi-Arid),#fff1a8
Thiruvarur,Thiruvarur,TN,0.0,0.0,0.0,0.0,0.0,148.3243166069563,0.0,0.0,0.0,0.0,0.0,0.0,0.0,Eastern Coastal Plain (Subhumid–Semi-Arid),1,False,Eastern Coastal Plain (Subhumid–Semi-Arid),#fff1a8
Thiruvarur,Valangaiman,TN,0.0,0.0,0.0,0.0,0.0,44.61372841066553,178.41062416795893,0.0,0.0,0.0,0.0,0.0,0.0,"Eastern Coastal Plain (Subhumid–Semi-Arid); Eastern Ghats, TN Uplands & Deccan (Karnataka) Plateau (Semi-Arid)",2,True,"Shared: Eastern Coastal Plain (Subhumid–Semi-Arid) + Eastern Ghats, TN Uplands & Deccan (Karnataka) Plateau (Semi-Arid)",#888888
Tiruchirappalli,Lalgudi,TN,0.0,0.0,0.0,0.0,0.0,0.0,598.8421751728955,0.0,0.0,0.0,0.0,0.0,0.0,"Eastern Ghats, TN Uplands & Deccan (Karnataka) Plateau (Semi-Arid)",1,False,"Eastern Ghats, TN Uplands & Deccan (Karnataka) Plateau (Semi-Arid)",#f4faad
Tiruchirappalli,Manachanallur,TN,0.0,0.0,0.0,0.0,0.0,0.0,395.7131153964803,0.0,0.0,0.0,0.0,0.0,0.0,"Eastern Ghats, TN Uplands & Deccan (Karnataka) Plateau (Semi-Arid)",1,False,"Eastern Ghats, TN Uplands & Deccan (Karnataka) Plateau (Semi-Arid)",#f4faad
Tiruchirappalli,Manapparai,TN,0.0,0.0,0.0,0.0,0.0,0.0,1133.0172227950566,0.0,0.0,0.0,0.0,0.0,0.0,"Eastern Ghats, TN Uplands & Deccan (Karnataka) Plateau (Semi-Arid)",1,False,"Eastern Ghats, TN Uplands & Deccan (Karnataka) Plateau (Semi-Arid)",#f4faad
Tiruchirappalli,Musiri,TN,0.0,0.0,0.0,0.0,0.0,0.0,683.3140568201214,0.0,0.0,0.0,0.0,0.0,0.0,"Eastern Ghats, TN Uplands & Deccan (Karnataka) Plateau (Semi-Arid)",1,False,"Eastern Ghats, TN Uplands & Deccan (Karnataka) Plateau (Semi-Arid)",#f4faad
Tiruchirappalli,Srirangam,TN,0.0,0.0,0.0,0.0,0.0,0.0,403.73604221668506,0.0,0.0,0.0,0.0,0.0,0.0,"Eastern Ghats, TN Uplands & Deccan (Karnataka) Plateau (Semi-Arid)",1,False,"Eastern Ghats, TN Uplands & Deccan (Karnataka) Plateau (Semi-Arid)",#f4faad
Tiruchirappalli,Thiruverumbur,TN,0.0,0.0,0.0,0.0,0.0,0.0,278.2166352825903,0.0,0.0,0.0,0.0,0.0,0.0,"Eastern Ghats, TN Uplands & Deccan (Karnataka) Plateau (Semi-Arid)",1,False,"Eastern Ghats, TN Uplands & Deccan (Karnataka) Plateau (Semi-Arid)",#f4faad
Tiruchirappalli,Thottiyam,TN,0.0,0.0,0.0,0.0,0.0,0.0,284.6597402404694,0.0,0.0,0.0,0.0,0.0,0.0,"Eastern Ghats, TN Uplands & Deccan (Karnataka) Plateau (Semi-Arid)",1,False,"Eastern Ghats, TN Uplands & Deccan (Karnataka) Plateau (Semi-Arid)",#f4faad
Tiruchirappalli,Thuraiyur,TN,0.0,0.0,0.0,0.0,0.0,0.0,836.4091223495909,0.0,0.0,0.0,0.0,0.0,0.0,"Eastern Ghats, TN Uplands & Deccan (Karnataka) Plateau (Semi-Arid)",1,False,"Eastern Ghats, TN Uplands & Deccan (Karnataka) Plateau (Semi-Arid)",#f4faad
Tiruchirappalli,Tiruchirappalli West,TN,0.0,0.0,0.0,0.0,0.0,0.0,79.56732558668128,0.0,0.0,0.0,0.0,0.0,0.0,"Eastern Ghats, TN Uplands & Deccan (Karnataka) Plateau (Semi-Arid)",1,False,"Eastern Ghats, TN Uplands & Deccan (Karnataka) Plateau (Semi-Arid)",#f4faad
Tirunelveli,Ambasamudram,TN,0.0,0.0,0.0,0.0,0.0,0.0,1212.6692370724656,0.0,0.0,0.0,0.0,0.0,8.266317357378792,"Eastern Ghats, TN Uplands & Deccan (Karnataka) Plateau (Semi-Arid); Western Ghats & Coastal Plain (Humid–Perhumid)",2,True,"Shared: Eastern Ghats, TN Uplands & Deccan (Karnataka) Plateau (Semi-Arid) + Western Ghats & Coastal Plain (Humid–Perhumid)",#888888
Tirunelveli,Nanguneri,TN,0.0,0.0,0.0,0.0,0.0,94.61013955459632,864.5355748539088,0.0,0.0,0.0,0.0,0.0,0.0,"Eastern Coastal Plain (Subhumid–Semi-Arid); Eastern Ghats, TN Uplands & Deccan (Karnataka) Plateau (Semi-Arid)",2,True,"Shared: Eastern Coastal Plain (Subhumid–Semi-Arid) + Eastern Ghats, TN Uplands & Deccan (Karnataka) Plateau (Semi-Arid)",#888888
Tirunelveli,Palayamkottai,TN,0.0,0.0,0.0,0.0,0.0,0.0,329.2601627563845,0.0,0.0,0.0,0.0,0.0,0.0,"Eastern Ghats, TN Uplands & Deccan (Karnataka) Plateau (Semi-Arid)",1,False,"Eastern Ghats, TN Uplands & Deccan (Karnataka) Plateau (Semi-Arid)",#f4faad
Tirunelveli,Radhapuram,TN,0.0,0.0,0.0,0.0,0.0,872.0602129799859,34.75848036696183,0.0,0.0,0.0,0.0,0.0,0.0,"Eastern Coastal Plain (Subhumid–Semi-Arid); Eastern Ghats, TN Uplands & Deccan (Karnataka) Plateau (Semi-Arid)",2,True,"Shared: Eastern Coastal Plain (Subhumid–Semi-Arid) + Eastern Ghats, TN Uplands & Deccan (Karnataka) Plateau (Semi-Arid)",#888888
Tirunelveli,Tirunelveli,TN,0.0,0.0,0.0,0.0,0.0,0.0,583.1052700527549,0.0,0.0,0.0,0.0,0.0,0.0,"Eastern Ghats, TN Uplands & Deccan (Karnataka) Plateau (Semi-Arid)",1,False,"Eastern Ghats, TN Uplands & Deccan (Karnataka) Plateau (Semi-Arid)",#f4faad
Tirupathur,Ambur,TN,0.0,0.0,0.0,0.0,0.0,0.0,586.7946624506139,0.0,0.0,0.0,0.0,0.0,0.0,"Eastern Ghats, TN Uplands & Deccan (Karnataka) Plateau (Semi-Arid)",1,False,"Eastern Ghats, TN Uplands & Deccan (Karnataka) Plateau (Semi-Arid)",#f4faad
Tirupathur,Tirupathur,TN,0.0,0.0,0.0,0.0,0.0,0.0,1058.2392411905028,0.0,0.0,0.0,0.0,0.0,0.0,"Eastern Ghats, TN Uplands & Deccan (Karnataka) Plateau (Semi-Arid)",1,False,"Eastern Ghats, TN Uplands & Deccan (Karnataka) Plateau (Semi-Arid)",#f4faad
Tirupathur,Vaniyambadi,TN,0.0,0.0,0.0,0.0,0.0,0.0,559.367356955304,0.0,0.0,0.0,0.0,0.0,0.0,"Eastern Ghats, TN Uplands & Deccan (Karnataka) Plateau (Semi-Arid)",1,False,"Eastern Ghats, TN Uplands & Deccan (Karnataka) Plateau (Semi-Arid)",#f4faad
Tiruppur,Avanashi,TN,0.0,0.0,0.0,0.0,0.0,0.0,735.4203386217362,0.0,0.0,0.0,0.0,0.0,0.0,"Eastern Ghats, TN Uplands & Deccan (Karnataka) Plateau (Semi-Arid)",1,False,"Eastern Ghats, TN Uplands & Deccan (Karnataka) Plateau (Semi-Arid)",#f4faad
Tiruppur,Dharapuram,TN,0.0,0.0,0.0,0.0,0.0,0.0,1410.3732478370882,0.0,0.0,0.0,0.0,0.0,0.0,"Eastern Ghats, TN Uplands & Deccan (Karnataka) Plateau (Semi-Arid)",1,False,"Eastern Ghats, TN Uplands & Deccan (Karnataka) Plateau (Semi-Arid)",#f4faad
Tiruppur,Kangeyam,TN,0.0,0.0,0.0,0.0,0.0,0.0,896.9874018524598,0.0,0.0,0.0,0.0,0.0,0.0,"Eastern Ghats, TN Uplands & Deccan (Karnataka) Plateau (Semi-Arid)",1,False,"Eastern Ghats, TN Uplands & Deccan (Karnataka) Plateau (Semi-Arid)",#f4faad
Tiruppur,Madathukulam,TN,0.0,0.0,0.0,0.0,0.0,0.0,568.452581735343,0.0,0.0,0.0,0.0,0.0,0.0,"Eastern Ghats, TN Uplands & Deccan (Karnataka) Plateau (Semi-Arid)",1,False,"Eastern Ghats, TN Uplands & Deccan (Karnataka) Plateau (Semi-Arid)",#f4faad
Tiruppur,Palladam,TN,0.0,0.0,0.0,0.0,0.0,0.0,498.6830734888966,0.0,0.0,0.0,0.0,0.0,0.0,"Eastern Ghats, TN Uplands & Deccan (Karnataka) Plateau (Semi-Arid)",1,False,"Eastern Ghats, TN Uplands & Deccan (Karnataka) Plateau (Semi-Arid)",#f4faad
Tiruppur,Tiruppurnorth,TN,0.0,0.0,0.0,0.0,0.0,0.0,382.3414713493307,0.0,0.0,0.0,0.0,0.0,0.0,"Eastern Ghats, TN Uplands & Deccan (Karnataka) Plateau (Semi-Arid)",1,False,"Eastern Ghats, TN Uplands & Deccan (Karnataka) Plateau (Semi-Arid)",#f4faad
Tiruppur,Udumalaipettai,TN,0.0,0.0,0.0,0.0,0.0,0.0,908.8992905803574,0.0,0.0,0.0,0.0,0.0,1.6408243824509698,"Eastern Ghats, TN Uplands & Deccan (Karnataka) Plateau (Semi-Arid); Western Ghats & Coastal Plain (Humid–Perhumid)",2,True,"Shared: Eastern Ghats, TN Uplands & Deccan (Karnataka) Plateau (Semi-Arid) + Western Ghats & Coastal Plain (Humid–Perhumid)",#888888
Tiruvannamalai,Arani,TN,0.0,0.0,0.0,0.0,0.0,0.0,441.64485225901706,0.0,0.0,0.0,0.0,0.0,0.0,"Eastern Ghats, TN Uplands & Deccan (Karnataka) Plateau (Semi-Arid)",1,False,"Eastern Ghats, TN Uplands & Deccan (Karnataka) Plateau (Semi-Arid)",#f4faad
Tiruvannamalai,Chengam,TN,0.0,0.0,0.0,0.0,0.0,0.0,1063.1474099402417,0.0,0.0,0.0,0.0,0.0,0.0,"Eastern Ghats, TN Uplands & Deccan (Karnataka) Plateau (Semi-Arid)",1,False,"Eastern Ghats, TN Uplands & Deccan (Karnataka) Plateau (Semi-Arid)",#f4faad
Tiruvannamalai,Cheyyar,TN,0.0,0.0,0.0,0.0,0.0,67.26513359041925,832.8297323908062,0.0,0.0,0.0,0.0,0.0,0.0,"Eastern Coastal Plain (Subhumid–Semi-Arid); Eastern Ghats, TN Uplands & Deccan (Karnataka) Plateau (Semi-Arid)",2,True,"Shared: Eastern Coastal Plain (Subhumid–Semi-Arid) + Eastern Ghats, TN Uplands & Deccan (Karnataka) Plateau (Semi-Arid)",#888888
Tiruvannamalai,Polur,TN,0.0,0.0,0.0,0.0,0.0,0.0,1450.0000850047757,0.0,0.0,0.0,0.0,0.0,0.0,"Eastern Ghats, TN Uplands & Deccan (Karnataka) Plateau (Semi-Arid)",1,False,"Eastern Ghats, TN Uplands & Deccan (Karnataka) Plateau (Semi-Arid)",#f4faad
Tiruvannamalai,Thandrampet,TN,0.0,0.0,0.0,0.0,0.0,0.0,717.2993547388227,0.0,0.0,0.0,0.0,0.0,0.0,"Eastern Ghats, TN Uplands & Deccan (Karnataka) Plateau (Semi-Arid)",1,False,"Eastern Ghats, TN Uplands & Deccan (Karnataka) Plateau (Semi-Arid)",#f4faad
Tiruvannamalai,Tiruvannamalai,TN,0.0,0.0,0.0,0.0,0.0,0.0,1027.3452473267982,0.0,0.0,0.0,0.0,0.0,0.0,"Eastern Ghats, TN Uplands & Deccan (Karnataka) Plateau (Semi-Arid)",1,False,"Eastern Ghats, TN Uplands & Deccan (Karnataka) Plateau (Semi-Arid)",#f4faad
Tiruvannamalai,Vandavasi,TN,0.0,0.0,0.0,0.0,0.0,45.81013280318866,884.9429319362062,0.0,0.0,0.0,0.0,0.0,0.0,"Eastern Coastal Plain (Subhumid–Semi-Arid); Eastern Ghats, TN Uplands & Deccan (Karnataka) Plateau (Semi-Arid)",2,True,"Shared: Eastern Coastal Plain (Subhumid–Semi-Arid) + Eastern Ghats, TN Uplands & Deccan (Karnataka) Plateau (Semi-Arid)",#888888
Tuticorin,Ettayapuram,TN,0.0,0.0,0.0,0.0,0.0,0.0,522.7863854203255,0.0,0.0,0.0,0.0,0.0,0.0,"Eastern Ghats, TN Uplands & Deccan (Karnataka) Plateau (Semi-Arid)",1,False,"Eastern Ghats, TN Uplands & Deccan (Karnataka) Plateau (Semi-Arid)",#f4faad
Tuticorin,Kovilpatti,TN,0.0,0.0,0.0,0.0,0.0,0.0,848.0255129683408,0.0,0.0,0.0,0.0,0.0,0.0,"Eastern Ghats, TN Uplands & Deccan (Karnataka) Plateau (Semi-Arid)",1,False,"Eastern Ghats, TN Uplands & Deccan (Karnataka) Plateau (Semi-Arid)",#f4faad
Tuticorin,Ottapidaram,TN,0.0,0.0,0.0,0.0,0.0,265.84806793936303,486.33709711899473,0.0,0.0,0.0,0.0,0.0,0.0,"Eastern Coastal Plain (Subhumid–Semi-Arid); Eastern Ghats, TN Uplands & Deccan (Karnataka) Plateau (Semi-Arid)",2,True,"Shared: Eastern Coastal Plain (Subhumid–Semi-Arid) + Eastern Ghats, TN Uplands & Deccan (Karnataka) Plateau (Semi-Arid)",#888888
Tuticorin,Sathankulam,TN,0.0,0.0,0.0,0.0,0.0,310.82715102635706,57.090667960986025,0.0,0.0,0.0,0.0,0.0,0.0,"Eastern Coastal Plain (Subhumid–Semi-Arid); Eastern Ghats, TN Uplands & Deccan (Karnataka) Plateau (Semi-Arid)",2,True,"Shared: Eastern Coastal Plain (Subhumid–Semi-Arid) + Eastern Ghats, TN Uplands & Deccan (Karnataka) Plateau (Semi-Arid)",#888888
Tuticorin,Srivaikuntam,TN,0.0,0.0,0.0,0.0,0.0,184.9155237858212,429.4884545477125,0.0,0.0,0.0,0.0,0.0,0.0,"Eastern Coastal Plain (Subhumid–Semi-Arid); Eastern Ghats, TN Uplands & Deccan (Karnataka) Plateau (Semi-Arid)",2,True,"Shared: Eastern Coastal Plain (Subhumid–Semi-Arid) + Eastern Ghats, TN Uplands & Deccan (Karnataka) Plateau (Semi-Arid)",#888888
Tuticorin,Thoothukkudi,TN,0.0,0.0,0.0,0.0,0.0,324.17338171399155,46.596533321293016,0.0,0.0,0.0,0.0,0.0,0.0,"Eastern Coastal Plain (Subhumid–Semi-Arid); Eastern Ghats, TN Uplands & Deccan (Karnataka) Plateau (Semi-Arid)",2,True,"Shared: Eastern Coastal Plain (Subhumid–Semi-Arid) + Eastern Ghats, TN Uplands & Deccan (Karnataka) Plateau (Semi-Arid)",#888888
Tuticorin,Tiruchendur,TN,0.0,0.0,0.0,0.0,0.0,490.6579487397885,19.0881891640915,0.0,0.0,0.0,0.0,0.0,0.0,"Eastern Coastal Plain (Subhumid–Semi-Arid); Eastern Ghats, TN Uplands & Deccan (Karnataka) Plateau (Semi-Arid)",2,True,"Shared: Eastern Coastal Plain (Subhumid–Semi-Arid) + Eastern Ghats, TN Uplands & Deccan (Karnataka) Plateau (Semi-Arid)",#888888
Tuticorin,Vilathikulam,TN,0.0,0.0,0.0,0.0,0.0,368.42323428416097,532.4900263639906,0.0,0.0,0.0,0.0,0.0,0.0,"Eastern Coastal Plain (Subhumid–Semi-Arid); Eastern Ghats, TN Uplands & Deccan (Karnataka) Plateau (Semi-Arid)",2,True,"Shared: Eastern Coastal Plain (Subhumid–Semi-Arid) + Eastern Ghats, TN Uplands & Deccan (Karnataka) Plateau (Semi-Arid)",#888888
Vellore,Gudiyatham,TN,0.0,0.0,0.0,0.0,0.0,0.0,765.196529102153,0.0,0.0,0.0,0.0,0.0,0.0,"Eastern Ghats, TN Uplands & Deccan (Karnataka) Plateau (Semi-Arid)",1,False,"Eastern Ghats, TN Uplands & Deccan (Karnataka) Plateau (Semi-Arid)",#f4faad
Vellore,Katpadi,TN,0.0,0.0,0.0,0.0,0.0,0.0,560.2376819363011,0.0,0.0,0.0,0.0,0.0,0.0,"Eastern Ghats, TN Uplands & Deccan (Karnataka) Plateau (Semi-Arid)",1,False,"Eastern Ghats, TN Uplands & Deccan (Karnataka) Plateau (Semi-Arid)",#f4faad
Vellore,Vellore,TN,0.0,0.0,0.0,0.0,0.0,0.0,939.05343263672,0.0,0.0,0.0,0.0,0.0,0.0,"Eastern Ghats, TN Uplands & Deccan (Karnataka) Plateau (Semi-Arid)",1,False,"Eastern Ghats, TN Uplands & Deccan (Karnataka) Plateau (Semi-Arid)",#f4faad
Villupuram,Gingee,TN,0.0,0.0,0.0,0.0,0.0,0.0,1126.609131314193,0.0,0.0,0.0,0.0,0.0,0.0,"Eastern Ghats, TN Uplands & Deccan (Karnataka) Plateau (Semi-Arid)",1,False,"Eastern Ghats, TN Uplands & Deccan (Karnataka) Plateau (Semi-Arid)",#f4faad
Villupuram,Tindivanam,TN,0.0,0.0,0.0,0.0,0.0,812.7688791658765,252.300056141098,0.0,0.0,0.0,0.0,0.0,0.0,"Eastern Coastal Plain (Subhumid–Semi-Arid); Eastern Ghats, TN Uplands & Deccan (Karnataka) Plateau (Semi-Arid)",2,True,"Shared: Eastern Coastal Plain (Subhumid–Semi-Arid) + Eastern Ghats, TN Uplands & Deccan (Karnataka) Plateau (Semi-Arid)",#888888
Villupuram,Vanur,TN,0.0,0.0,0.0,0.0,0.0,442.85312817835546,0.0,0.0,0.0,0.0,0.0,0.0,0.0,Eastern Coastal Plain (Subhumid–Semi-Arid),1,False,Eastern Coastal Plain (Subhumid–Semi-Arid),#fff1a8
Villupuram,Viluppuram,TN,0.0,0.0,0.0,0.0,0.0,447.3887311583882,494.5799031050367,0.0,0.0,0.0,0.0,0.0,0.0,"Eastern Coastal Plain (Subhumid–Semi-Arid); Eastern Ghats, TN Uplands & Deccan (Karnataka) Plateau (Semi-Arid)",2,True,"Shared: Eastern Coastal Plain (Subhumid–Semi-Arid) + Eastern Ghats, TN Uplands & Deccan (Karnataka) Plateau (Semi-Arid)",#888888
Virudhunagar,Aruppukkottai,TN,0.0,0.0,0.0,0.0,0.0,0.0,652.3961446190029,0.0,0.0,0.0,0.0,0.0,0.0,"Eastern Ghats, TN Uplands & Deccan (Karnataka) Plateau (Semi-Arid)",1,False,"Eastern Ghats, TN Uplands & Deccan (Karnataka) Plateau (Semi-Arid)",#f4faad
Virudhunagar,Kariapatti,TN,0.0,0.0,0.0,0.0,0.0,0.0,420.2524957507159,0.0,0.0,0.0,0.0,0.0,0.0,"Eastern Ghats, TN Uplands & Deccan (Karnataka) Plateau (Semi-Arid)",1,False,"Eastern Ghats, TN Uplands & Deccan (Karnataka) Plateau (Semi-Arid)",#f4faad
Virudhunagar,Rajapalayam,TN,0.0,0.0,0.0,0.0,0.0,0.0,491.02517833967056,0.0,0.0,0.0,0.0,0.0,2.858694983727169,"Eastern Ghats, TN Uplands & Deccan (Karnataka) Plateau (Semi-Arid); Western Ghats & Coastal Plain (Humid–Perhumid)",2,True,"Shared: Eastern Ghats, TN Uplands & Deccan (Karnataka) Plateau (Semi-Arid) + Western Ghats & Coastal Plain (Humid–Perhumid)",#888888
Virudhunagar,Sattur,TN,0.0,0.0,0.0,0.0,0.0,0.0,515.4061580128375,0.0,0.0,0.0,0.0,0.0,0.0,"Eastern Ghats, TN Uplands & Deccan (Karnataka) Plateau (Semi-Arid)",1,False,"Eastern Ghats, TN Uplands & Deccan (Karnataka) Plateau (Semi-Arid)",#f4faad
Virudhunagar,Sivakasi,TN,0.0,0.0,0.0,0.0,0.0,0.0,599.7248077489448,0.0,0.0,0.0,0.0,0.0,0.0,"Eastern Ghats, TN Uplands & Deccan (Karnataka) Plateau (Semi-Arid)",1,False,"Eastern Ghats, TN Uplands & Deccan (Karnataka) Plateau (Semi-Arid)",#f4faad
Virudhunagar,Srivilliputhur,TN,0.0,0.0,0.0,0.0,0.0,0.0,721.5168672667312,0.0,0.0,0.0,0.0,0.0,0.3610713458121062,"Eastern Ghats, TN Uplands & Deccan (Karnataka) Plateau (Semi-Arid); Western Ghats & Coastal Plain (Humid–Perhumid)",2,True,"Shared: Eastern Ghats, TN Uplands & Deccan (Karnataka) Plateau (Semi-Arid) + Western Ghats & Coastal Plain (Humid–Perhumid)",#888888
Virudhunagar,Tiruchuli,TN,0.0,0.0,0.0,0.0,0.0,0.0,548.4331009871952,0.0,0.0,0.0,0.0,0.0,0.0,"Eastern Ghats, TN Uplands & Deccan (Karnataka) Plateau (Semi-Arid)",1,False,"Eastern Ghats, TN Uplands & Deccan (Karnataka) Plateau (Semi-Arid)",#f4faad
Virudhunagar,Virudhunagar,TN,0.0,0.0,0.0,0.0,0.0,0.0,438.2731275655619,0.0,0.0,0.0,0.0,0.0,0.0,"Eastern Ghats, TN Uplands & Deccan (Karnataka) Plateau (Semi-Arid)",1,False,"Eastern Ghats, TN Uplands & Deccan (Karnataka) Plateau (Semi-Arid)",#f4faad
Adilabad,Adilabad Urban,TS,0.0,0.0,0.0,0.0,420.7160739842689,0.0,0.0,0.0,0.0,0.0,0.0,0.0,0.0,Deccan Plateau (Semi-Arid),1,False,Deccan Plateau (Semi-Arid),#fa9b58
Adilabad,Bazarhatnoor,TS,0.0,0.0,0.0,0.0,263.9598123921511,0.0,0.0,0.0,0.0,0.0,0.0,0.0,0.0,Deccan Plateau (Semi-Arid),1,False,Deccan Plateau (Semi-Arid),#fa9b58
Adilabad,Bela,TS,0.0,0.0,0.0,0.0,310.72960721372874,0.0,0.0,0.0,0.0,0.0,0.0,0.0,0.0,Deccan Plateau (Semi-Arid),1,False,Deccan Plateau (Semi-Arid),#fa9b58
Adilabad,Boath,TS,0.0,0.0,0.0,0.0,401.7141221773103,0.0,0.0,0.0,0.0,0.0,0.0,0.0,0.0,Deccan Plateau (Semi-Arid),1,False,Deccan Plateau (Semi-Arid),#fa9b58
Adilabad,Gudihatnoor,TS,0.0,0.0,0.0,0.0,166.5417708060334,0.0,0.0,0.0,0.0,0.0,0.0,0.0,0.0,Deccan Plateau (Semi-Arid),1,False,Deccan Plateau (Semi-Arid),#fa9b58
Adilabad,Ichoda,TS,0.0,0.0,0.0,0.0,321.67957418061536,0.0,0.0,0.0,0.0,0.0,0.0,0.0,0.0,Deccan Plateau (Semi-Arid),1,False,Deccan Plateau (Semi-Arid),#fa9b58
Adilabad,Inderavelly,TS,0.0,0.0,0.0,0.0,247.6832624626868,0.0,0.0,0.0,0.0,0.0,0.0,0.0,0.0,Deccan Plateau (Semi-Arid),1,False,Deccan Plateau (Semi-Arid),#fa9b58
Adilabad,Jainath,TS,0.0,0.0,0.0,0.0,327.2647087206816,0.0,0.0,0.0,0.0,0.0,0.0,0.0,0.0,Deccan Plateau (Semi-Arid),1,False,Deccan Plateau (Semi-Arid),#fa9b58
Adilabad,Narnoor,TS,0.0,0.0,0.0,0.0,532.9760006751686,0.0,0.0,0.0,0.0,0.0,2.974111271090332,0.0,0.0,Deccan Plateau (Semi-Arid); Eastern Plateau (Chhotanagpur) & Eastern Ghats (Subhumid),2,True,Shared: Deccan Plateau (Semi-Arid) + Eastern Plateau (Chhotanagpur) & Eastern Ghats (Subhumid),#888888
Adilabad,Neradigonda,TS,0.0,0.0,0.0,0.0,384.2154251551661,0.0,0.0,0.0,0.0,0.0,0.0,0.0,0.0,Deccan Plateau (Semi-Arid),1,False,Deccan Plateau (Semi-Arid),#fa9b58
Adilabad,Talamadugu,TS,0.0,0.0,0.0,0.0,318.3469895950618,0.0,0.0,0.0,0.0,0.0,0.0,0.0,0.0,Deccan Plateau (Semi-Arid),1,False,Deccan Plateau (Semi-Arid),#fa9b58
Adilabad,Tamsi,TS,0.0,0.0,0.0,0.0,328.28834265852595,0.0,0.0,0.0,0.0,0.0,0.0,0.0,0.0,Deccan Plateau (Semi-Arid),1,False,Deccan Plateau (Semi-Arid),#fa9b58
Adilabad,Utnoor,TS,0.0,0.0,0.0,0.0,608.7759155289806,0.0,0.0,0.0,0.0,0.0,0.0,0.0,0.0,Deccan Plateau (Semi-Arid),1,False,Deccan Plateau (Semi-Arid),#fa9b58
Bhadradri Kothagudem,Aswapuram,TS,0.0,0.0,0.0,259.09254228524645,0.0,0.0,0.0,0.0,0.0,0.0,0.0,0.0,0.0,Deccan Plateau (Telangana) & Eastern Ghats (Semi-Arid),1,False,Deccan Plateau (Telangana) & Eastern Ghats (Semi-Arid),#fece7c
Bhadradri Kothagudem,Aswaraopeta,TS,0.0,0.0,0.0,675.0117548785499,0.0,0.0,0.0,0.0,0.0,0.0,0.0,0.0,0.0,Deccan Plateau (Telangana) & Eastern Ghats (Semi-Arid),1,False,Deccan Plateau (Telangana) & Eastern Ghats (Semi-Arid),#fece7c
Bhadradri Kothagudem,Burgampahad,TS,0.0,0.0,0.0,185.4951331515887,0.0,0.0,0.0,0.0,0.0,0.0,0.0,0.0,0.0,Deccan Plateau (Telangana) & Eastern Ghats (Semi-Arid),1,False,Deccan Plateau (Telangana) & Eastern Ghats (Semi-Arid),#fece7c
Bhadradri Kothagudem,Chandrugonda,TS,0.0,0.0,0.0,473.4968594284266,0.0,0.0,0.0,0.0,0.0,0.0,0.0,0.0,0.0,Deccan Plateau (Telangana) & Eastern Ghats (Semi-Arid),1,False,Deccan Plateau (Telangana) & Eastern Ghats (Semi-Arid),#fece7c
Bhadradri Kothagudem,Cherla,TS,0.0,0.0,0.0,535.7874328361903,0.0,0.0,0.0,0.0,0.0,0.0,7.598535925901541,0.0,0.0,Deccan Plateau (Telangana) & Eastern Ghats (Semi-Arid); Eastern Plateau (Chhotanagpur) & Eastern Ghats (Subhumid),2,True,Shared: Deccan Plateau (Telangana) & Eastern Ghats (Semi-Arid) + Eastern Plateau (Chhotanagpur) & Eastern Ghats (Subhumid),#888888
Bhadradri Kothagudem,Dammapeta,TS,0.0,0.0,0.0,558.0581893703444,0.0,0.0,0.0,0.0,0.0,0.0,0.0,0.0,0.0,Deccan Plateau (Telangana) & Eastern Ghats (Semi-Arid),1,False,Deccan Plateau (Telangana) & Eastern Ghats (Semi-Arid),#fece7c
Bhadradri Kothagudem,Dummugudem,TS,0.0,0.0,0.0,344.43535958334127,0.0,0.0,0.0,0.0,0.0,0.0,0.0375412481002102,0.0,0.0,Deccan Plateau (Telangana) & Eastern Ghats (Semi-Arid); Eastern Plateau (Chhotanagpur) & Eastern Ghats (Subhumid),2,True,Shared: Deccan Plateau (Telangana) & Eastern Ghats (Semi-Arid) + Eastern Plateau (Chhotanagpur) & Eastern Ghats (Subhumid),#888888
Bhadradri Kothagudem,Gundala,TS,0.0,0.0,0.0,1102.6218074341125,0.0,0.0,0.0,0.0,0.0,0.0,0.0,0.0,0.0,Deccan Plateau (Telangana) & Eastern Ghats (Semi-Arid),1,False,Deccan Plateau (Telangana) & Eastern Ghats (Semi-Arid),#fece7c
Bhadradri Kothagudem,Julurpadu,TS,0.0,0.0,0.0,402.7778676297901,0.0,0.0,0.0,0.0,0.0,0.0,0.0,0.0,0.0,Deccan Plateau (Telangana) & Eastern Ghats (Semi-Arid),1,False,Deccan Plateau (Telangana) & Eastern Ghats (Semi-Arid),#fece7c
Bhadradri Kothagudem,Kothagudem,TS,0.0,0.0,0.0,614.6525147411294,0.0,0.0,0.0,0.0,0.0,0.0,0.0,0.0,0.0,Deccan Plateau (Telangana) & Eastern Ghats (Semi-Arid),1,False,Deccan Plateau (Telangana) & Eastern Ghats (Semi-Arid),#fece7c
Bhadradri Kothagudem,Manuguru,TS,0.0,0.0,0.0,375.6465031326121,0.0,0.0,0.0,0.0,0.0,0.0,0.0,0.0,0.0,Deccan Plateau (Telangana) & Eastern Ghats (Semi-Arid),1,False,Deccan Plateau (Telangana) & Eastern Ghats (Semi-Arid),#fece7c
Bhadradri Kothagudem,Mulkalapally,TS,0.0,0.0,0.0,485.4358527329237,0.0,0.0,0.0,0.0,0.0,0.0,0.0,0.0,0.0,Deccan Plateau (Telangana) & Eastern Ghats (Semi-Arid),1,False,Deccan Plateau (Telangana) & Eastern Ghats (Semi-Arid),#fece7c
Bhadradri Kothagudem,Palvoncha,TS,0.0,0.0,0.0,485.5248040879714,0.0,0.0,0.0,0.0,0.0,0.0,0.0,0.0,0.0,Deccan Plateau (Telangana) & Eastern Ghats (Semi-Arid),1,False,Deccan Plateau (Telangana) & Eastern Ghats (Semi-Arid),#fece7c
Bhadradri Kothagudem,Pinapaka,TS,0.0,0.0,0.0,490.49859210554285,0.0,0.0,0.0,0.0,0.0,0.0,0.0,0.0,0.0,Deccan Plateau (Telangana) & Eastern Ghats (Semi-Arid),1,False,Deccan Plateau (Telangana) & Eastern Ghats (Semi-Arid),#fece7c
Bhadradri Kothagudem,Tekulapalli,TS,0.0,0.0,0.0,444.5105814298088,0.0,0.0,0.0,0.0,0.0,0.0,0.0,0.0,0.0,Deccan Plateau (Telangana) & Eastern Ghats (Semi-Arid),1,False,Deccan Plateau (Telangana) & Eastern Ghats (Semi-Arid),#fece7c
Bhadradri Kothagudem,Yellandu,TS,0.0,0.0,0.0,509.27180165749655,0.0,0.0,0.0,0.0,0.0,0.0,0.0,0.0,0.0,Deccan Plateau (Telangana) & Eastern Ghats (Semi-Arid),1,False,Deccan Plateau (Telangana) & Eastern Ghats (Semi-Arid),#fece7c
Hyderabad,Amberpet,TS,0.0,0.0,0.0,11.9126678733538,0.0,0.0,0.0,0.0,0.0,0.0,0.0,0.0,0.0,Deccan Plateau (Telangana) & Eastern Ghats (Semi-Arid),1,False,Deccan Plateau (Telangana) & Eastern Ghats (Semi-Arid),#fece7c
Hyderabad,Ameerpet,TS,0.0,0.0,0.0,7.640559138482327,0.0,0.0,0.0,0.0,0.0,0.0,0.0,0.0,0.0,Deccan Plateau (Telangana) & Eastern Ghats (Semi-Arid),1,False,Deccan Plateau (Telangana) & Eastern Ghats (Semi-Arid),#fece7c
Hyderabad,Asif Nagar,TS,0.0,0.0,0.0,13.080044226487614,0.0,0.0,0.0,0.0,0.0,0.0,0.0,0.0,0.0,Deccan Plateau (Telangana) & Eastern Ghats (Semi-Arid),1,False,Deccan Plateau (Telangana) & Eastern Ghats (Semi-Arid),#fece7c
Hyderabad,Bahadurpura,TS,0.0,0.0,0.0,21.898350888432887,0.0,0.0,0.0,0.0,0.0,0.0,0.0,0.0,0.0,Deccan Plateau (Telangana) & Eastern Ghats (Semi-Arid),1,False,Deccan Plateau (Telangana) & Eastern Ghats (Semi-Arid),#fece7c
Hyderabad,Bandlaguda,TS,0.0,0.0,0.0,20.1868589668498,0.0,0.0,0.0,0.0,0.0,0.0,0.0,0.0,0.0,Deccan Plateau (Telangana) & Eastern Ghats (Semi-Arid),1,False,Deccan Plateau (Telangana) & Eastern Ghats (Semi-Arid),#fece7c
Hyderabad,Charminar,TS,0.0,0.0,0.0,7.979874873987109,0.0,0.0,0.0,0.0,0.0,0.0,0.0,0.0,0.0,Deccan Plateau (Telangana) & Eastern Ghats (Semi-Arid),1,False,Deccan Plateau (Telangana) & Eastern Ghats (Semi-Arid),#fece7c
Hyderabad,Golconda,TS,0.0,0.0,0.0,13.756971259540672,0.0,0.0,0.0,0.0,0.0,0.0,0.0,0.0,0.0,Deccan Plateau (Telangana) & Eastern Ghats (Semi-Arid),1,False,Deccan Plateau (Telangana) & Eastern Ghats (Semi-Arid),#fece7c
Hyderabad,Himayatnagar,TS,0.0,0.0,0.0,11.359349347936412,0.0,0.0,0.0,0.0,0.0,0.0,0.0,0.0,0.0,Deccan Plateau (Telangana) & Eastern Ghats (Semi-Arid),1,False,Deccan Plateau (Telangana) & Eastern Ghats (Semi-Arid),#fece7c
Hyderabad,Khairatabad,TS,0.0,0.0,0.0,19.33374418427216,0.0,0.0,0.0,0.0,0.0,0.0,0.0,0.0,0.0,Deccan Plateau (Telangana) & Eastern Ghats (Semi-Arid),1,False,Deccan Plateau (Telangana) & Eastern Ghats (Semi-Arid),#fece7c
Hyderabad,Marredpally,TS,0.0,0.0,0.0,12.10041905830289,0.0,0.0,0.0,0.0,0.0,0.0,0.0,0.0,0.0,Deccan Plateau (Telangana) & Eastern Ghats (Semi-Arid),1,False,Deccan Plateau (Telangana) & Eastern Ghats (Semi-Arid),#fece7c
Hyderabad,Musheerabad,TS,0.0,0.0,0.0,13.39098581452468,0.0,0.0,0.0,0.0,0.0,0.0,0.0,0.0,0.0,Deccan Plateau (Telangana) & Eastern Ghats (Semi-Arid),1,False,Deccan Plateau (Telangana) & Eastern Ghats (Semi-Arid),#fece7c
Hyderabad,Nampally,TS,0.0,0.0,0.0,8.19738551371954,0.0,0.0,0.0,0.0,0.0,0.0,0.0,0.0,0.0,Deccan Plateau (Telangana) & Eastern Ghats (Semi-Arid),1,False,Deccan Plateau (Telangana) & Eastern Ghats (Semi-Arid),#fece7c
Hyderabad,Saidabad,TS,0.0,0.0,0.0,5.278528889282738,0.0,0.0,0.0,0.0,0.0,0.0,0.0,0.0,0.0,Deccan Plateau (Telangana) & Eastern Ghats (Semi-Arid),1,False,Deccan Plateau (Telangana) & Eastern Ghats (Semi-Arid),#fece7c
Hyderabad,Secunderabad,TS,0.0,0.0,0.0,10.376783738026504,0.0,0.0,0.0,0.0,0.0,0.0,0.0,0.0,0.0,Deccan Plateau (Telangana) & Eastern Ghats (Semi-Arid),1,False,Deccan Plateau (Telangana) & Eastern Ghats (Semi-Arid),#fece7c
Hyderabad,Shaikpet,TS,0.0,0.0,0.0,28.45698276435092,0.0,0.0,0.0,0.0,0.0,0.0,0.0,0.0,0.0,Deccan Plateau (Telangana) & Eastern Ghats (Semi-Arid),1,False,Deccan Plateau (Telangana) & Eastern Ghats (Semi-Arid),#fece7c
Hyderabad,Tirumalgiri,TS,0.0,0.0,0.0,28.14471722685393,0.0,0.0,0.0,0.0,0.0,0.0,0.0,0.0,0.0,Deccan Plateau (Telangana) & Eastern Ghats (Semi-Arid),1,False,Deccan Plateau (Telangana) & Eastern Ghats (Semi-Arid),#fece7c
Jagitial,Dharmapuri,TS,0.0,0.0,0.0,257.09556520991646,35.585742393477574,0.0,0.0,0.0,0.0,0.0,0.0,0.0,0.0,Deccan Plateau (Telangana) & Eastern Ghats (Semi-Arid); Deccan Plateau (Semi-Arid),2,True,Shared: Deccan Plateau (Telangana) & Eastern Ghats (Semi-Arid) + Deccan Plateau (Semi-Arid),#888888
Jagitial,Gollapalli,TS,0.0,0.0,0.0,173.71222920090193,0.0,0.0,0.0,0.0,0.0,0.0,0.0,0.0,0.0,Deccan Plateau (Telangana) & Eastern Ghats (Semi-Arid),1,False,Deccan Plateau (Telangana) & Eastern Ghats (Semi-Arid),#fece7c
Jagitial,Ibrahimpatnam,TS,0.0,0.0,0.0,12.477212936824955,165.01473302924106,0.0,0.0,0.0,0.0,0.0,0.0,0.0,0.0,Deccan Plateau (Telangana) & Eastern Ghats (Semi-Arid); Deccan Plateau (Semi-Arid),2,True,Shared: Deccan Plateau (Telangana) & Eastern Ghats (Semi-Arid) + Deccan Plateau (Semi-Arid),#888888
Jagitial,Jagitial,TS,0.0,0.0,0.0,240.6262394286573,0.0,0.0,0.0,0.0,0.0,0.0,0.0,0.0,0.0,Deccan Plateau (Telangana) & Eastern Ghats (Semi-Arid),1,False,Deccan Plateau (Telangana) & Eastern Ghats (Semi-Arid),#fece7c
Jagitial,Kathlapur,TS,0.0,0.0,0.0,208.5598568773673,6.116852167832573,0.0,0.0,0.0,0.0,0.0,0.0,0.0,0.0,Deccan Plateau (Telangana) & Eastern Ghats (Semi-Arid); Deccan Plateau (Semi-Arid),2,True,Shared: Deccan Plateau (Telangana) & Eastern Ghats (Semi-Arid) + Deccan Plateau (Semi-Arid),#888888
Jagitial,Kodimial,TS,0.0,0.0,0.0,188.0335037361278,0.0,0.0,0.0,0.0,0.0,0.0,0.0,0.0,0.0,Deccan Plateau (Telangana) & Eastern Ghats (Semi-Arid),1,False,Deccan Plateau (Telangana) & Eastern Ghats (Semi-Arid),#fece7c
Jagitial,Korutla,TS,0.0,0.0,0.0,178.9475908957139,0.0,0.0,0.0,0.0,0.0,0.0,0.0,0.0,0.0,Deccan Plateau (Telangana) & Eastern Ghats (Semi-Arid),1,False,Deccan Plateau (Telangana) & Eastern Ghats (Semi-Arid),#fece7c
Jagitial,Mallapur,TS,0.0,0.0,0.0,193.9542924717041,65.506991186256,0.0,0.0,0.0,0.0,0.0,0.0,0.0,0.0,Deccan Plateau (Telangana) & Eastern Ghats (Semi-Arid); Deccan Plateau (Semi-Arid),2,True,Shared: Deccan Plateau (Telangana) & Eastern Ghats (Semi-Arid) + Deccan Plateau (Semi-Arid),#888888
Jagitial,Mallial,TS,0.0,0.0,0.0,170.07068752012162,0.0,0.0,0.0,0.0,0.0,0.0,0.0,0.0,0.0,Deccan Plateau (Telangana) & Eastern Ghats (Semi-Arid),1,False,Deccan Plateau (Telangana) & Eastern Ghats (Semi-Arid),#fece7c
Jagitial,Medipalli,TS,0.0,0.0,0.0,223.5212644480353,0.0,0.0,0.0,0.0,0.0,0.0,0.0,0.0,0.0,Deccan Plateau (Telangana) & Eastern Ghats (Semi-Arid),1,False,Deccan Plateau (Telangana) & Eastern Ghats (Semi-Arid),#fece7c
Jagitial,Metpalli,TS,0.0,0.0,0.0,77.22381756754113,80.95248831950752,0.0,0.0,0.0,0.0,0.0,0.0,0.0,0.0,Deccan Plateau (Telangana) & Eastern Ghats (Semi-Arid); Deccan Plateau (Semi-Arid),2,True,Shared: Deccan Plateau (Telangana) & Eastern Ghats (Semi-Arid) + Deccan Plateau (Semi-Arid),#888888
Jagitial,Pegadapalli,TS,0.0,0.0,0.0,177.11602791525277,0.0,0.0,0.0,0.0,0.0,0.0,0.0,0.0,0.0,Deccan Plateau (Telangana) & Eastern Ghats (Semi-Arid),1,False,Deccan Plateau (Telangana) & Eastern Ghats (Semi-Arid),#fece7c
Jagitial,Raikal,TS,0.0,0.0,0.0,251.0985584982538,29.861674150493663,0.0,0.0,0.0,0.0,0.0,0.0,0.0,0.0,Deccan Plateau (Telangana) & Eastern Ghats (Semi-Arid); Deccan Plateau (Semi-Arid),2,True,Shared: Deccan Plateau (Telangana) & Eastern Ghats (Semi-Arid) + Deccan Plateau (Semi-Arid),#888888
Jagitial,Sarangapur,TS,0.0,0.0,0.0,279.60296533510314,21.501269838348403,0.0,0.0,0.0,0.0,0.0,0.0,0.0,0.0,Deccan Plateau (Telangana) & Eastern Ghats (Semi-Arid); Deccan Plateau (Semi-Arid),2,True,Shared: Deccan Plateau (Telangana) & Eastern Ghats (Semi-Arid) + Deccan Plateau (Semi-Arid),#888888
Jagitial,Velgatur,TS,0.0,0.0,0.0,194.18805714649395,0.0,0.0,0.0,0.0,0.0,0.0,0.0,0.0,0.0,Deccan Plateau (Telangana) & Eastern Ghats (Semi-Arid),1,False,Deccan Plateau (Telangana) & Eastern Ghats (Semi-Arid),#fece7c
Jangoan,Bachannapet,TS,0.0,0.0,0.0,231.21724137348045,0.0,0.0,0.0,0.0,0.0,0.0,0.0,0.0,0.0,Deccan Plateau (Telangana) & Eastern Ghats (Semi-Arid),1,False,Deccan Plateau (Telangana) & Eastern Ghats (Semi-Arid),#fece7c
Jangoan,Devaruppula,TS,0.0,0.0,0.0,208.0211299993098,0.0,0.0,0.0,0.0,0.0,0.0,0.0,0.0,0.0,Deccan Plateau (Telangana) & Eastern Ghats (Semi-Arid),1,False,Deccan Plateau (Telangana) & Eastern Ghats (Semi-Arid),#fece7c
Jangoan,Ghanpur (Station),TS,0.0,0.0,0.0,367.96180214564833,0.0,0.0,0.0,0.0,0.0,0.0,0.0,0.0,0.0,Deccan Plateau (Telangana) & Eastern Ghats (Semi-Arid),1,False,Deccan Plateau (Telangana) & Eastern Ghats (Semi-Arid),#fece7c
Jangoan,Jangoan,TS,0.0,0.0,0.0,228.4467421953119,0.0,0.0,0.0,0.0,0.0,0.0,0.0,0.0,0.0,Deccan Plateau (Telangana) & Eastern Ghats (Semi-Arid),1,False,Deccan Plateau (Telangana) & Eastern Ghats (Semi-Arid),#fece7c
Jangoan,Kodakandla,TS,0.0,0.0,0.0,206.02092935528864,0.0,0.0,0.0,0.0,0.0,0.0,0.0,0.0,0.0,Deccan Plateau (Telangana) & Eastern Ghats (Semi-Arid),1,False,Deccan Plateau (Telangana) & Eastern Ghats (Semi-Arid),#fece7c
Jangoan,Lingalaghanpur,TS,0.0,0.0,0.0,212.29955166235868,0.0,0.0,0.0,0.0,0.0,0.0,0.0,0.0,0.0,Deccan Plateau (Telangana) & Eastern Ghats (Semi-Arid),1,False,Deccan Plateau (Telangana) & Eastern Ghats (Semi-Arid),#fece7c
Jangoan,Narmetta,TS,0.0,0.0,0.0,239.11028416956208,0.0,0.0,0.0,0.0,0.0,0.0,0.0,0.0,0.0,Deccan Plateau (Telangana) & Eastern Ghats (Semi-Arid),1,False,Deccan Plateau (Telangana) & Eastern Ghats (Semi-Arid),#fece7c
Jangoan,Palakurthy,TS,0.0,0.0,0.0,281.2430726309905,0.0,0.0,0.0,0.0,0.0,0.0,0.0,0.0,0.0,Deccan Plateau (Telangana) & Eastern Ghats (Semi-Arid),1,False,Deccan Plateau (Telangana) & Eastern Ghats (Semi-Arid),#fece7c
Jangoan,Ragunathpally,TS,0.0,0.0,0.0,288.96388494593725,0.0,0.0,0.0,0.0,0.0,0.0,0.0,0.0,0.0,Deccan Plateau (Telangana) & Eastern Ghats (Semi-Arid),1,False,Deccan Plateau (Telangana) & Eastern Ghats (Semi-Arid),#fece7c
Jangoan,Zaffergadh,TS,0.0,0.0,0.0,211.3777687134001,0.0,0.0,0.0,0.0,0.0,0.0,0.0,0.0,0.0,Deccan Plateau (Telangana) & Eastern Ghats (Semi-Arid),1,False,Deccan Plateau (Telangana) & Eastern Ghats (Semi-Arid),#fece7c
Jayashankar Bhupalapally,Bhupalpally,TS,0.0,0.0,0.0,397.57491478934736,0.0,0.0,0.0,0.0,0.0,0.0,0.0,0.0,0.0,Deccan Plateau (Telangana) & Eastern Ghats (Semi-Arid),1,False,Deccan Plateau (Telangana) & Eastern Ghats (Semi-Arid),#fece7c
Jayashankar Bhupalapally,Chityal,TS,0.0,0.0,0.0,345.9015874669466,0.0,0.0,0.0,0.0,0.0,0.0,0.0,0.0,0.0,Deccan Plateau (Telangana) & Eastern Ghats (Semi-Arid),1,False,Deccan Plateau (Telangana) & Eastern Ghats (Semi-Arid),#fece7c
Jayashankar Bhupalapally,Ghanpur (Mulug),TS,0.0,0.0,0.0,127.71105024344588,0.0,0.0,0.0,0.0,0.0,0.0,0.0,0.0,0.0,Deccan Plateau (Telangana) & Eastern Ghats (Semi-Arid),1,False,Deccan Plateau (Telangana) & Eastern Ghats (Semi-Arid),#fece7c
Jayashankar Bhupalapally,Kataram,TS,0.0,0.0,0.0,313.464056788065,0.0,0.0,0.0,0.0,0.0,0.0,0.0,0.0,0.0,Deccan Plateau (Telangana) & Eastern Ghats (Semi-Arid),1,False,Deccan Plateau (Telangana) & Eastern Ghats (Semi-Arid),#fece7c
Jayashankar Bhupalapally,Mahadevpur,TS,0.0,0.0,0.0,572.4548994293783,36.68361577079861,0.0,0.0,0.0,0.0,0.0,9.343851956527542,0.0,0.0,Deccan Plateau (Telangana) & Eastern Ghats (Semi-Arid); Deccan Plateau (Semi-Arid); Eastern Plateau (Chhotanagpur) & Eastern Ghats (Subhumid),3,True,Shared: Deccan Plateau (Telangana) & Eastern Ghats (Semi-Arid) + Deccan Plateau (Semi-Arid) + Eastern Plateau (Chhotanagpur) & Eastern Ghats (Subhumid),#888888
Jayashankar Bhupalapally,Malharrao,TS,0.0,0.0,0.0,369.1117690675382,0.0,0.0,0.0,0.0,0.0,0.0,0.0,0.0,0.0,Deccan Plateau (Telangana) & Eastern Ghats (Semi-Arid),1,False,Deccan Plateau (Telangana) & Eastern Ghats (Semi-Arid),#fece7c
Jayashankar Bhupalapally,Mogullapally,TS,0.0,0.0,0.0,163.38376471170363,0.0,0.0,0.0,0.0,0.0,0.0,0.0,0.0,0.0,Deccan Plateau (Telangana) & Eastern Ghats (Semi-Arid),1,False,Deccan Plateau (Telangana) & Eastern Ghats (Semi-Arid),#fece7c
Jayashankar Bhupalapally,Mutharam Mahadevpur,TS,0.0,0.0,0.0,723.4359851535141,0.0,0.0,0.0,0.0,0.0,0.0,0.0,0.0,0.0,Deccan Plateau (Telangana) & Eastern Ghats (Semi-Arid),1,False,Deccan Plateau (Telangana) & Eastern Ghats (Semi-Arid),#fece7c
Jayashankar Bhupalapally,Regonda,TS,0.0,0.0,0.0,247.8960324567444,0.0,0.0,0.0,0.0,0.0,0.0,0.0,0.0,0.0,Deccan Plateau (Telangana) & Eastern Ghats (Semi-Arid),1,False,Deccan Plateau (Telangana) & Eastern Ghats (Semi-Arid),#fece7c
Jogulamba Gadwal,Alampur,TS,0.0,0.0,0.0,296.93668284678824,0.0,0.0,0.0,0.0,0.0,0.0,0.0,0.0,0.0,Deccan Plateau (Telangana) & Eastern Ghats (Semi-Arid),1,False,Deccan Plateau (Telangana) & Eastern Ghats (Semi-Arid),#fece7c
Jogulamba Gadwal,Dharoor,TS,0.0,0.0,0.0,350.1654474743034,0.0,0.0,0.0,0.0,0.0,0.0,0.0,0.0,0.0,Deccan Plateau (Telangana) & Eastern Ghats (Semi-Arid),1,False,Deccan Plateau (Telangana) & Eastern Ghats (Semi-Arid),#fece7c
Jogulamba Gadwal,Gadwal,TS,0.0,0.0,0.0,288.54626552345934,0.0,0.0,0.0,0.0,0.0,0.0,0.0,0.0,0.0,Deccan Plateau (Telangana) & Eastern Ghats (Semi-Arid),1,False,Deccan Plateau (Telangana) & Eastern Ghats (Semi-Arid),#fece7c
Jogulamba Gadwal,Ghattu,TS,0.0,0.0,0.0,369.49853555519945,0.0,0.0,0.0,0.0,0.0,0.0,0.0,0.0,0.0,Deccan Plateau (Telangana) & Eastern Ghats (Semi-Arid),1,False,Deccan Plateau (Telangana) & Eastern Ghats (Semi-Arid),#fece7c
Jogulamba Gadwal,Ieeja,TS,0.0,0.0,0.0,320.71147339504046,0.0,0.0,0.0,0.0,0.0,0.0,0.0,0.0,0.0,Deccan Plateau (Telangana) & Eastern Ghats (Semi-Arid),1,False,Deccan Plateau (Telangana) & Eastern Ghats (Semi-Arid),#fece7c
Jogulamba Gadwal,Itikyala,TS,0.0,0.0,0.0,305.95029417651165,0.0,0.0,0.0,0.0,0.0,0.0,0.0,0.0,0.0,Deccan Plateau (Telangana) & Eastern Ghats (Semi-Arid),1,False,Deccan Plateau (Telangana) & Eastern Ghats (Semi-Arid),#fece7c
Jogulamba Gadwal,Maldakal,TS,0.0,0.0,0.0,282.77365665897145,0.0,0.0,0.0,0.0,0.0,0.0,0.0,0.0,0.0,Deccan Plateau (Telangana) & Eastern Ghats (Semi-Arid),1,False,Deccan Plateau (Telangana) & Eastern Ghats (Semi-Arid),#fece7c
Jogulamba Gadwal,Manopad,TS,0.0,0.0,0.0,302.369789748992,0.0,0.0,0.0,0.0,0.0,0.0,0.0,0.0,0.0,Deccan Plateau (Telangana) & Eastern Ghats (Semi-Arid),1,False,Deccan Plateau (Telangana) & Eastern Ghats (Semi-Arid),#fece7c
Jogulamba Gadwal,Waddepally,TS,0.0,0.0,0.0,280.65777115626594,0.0,0.0,0.0,0.0,0.0,0.0,0.0,0.0,0.0,Deccan Plateau (Telangana) & Eastern Ghats (Semi-Arid),1,False,Deccan Plateau (Telangana) & Eastern Ghats (Semi-Arid),#fece7c
Kamareddy,Banswada,TS,0.0,0.0,0.0,0.0,164.01198721982823,0.0,0.0,0.0,0.0,0.0,0.0,0.0,0.0,Deccan Plateau (Semi-Arid),1,False,Deccan Plateau (Semi-Arid),#fa9b58
Kamareddy,Bhiknoor,TS,0.0,0.0,0.0,55.8610904739696,156.0583672520306,0.0,0.0,0.0,0.0,0.0,0.0,0.0,0.0,Deccan Plateau (Telangana) & Eastern Ghats (Semi-Arid); Deccan Plateau (Semi-Arid),2,True,Shared: Deccan Plateau (Telangana) & Eastern Ghats (Semi-Arid) + Deccan Plateau (Semi-Arid),#888888
Kamareddy,Bichkunda,TS,0.0,0.0,0.0,2.2528679465222328,294.3368846127768,0.0,0.0,0.0,0.0,0.0,0.0,0.0,0.0,Deccan Plateau (Telangana) & Eastern Ghats (Semi-Arid); Deccan Plateau (Semi-Arid),2,True,Shared: Deccan Plateau (Telangana) & Eastern Ghats (Semi-Arid) + Deccan Plateau (Semi-Arid),#888888
Kamareddy,Birkur,TS,0.0,0.0,0.0,0.0,201.746946066172,0.0,0.0,0.0,0.0,0.0,0.0,0.0,0.0,Deccan Plateau (Semi-Arid),1,False,Deccan Plateau (Semi-Arid),#fa9b58
Kamareddy,Domakonda,TS,0.0,0.0,0.0,17.227315876701248,159.3133702811714,0.0,0.0,0.0,0.0,0.0,0.0,0.0,0.0,Deccan Plateau (Telangana) & Eastern Ghats (Semi-Arid); Deccan Plateau (Semi-Arid),2,True,Shared: Deccan Plateau (Telangana) & Eastern Ghats (Semi-Arid) + Deccan Plateau (Semi-Arid),#888888
Kamareddy,Gandhari,TS,0.0,0.0,0.0,0.0,367.7555446470657,0.0,0.0,0.0,0.0,0.0,0.0,0.0,0.0,Deccan Plateau (Semi-Arid),1,False,Deccan Plateau (Semi-Arid),#fa9b58
Kamareddy,Jukkal,TS,0.0,0.0,0.0,1.8061659328505064,256.4883230360172,0.0,0.0,0.0,0.0,0.0,0.0,0.0,0.0,Deccan Plateau (Telangana) & Eastern Ghats (Semi-Arid); Deccan Plateau (Semi-Arid),2,True,Shared: Deccan Plateau (Telangana) & Eastern Ghats (Semi-Arid) + Deccan Plateau (Semi-Arid),#888888
Kamareddy,Kamareddy,TS,0.0,0.0,0.0,0.0,141.58861937478494,0.0,0.0,0.0,0.0,0.0,0.0,0.0,0.0,Deccan Plateau (Semi-Arid),1,False,Deccan Plateau (Semi-Arid),#fa9b58
Kamareddy,Lingampet,TS,0.0,0.0,0.0,0.0,276.7505572593151,0.0,0.0,0.0,0.0,0.0,0.0,0.0,0.0,Deccan Plateau (Semi-Arid),1,False,Deccan Plateau (Semi-Arid),#fa9b58
Kamareddy,Machareddy,TS,0.0,0.0,0.0,0.0,355.19904953237005,0.0,0.0,0.0,0.0,0.0,0.0,0.0,0.0,Deccan Plateau (Semi-Arid),1,False,Deccan Plateau (Semi-Arid),#fa9b58
Kamareddy,Madnoor,TS,0.0,0.0,0.0,0.0,254.08505920350743,0.0,0.0,0.0,0.0,0.0,0.0,0.0,0.0,Deccan Plateau (Semi-Arid),1,False,Deccan Plateau (Semi-Arid),#fa9b58
Kamareddy,Nagireddypet,TS,0.0,0.0,0.0,36.03094587373693,128.85085310160315,0.0,0.0,0.0,0.0,0.0,0.0,0.0,0.0,Deccan Plateau (Telangana) & Eastern Ghats (Semi-Arid); Deccan Plateau (Semi-Arid),2,True,Shared: Deccan Plateau (Telangana) & Eastern Ghats (Semi-Arid) + Deccan Plateau (Semi-Arid),#888888
Kamareddy,Nizamsagar,TS,0.0,0.0,0.0,12.648387566118553,263.21132585343577,0.0,0.0,0.0,0.0,0.0,0.0,0.0,0.0,Deccan Plateau (Telangana) & Eastern Ghats (Semi-Arid); Deccan Plateau (Semi-Arid),2,True,Shared: Deccan Plateau (Telangana) & Eastern Ghats (Semi-Arid) + Deccan Plateau (Semi-Arid),#888888
Kamareddy,Pitlam,TS,0.0,0.0,0.0,20.810640677697474,188.5691564294613,0.0,0.0,0.0,0.0,0.0,0.0,0.0,0.0,Deccan Plateau (Telangana) & Eastern Ghats (Semi-Arid); Deccan Plateau (Semi-Arid),2,True,Shared: Deccan Plateau (Telangana) & Eastern Ghats (Semi-Arid) + Deccan Plateau (Semi-Arid),#888888
Kamareddy,Sadashivanagar,TS,0.0,0.0,0.0,0.0,304.76299400777714,0.0,0.0,0.0,0.0,0.0,0.0,0.0,0.0,Deccan Plateau (Semi-Arid),1,False,Deccan Plateau (Semi-Arid),#fa9b58
Kamareddy,Tadwai,TS,0.0,0.0,0.0,7.426353571987566,271.19577865968387,0.0,0.0,0.0,0.0,0.0,0.0,0.0,0.0,Deccan Plateau (Telangana) & Eastern Ghats (Semi-Arid); Deccan Plateau (Semi-Arid),2,True,Shared: Deccan Plateau (Telangana) & Eastern Ghats (Semi-Arid) + Deccan Plateau (Semi-Arid),#888888
Kamareddy,Yellareddy,TS,0.0,0.0,0.0,0.0,218.45638222573947,0.0,0.0,0.0,0.0,0.0,0.0,0.0,0.0,Deccan Plateau (Semi-Arid),1,False,Deccan Plateau (Semi-Arid),#fa9b58
Karimnagar,Chigurumamidi,TS,0.0,0.0,0.0,165.54948246793674,0.0,0.0,0.0,0.0,0.0,0.0,0.0,0.0,0.0,Deccan Plateau (Telangana) & Eastern Ghats (Semi-Arid),1,False,Deccan Plateau (Telangana) & Eastern Ghats (Semi-Arid),#fece7c
Karimnagar,Choppadandi,TS,0.0,0.0,0.0,159.20202367771083,0.0,0.0,0.0,0.0,0.0,0.0,0.0,0.0,0.0,Deccan Plateau (Telangana) & Eastern Ghats (Semi-Arid),1,False,Deccan Plateau (Telangana) & Eastern Ghats (Semi-Arid),#fece7c
Karimnagar,Gangadhara,TS,0.0,0.0,0.0,195.73027354750923,0.0,0.0,0.0,0.0,0.0,0.0,0.0,0.0,0.0,Deccan Plateau (Telangana) & Eastern Ghats (Semi-Arid),1,False,Deccan Plateau (Telangana) & Eastern Ghats (Semi-Arid),#fece7c
Karimnagar,Huzurabad,TS,0.0,0.0,0.0,148.98338889572307,0.0,0.0,0.0,0.0,0.0,0.0,0.0,0.0,0.0,Deccan Plateau (Telangana) & Eastern Ghats (Semi-Arid),1,False,Deccan Plateau (Telangana) & Eastern Ghats (Semi-Arid),#fece7c
Karimnagar,Jammikunta,TS,0.0,0.0,0.0,245.3681721075949,0.0,0.0,0.0,0.0,0.0,0.0,0.0,0.0,0.0,Deccan Plateau (Telangana) & Eastern Ghats (Semi-Arid),1,False,Deccan Plateau (Telangana) & Eastern Ghats (Semi-Arid),#fece7c
Karimnagar,Karimnagar Rural,TS,0.0,0.0,0.0,256.3089658250167,0.0,0.0,0.0,0.0,0.0,0.0,0.0,0.0,0.0,Deccan Plateau (Telangana) & Eastern Ghats (Semi-Arid),1,False,Deccan Plateau (Telangana) & Eastern Ghats (Semi-Arid),#fece7c
Karimnagar,Manakondur,TS,0.0,0.0,0.0,245.84093433505737,0.0,0.0,0.0,0.0,0.0,0.0,0.0,0.0,0.0,Deccan Plateau (Telangana) & Eastern Ghats (Semi-Arid),1,False,Deccan Plateau (Telangana) & Eastern Ghats (Semi-Arid),#fece7c
Karimnagar,Ramadugu,TS,0.0,0.0,0.0,147.57321702093154,0.0,0.0,0.0,0.0,0.0,0.0,0.0,0.0,0.0,Deccan Plateau (Telangana) & Eastern Ghats (Semi-Arid),1,False,Deccan Plateau (Telangana) & Eastern Ghats (Semi-Arid),#fece7c
Karimnagar,Shankarapatnam,TS,0.0,0.0,0.0,164.98013440592564,0.0,0.0,0.0,0.0,0.0,0.0,0.0,0.0,0.0,Deccan Plateau (Telangana) & Eastern Ghats (Semi-Arid),1,False,Deccan Plateau (Telangana) & Eastern Ghats (Semi-Arid),#fece7c
Karimnagar,Thimmapur Lmd,TS,0.0,0.0,0.0,162.35999161462203,0.0,0.0,0.0,0.0,0.0,0.0,0.0,0.0,0.0,Deccan Plateau (Telangana) & Eastern Ghats (Semi-Arid),1,False,Deccan Plateau (Telangana) & Eastern Ghats (Semi-Arid),#fece7c
Karimnagar,V.Saidapur,TS,0.0,0.0,0.0,152.384687301052,0.0,0.0,0.0,0.0,0.0,0.0,0.0,0.0,0.0,Deccan Plateau (Telangana) & Eastern Ghats (Semi-Arid),1,False,Deccan Plateau (Telangana) & Eastern Ghats (Semi-Arid),#fece7c
Karimnagar,Veenavanka,TS,0.0,0.0,0.0,162.0769608685255,0.0,0.0,0.0,0.0,0.0,0.0,0.0,0.0,0.0,Deccan Plateau (Telangana) & Eastern Ghats (Semi-Arid),1,False,Deccan Plateau (Telangana) & Eastern Ghats (Semi-Arid),#fece7c
Khammam,Bonakal,TS,0.0,0.0,0.0,176.14967451727262,0.0,0.0,0.0,0.0,0.0,0.0,0.0,0.0,0.0,Deccan Plateau (Telangana) & Eastern Ghats (Semi-Arid),1,False,Deccan Plateau (Telangana) & Eastern Ghats (Semi-Arid),#fece7c
Khammam,Chinthakani,TS,0.0,0.0,0.0,215.5004960760114,0.0,0.0,0.0,0.0,0.0,0.0,0.0,0.0,0.0,Deccan Plateau (Telangana) & Eastern Ghats (Semi-Arid),1,False,Deccan Plateau (Telangana) & Eastern Ghats (Semi-Arid),#fece7c
Khammam,Enkoor,TS,0.0,0.0,0.0,207.5958270481202,0.0,0.0,0.0,0.0,0.0,0.0,0.0,0.0,0.0,Deccan Plateau (Telangana) & Eastern Ghats (Semi-Arid),1,False,Deccan Plateau (Telangana) & Eastern Ghats (Semi-Arid),#fece7c
Khammam,Kalluru,TS,0.0,0.0,0.0,270.15369997475324,0.0,0.0,0.0,0.0,0.0,0.0,0.0,0.0,0.0,Deccan Plateau (Telangana) & Eastern Ghats (Semi-Arid),1,False,Deccan Plateau (Telangana) & Eastern Ghats (Semi-Arid),#fece7c
Khammam,Kamepalli,TS,0.0,0.0,0.0,202.67190620071992,0.0,0.0,0.0,0.0,0.0,0.0,0.0,0.0,0.0,Deccan Plateau (Telangana) & Eastern Ghats (Semi-Arid),1,False,Deccan Plateau (Telangana) & Eastern Ghats (Semi-Arid),#fece7c
Khammam,Khammam (Rural),TS,0.0,0.0,0.0,256.5295811073464,0.0,0.0,0.0,0.0,0.0,0.0,0.0,0.0,0.0,Deccan Plateau (Telangana) & Eastern Ghats (Semi-Arid),1,False,Deccan Plateau (Telangana) & Eastern Ghats (Semi-Arid),#fece7c
Khammam,Konijerla,TS,0.0,0.0,0.0,258.14251196945344,0.0,0.0,0.0,0.0,0.0,0.0,0.0,0.0,0.0,Deccan Plateau (Telangana) & Eastern Ghats (Semi-Arid),1,False,Deccan Plateau (Telangana) & Eastern Ghats (Semi-Arid),#fece7c
Khammam,Kusumanchi,TS,0.0,0.0,0.0,239.33611391266163,0.0,0.0,0.0,0.0,0.0,0.0,0.0,0.0,0.0,Deccan Plateau (Telangana) & Eastern Ghats (Semi-Arid),1,False,Deccan Plateau (Telangana) & Eastern Ghats (Semi-Arid),#fece7c
Khammam,Madhira,TS,0.0,0.0,0.0,234.39193916434843,0.0,0.0,0.0,0.0,0.0,0.0,0.0,0.0,0.0,Deccan Plateau (Telangana) & Eastern Ghats (Semi-Arid),1,False,Deccan Plateau (Telangana) & Eastern Ghats (Semi-Arid),#fece7c
Khammam,Mudigonda,TS,0.0,0.0,0.0,206.52685890857165,0.0,0.0,0.0,0.0,0.0,0.0,0.0,0.0,0.0,Deccan Plateau (Telangana) & Eastern Ghats (Semi-Arid),1,False,Deccan Plateau (Telangana) & Eastern Ghats (Semi-Arid),#fece7c
Khammam,Nelakondapalli,TS,0.0,0.0,0.0,209.48792518479684,0.0,0.0,0.0,0.0,0.0,0.0,0.0,0.0,0.0,Deccan Plateau (Telangana) & Eastern Ghats (Semi-Arid),1,False,Deccan Plateau (Telangana) & Eastern Ghats (Semi-Arid),#fece7c
Khammam,Penuballi,TS,0.0,0.0,0.0,280.5901552411632,0.0,0.0,0.0,0.0,0.0,0.0,0.0,0.0,0.0,Deccan Plateau (Telangana) & Eastern Ghats (Semi-Arid),1,False,Deccan Plateau (Telangana) & Eastern Ghats (Semi-Arid),#fece7c
Khammam,Raghunadhapalem,TS,0.0,0.0,0.0,255.1587339464372,0.0,0.0,0.0,0.0,0.0,0.0,0.0,0.0,0.0,Deccan Plateau (Telangana) & Eastern Ghats (Semi-Arid),1,False,Deccan Plateau (Telangana) & Eastern Ghats (Semi-Arid),#fece7c
Khammam,Sathupalli,TS,0.0,0.0,0.0,250.90315791597405,0.0,0.0,0.0,0.0,0.0,0.0,0.0,0.0,0.0,Deccan Plateau (Telangana) & Eastern Ghats (Semi-Arid),1,False,Deccan Plateau (Telangana) & Eastern Ghats (Semi-Arid),#fece7c
Khammam,Singareni,TS,0.0,0.0,0.0,307.24478288523113,0.0,0.0,0.0,0.0,0.0,0.0,0.0,0.0,0.0,Deccan Plateau (Telangana) & Eastern Ghats (Semi-Arid),1,False,Deccan Plateau (Telangana) & Eastern Ghats (Semi-Arid),#fece7c
Khammam,Thallada,TS,0.0,0.0,0.0,213.8790623349728,0.0,0.0,0.0,0.0,0.0,0.0,0.0,0.0,0.0,Deccan Plateau (Telangana) & Eastern Ghats (Semi-Arid),1,False,Deccan Plateau (Telangana) & Eastern Ghats (Semi-Arid),#fece7c
Khammam,Tirumalayapalem,TS,0.0,0.0,0.0,273.31199435684607,0.0,0.0,0.0,0.0,0.0,0.0,0.0,0.0,0.0,Deccan Plateau (Telangana) & Eastern Ghats (Semi-Arid),1,False,Deccan Plateau (Telangana) & Eastern Ghats (Semi-Arid),#fece7c
Khammam,Vemsoor,TS,0.0,0.0,0.0,229.74481831568087,0.0,0.0,0.0,0.0,0.0,0.0,0.0,0.0,0.0,Deccan Plateau (Telangana) & Eastern Ghats (Semi-Arid),1,False,Deccan Plateau (Telangana) & Eastern Ghats (Semi-Arid),#fece7c
Khammam,Wyra,TS,0.0,0.0,0.0,150.93357050043306,0.0,0.0,0.0,0.0,0.0,0.0,0.0,0.0,0.0,Deccan Plateau (Telangana) & Eastern Ghats (Semi-Arid),1,False,Deccan Plateau (Telangana) & Eastern Ghats (Semi-Arid),#fece7c
Khammam,Yerrupalem,TS,0.0,0.0,0.0,285.7964001769138,0.0,0.0,0.0,0.0,0.0,0.0,0.0,0.0,0.0,Deccan Plateau (Telangana) & Eastern Ghats (Semi-Arid),1,False,Deccan Plateau (Telangana) & Eastern Ghats (Semi-Arid),#fece7c
Kumuram Bheem Asifabad,Asifabad,TS,0.0,0.0,0.0,0.0,417.2153402215967,0.0,0.0,0.0,0.0,0.0,0.0,0.0,0.0,Deccan Plateau (Semi-Arid),1,False,Deccan Plateau (Semi-Arid),#fa9b58
Kumuram Bheem Asifabad,Bejjur,TS,0.0,0.0,0.0,0.0,760.7420670887345,0.0,0.0,0.0,0.0,0.0,0.1951623200960024,0.0,0.0,Deccan Plateau (Semi-Arid); Eastern Plateau (Chhotanagpur) & Eastern Ghats (Subhumid),2,True,Shared: Deccan Plateau (Semi-Arid) + Eastern Plateau (Chhotanagpur) & Eastern Ghats (Subhumid),#888888
Kumuram Bheem Asifabad,Dahegoan,TS,0.0,0.0,0.0,0.0,400.7035920337192,0.0,0.0,0.0,0.0,0.0,0.8782429655037343,0.0,0.0,Deccan Plateau (Semi-Arid); Eastern Plateau (Chhotanagpur) & Eastern Ghats (Subhumid),2,True,Shared: Deccan Plateau (Semi-Arid) + Eastern Plateau (Chhotanagpur) & Eastern Ghats (Subhumid),#888888
Kumuram Bheem Asifabad,Jainoor,TS,0.0,0.0,0.0,0.0,227.85697275719664,0.0,0.0,0.0,0.0,0.0,0.0,0.0,0.0,Deccan Plateau (Semi-Arid),1,False,Deccan Plateau (Semi-Arid),#fa9b58
Kumuram Bheem Asifabad,Kagaznagar,TS,0.0,0.0,0.0,0.0,509.46275452568455,0.0,0.0,0.0,0.0,0.0,0.3382654341502288,0.0,0.0,Deccan Plateau (Semi-Arid); Eastern Plateau (Chhotanagpur) & Eastern Ghats (Subhumid),2,True,Shared: Deccan Plateau (Semi-Arid) + Eastern Plateau (Chhotanagpur) & Eastern Ghats (Subhumid),#888888
Kumuram Bheem Asifabad,Kerameri,TS,0.0,0.0,0.0,0.0,389.2988656830929,0.0,0.0,0.0,0.0,0.0,2.278834082005208,0.0,0.0,Deccan Plateau (Semi-Arid); Eastern Plateau (Chhotanagpur) & Eastern Ghats (Subhumid),2,True,Shared: Deccan Plateau (Semi-Arid) + Eastern Plateau (Chhotanagpur) & Eastern Ghats (Subhumid),#888888
Kumuram Bheem Asifabad,Koutala,TS,0.0,0.0,0.0,0.0,332.9862922611807,0.0,0.0,0.0,0.0,0.0,5.276448270953472,0.0,0.0,Deccan Plateau (Semi-Arid); Eastern Plateau (Chhotanagpur) & Eastern Ghats (Subhumid),2,True,Shared: Deccan Plateau (Semi-Arid) + Eastern Plateau (Chhotanagpur) & Eastern Ghats (Subhumid),#888888
Kumuram Bheem Asifabad,Rebbena,TS,0.0,0.0,0.0,0.0,289.12357244176985,0.0,0.0,0.0,0.0,0.0,0.0,0.0,0.0,Deccan Plateau (Semi-Arid),1,False,Deccan Plateau (Semi-Arid),#fa9b58
Kumuram Bheem Asifabad,Sirpur (T),TS,0.0,0.0,0.0,0.0,367.24997561222136,0.0,0.0,0.0,0.0,0.0,8.176179540027611,0.0,0.0,Deccan Plateau (Semi-Arid); Eastern Plateau (Chhotanagpur) & Eastern Ghats (Subhumid),2,True,Shared: Deccan Plateau (Semi-Arid) + Eastern Plateau (Chhotanagpur) & Eastern Ghats (Subhumid),#888888
Kumuram Bheem Asifabad,Sirpur U,TS,0.0,0.0,0.0,0.0,365.4716548683989,0.0,0.0,0.0,0.0,0.0,0.0,0.0,0.0,Deccan Plateau (Semi-Arid),1,False,Deccan Plateau (Semi-Arid),#fa9b58
Kumuram Bheem Asifabad,Tiryani,TS,0.0,0.0,0.0,0.0,636.3152241331031,0.0,0.0,0.0,0.0,0.0,0.0,0.0,0.0,Deccan Plateau (Semi-Arid),1,False,Deccan Plateau (Semi-Arid),#fa9b58
Kumuram Bheem Asifabad,Wankidi,TS,0.0,0.0,0.0,0.0,392.1567160173354,0.0,0.0,0.0,0.0,0.0,12.584250762061956,0.0,0.0,Deccan Plateau (Semi-Arid); Eastern Plateau (Chhotanagpur) & Eastern Ghats (Subhumid),2,True,Shared: Deccan Plateau (Semi-Arid) + Eastern Plateau (Chhotanagpur) & Eastern Ghats (Subhumid),#888888
Mahabubabad,Bayyaram,TS,0.0,0.0,0.0,372.3467641529118,0.0,0.0,0.0,0.0,0.0,0.0,0.0,0.0,0.0,Deccan Plateau (Telangana) & Eastern Ghats (Semi-Arid),1,False,Deccan Plateau (Telangana) & Eastern Ghats (Semi-Arid),#fece7c
Mahabubabad,Dornakal,TS,0.0,0.0,0.0,171.04746178664115,0.0,0.0,0.0,0.0,0.0,0.0,0.0,0.0,0.0,Deccan Plateau (Telangana) & Eastern Ghats (Semi-Arid),1,False,Deccan Plateau (Telangana) & Eastern Ghats (Semi-Arid),#fece7c
Mahabubabad,Garla,TS,0.0,0.0,0.0,150.12685051935688,0.0,0.0,0.0,0.0,0.0,0.0,0.0,0.0,0.0,Deccan Plateau (Telangana) & Eastern Ghats (Semi-Arid),1,False,Deccan Plateau (Telangana) & Eastern Ghats (Semi-Arid),#fece7c
Mahabubabad,Gudur,TS,0.0,0.0,0.0,416.8344892018353,0.0,0.0,0.0,0.0,0.0,0.0,0.0,0.0,0.0,Deccan Plateau (Telangana) & Eastern Ghats (Semi-Arid),1,False,Deccan Plateau (Telangana) & Eastern Ghats (Semi-Arid),#fece7c
Mahabubabad,Kesamudram,TS,0.0,0.0,0.0,244.27669458475407,0.0,0.0,0.0,0.0,0.0,0.0,0.0,0.0,0.0,Deccan Plateau (Telangana) & Eastern Ghats (Semi-Arid),1,False,Deccan Plateau (Telangana) & Eastern Ghats (Semi-Arid),#fece7c
Mahabubabad,Kothaguda,TS,0.0,0.0,0.0,999.5405908336962,0.0,0.0,0.0,0.0,0.0,0.0,0.0,0.0,0.0,Deccan Plateau (Telangana) & Eastern Ghats (Semi-Arid),1,False,Deccan Plateau (Telangana) & Eastern Ghats (Semi-Arid),#fece7c
Mahabubabad,Kuravi,TS,0.0,0.0,0.0,291.08179085715415,0.0,0.0,0.0,0.0,0.0,0.0,0.0,0.0,0.0,Deccan Plateau (Telangana) & Eastern Ghats (Semi-Arid),1,False,Deccan Plateau (Telangana) & Eastern Ghats (Semi-Arid),#fece7c
Mahabubabad,Mahabubabad,TS,0.0,0.0,0.0,268.8952463334482,0.0,0.0,0.0,0.0,0.0,0.0,0.0,0.0,0.0,Deccan Plateau (Telangana) & Eastern Ghats (Semi-Arid),1,False,Deccan Plateau (Telangana) & Eastern Ghats (Semi-Arid),#fece7c
Mahabubabad,Maripeda,TS,0.0,0.0,0.0,293.61123789949403,0.0,0.0,0.0,0.0,0.0,0.0,0.0,0.0,0.0,Deccan Plateau (Telangana) & Eastern Ghats (Semi-Arid),1,False,Deccan Plateau (Telangana) & Eastern Ghats (Semi-Arid),#fece7c
Mahabubabad,Narsimhulapet,TS,0.0,0.0,0.0,239.3672747085742,0.0,0.0,0.0,0.0,0.0,0.0,0.0,0.0,0.0,Deccan Plateau (Telangana) & Eastern Ghats (Semi-Arid),1,False,Deccan Plateau (Telangana) & Eastern Ghats (Semi-Arid),#fece7c
Mahabubabad,Nellikudur,TS,0.0,0.0,0.0,227.6998694759171,0.0,0.0,0.0,0.0,0.0,0.0,0.0,0.0,0.0,Deccan Plateau (Telangana) & Eastern Ghats (Semi-Arid),1,False,Deccan Plateau (Telangana) & Eastern Ghats (Semi-Arid),#fece7c
Mahabubabad,Thorrur,TS,0.0,0.0,0.0,271.6518294775412,0.0,0.0,0.0,0.0,0.0,0.0,0.0,0.0,0.0,Deccan Plateau (Telangana) & Eastern Ghats (Semi-Arid),1,False,Deccan Plateau (Telangana) & Eastern Ghats (Semi-Arid),#fece7c
Mahabubnagar,Addakal,TS,0.0,0.0,0.0,218.8373675098355,0.0,0.0,0.0,0.0,0.0,0.0,0.0,0.0,0.0,Deccan Plateau (Telangana) & Eastern Ghats (Semi-Arid),1,False,Deccan Plateau (Telangana) & Eastern Ghats (Semi-Arid),#fece7c
Mahabubnagar,Balanagar,TS,0.0,0.0,0.0,323.89953785686646,0.0,0.0,0.0,0.0,0.0,0.0,0.0,0.0,0.0,Deccan Plateau (Telangana) & Eastern Ghats (Semi-Arid),1,False,Deccan Plateau (Telangana) & Eastern Ghats (Semi-Arid),#fece7c
Mahabubnagar,Bhoothpur,TS,0.0,0.0,0.0,189.22356482014223,0.0,0.0,0.0,0.0,0.0,0.0,0.0,0.0,0.0,Deccan Plateau (Telangana) & Eastern Ghats (Semi-Arid),1,False,Deccan Plateau (Telangana) & Eastern Ghats (Semi-Arid),#fece7c
Mahabubnagar,Chinnachintakunta,TS,0.0,0.0,0.0,213.01566992748585,0.0,0.0,0.0,0.0,0.0,0.0,0.0,0.0,0.0,Deccan Plateau (Telangana) & Eastern Ghats (Semi-Arid),1,False,Deccan Plateau (Telangana) & Eastern Ghats (Semi-Arid),#fece7c
Mahabubnagar,Devarakadra,TS,0.0,0.0,0.0,276.4699832537291,0.0,0.0,0.0,0.0,0.0,0.0,0.0,0.0,0.0,Deccan Plateau (Telangana) & Eastern Ghats (Semi-Arid),1,False,Deccan Plateau (Telangana) & Eastern Ghats (Semi-Arid),#fece7c
Mahabubnagar,Gandeed,TS,0.0,0.0,0.0,241.8352494720079,0.0,0.0,0.0,0.0,0.0,0.0,0.0,0.0,0.0,Deccan Plateau (Telangana) & Eastern Ghats (Semi-Arid),1,False,Deccan Plateau (Telangana) & Eastern Ghats (Semi-Arid),#fece7c
Mahabubnagar,Hanwada,TS,0.0,0.0,0.0,185.9505051070835,0.0,0.0,0.0,0.0,0.0,0.0,0.0,0.0,0.0,Deccan Plateau (Telangana) & Eastern Ghats (Semi-Arid),1,False,Deccan Plateau (Telangana) & Eastern Ghats (Semi-Arid),#fece7c
Mahabubnagar,Jadcherla,TS,0.0,0.0,0.0,304.8138208070968,0.0,0.0,0.0,0.0,0.0,0.0,0.0,0.0,0.0,Deccan Plateau (Telangana) & Eastern Ghats (Semi-Arid),1,False,Deccan Plateau (Telangana) & Eastern Ghats (Semi-Arid),#fece7c
Mahabubnagar,Koilkonda,TS,0.0,0.0,0.0,238.3633125269181,0.0,0.0,0.0,0.0,0.0,0.0,0.0,0.0,0.0,Deccan Plateau (Telangana) & Eastern Ghats (Semi-Arid),1,False,Deccan Plateau (Telangana) & Eastern Ghats (Semi-Arid),#fece7c
Mahabubnagar,Mahabubnagar Urban,TS,0.0,0.0,0.0,256.74166145166,0.0,0.0,0.0,0.0,0.0,0.0,0.0,0.0,0.0,Deccan Plateau (Telangana) & Eastern Ghats (Semi-Arid),1,False,Deccan Plateau (Telangana) & Eastern Ghats (Semi-Arid),#fece7c
Mahabubnagar,Midjil,TS,0.0,0.0,0.0,371.5521634575935,0.0,0.0,0.0,0.0,0.0,0.0,0.0,0.0,0.0,Deccan Plateau (Telangana) & Eastern Ghats (Semi-Arid),1,False,Deccan Plateau (Telangana) & Eastern Ghats (Semi-Arid),#fece7c
Mahabubnagar,Nawabpet,TS,0.0,0.0,0.0,244.38661927453748,0.0,0.0,0.0,0.0,0.0,0.0,0.0,0.0,0.0,Deccan Plateau (Telangana) & Eastern Ghats (Semi-Arid),1,False,Deccan Plateau (Telangana) & Eastern Ghats (Semi-Arid),#fece7c
Mancherial,Bellampally,TS,0.0,0.0,0.0,0.0,130.54328716758843,0.0,0.0,0.0,0.0,0.0,0.0,0.0,0.0,Deccan Plateau (Semi-Arid),1,False,Deccan Plateau (Semi-Arid),#fa9b58
Mancherial,Bheemini,TS,0.0,0.0,0.0,0.0,276.22802219578296,0.0,0.0,0.0,0.0,0.0,0.0,0.0,0.0,Deccan Plateau (Semi-Arid),1,False,Deccan Plateau (Semi-Arid),#fa9b58
Mancherial,Chennur,TS,0.0,0.0,0.0,26.67151941979336,395.8689248304679,0.0,0.0,0.0,0.0,0.0,0.0,0.0,0.0,Deccan Plateau (Telangana) & Eastern Ghats (Semi-Arid); Deccan Plateau (Semi-Arid),2,True,Shared: Deccan Plateau (Telangana) & Eastern Ghats (Semi-Arid) + Deccan Plateau (Semi-Arid),#888888
Mancherial,Dandepally,TS,0.0,0.0,0.0,22.4831616224087,201.7399475535672,0.0,0.0,0.0,0.0,0.0,0.0,0.0,0.0,Deccan Plateau (Telangana) & Eastern Ghats (Semi-Arid); Deccan Plateau (Semi-Arid),2,True,Shared: Deccan Plateau (Telangana) & Eastern Ghats (Semi-Arid) + Deccan Plateau (Semi-Arid),#888888
Mancherial,Jaipur,TS,0.0,0.0,0.0,60.74755118337723,416.1804094146585,0.0,0.0,0.0,0.0,0.0,0.0,0.0,0.0,Deccan Plateau (Telangana) & Eastern Ghats (Semi-Arid); Deccan Plateau (Semi-Arid),2,True,Shared: Deccan Plateau (Telangana) & Eastern Ghats (Semi-Arid) + Deccan Plateau (Semi-Arid),#888888
Mancherial,Jannaram,TS,0.0,0.0,0.0,0.0,361.7803365536863,0.0,0.0,0.0,0.0,0.0,0.0,0.0,0.0,Deccan Plateau (Semi-Arid),1,False,Deccan Plateau (Semi-Arid),#fa9b58
Mancherial,Kasipet,TS,0.0,0.0,0.0,0.0,336.4616338774458,0.0,0.0,0.0,0.0,0.0,0.0,0.0,0.0,Deccan Plateau (Semi-Arid),1,False,Deccan Plateau (Semi-Arid),#fa9b58
Mancherial,Kotapally,TS,0.0,0.0,0.0,0.3213160483553164,439.0148485903535,0.0,0.0,0.0,0.0,0.0,20.931504246778484,0.0,0.0,Deccan Plateau (Telangana) & Eastern Ghats (Semi-Arid); Deccan Plateau (Semi-Arid); Eastern Plateau (Chhotanagpur) & Eastern Ghats (Subhumid),3,True,Shared: Deccan Plateau (Telangana) & Eastern Ghats (Semi-Arid) + Deccan Plateau (Semi-Arid) + Eastern Plateau (Chhotanagpur) & Eastern Ghats (Subhumid),#888888
Mancherial,Luxettipet,TS,0.0,0.0,0.0,18.45189760486788,162.71593767606407,0.0,0.0,0.0,0.0,0.0,0.0,0.0,0.0,Deccan Plateau (Telangana) & Eastern Ghats (Semi-Arid); Deccan Plateau (Semi-Arid),2,True,Shared: Deccan Plateau (Telangana) & Eastern Ghats (Semi-Arid) + Deccan Plateau (Semi-Arid),#888888
Mancherial,Mancherial,TS,0.0,0.0,0.0,32.89678053248674,337.8624473068433,0.0,0.0,0.0,0.0,0.0,0.0,0.0,0.0,Deccan Plateau (Telangana) & Eastern Ghats (Semi-Arid); Deccan Plateau (Semi-Arid),2,True,Shared: Deccan Plateau (Telangana) & Eastern Ghats (Semi-Arid) + Deccan Plateau (Semi-Arid),#888888
Mancherial,Mandamarri,TS,0.0,0.0,0.0,0.0,181.72942944986465,0.0,0.0,0.0,0.0,0.0,0.0,0.0,0.0,Deccan Plateau (Semi-Arid),1,False,Deccan Plateau (Semi-Arid),#fa9b58
Mancherial,Nennel,TS,0.0,0.0,0.0,0.0,301.5498620129305,0.0,0.0,0.0,0.0,0.0,0.0,0.0,0.0,Deccan Plateau (Semi-Arid),1,False,Deccan Plateau (Semi-Arid),#fa9b58
Mancherial,Tandur,TS,0.0,0.0,0.0,0.0,199.63703977049977,0.0,0.0,0.0,0.0,0.0,0.0,0.0,0.0,Deccan Plateau (Semi-Arid),1,False,Deccan Plateau (Semi-Arid),#fa9b58
Mancherial,Vemanpally,TS,0.0,0.0,0.0,0.0,294.4483996823373,0.0,0.0,0.0,0.0,0.0,1.6795283982828368,0.0,0.0,Deccan Plateau (Semi-Arid); Eastern Plateau (Chhotanagpur) & Eastern Ghats (Subhumid),2,True,Shared: Deccan Plateau (Semi-Arid) + Eastern Plateau (Chhotanagpur) & Eastern Ghats (Subhumid),#888888
Medak,Alladurg,TS,0.0,0.0,0.0,141.8434426733923,0.0,0.0,0.0,0.0,0.0,0.0,0.0,0.0,0.0,Deccan Plateau (Telangana) & Eastern Ghats (Semi-Arid),1,False,Deccan Plateau (Telangana) & Eastern Ghats (Semi-Arid),#fece7c
Medak,Chegunta,TS,0.0,0.0,0.0,225.4159664752364,0.0,0.0,0.0,0.0,0.0,0.0,0.0,0.0,0.0,Deccan Plateau (Telangana) & Eastern Ghats (Semi-Arid),1,False,Deccan Plateau (Telangana) & Eastern Ghats (Semi-Arid),#fece7c
Medak,Kowdipally,TS,0.0,0.0,0.0,253.48274613861608,0.0,0.0,0.0,0.0,0.0,0.0,0.0,0.0,0.0,Deccan Plateau (Telangana) & Eastern Ghats (Semi-Arid),1,False,Deccan Plateau (Telangana) & Eastern Ghats (Semi-Arid),#fece7c
Medak,Kulcharam,TS,0.0,0.0,0.0,151.54497405409847,0.0,0.0,0.0,0.0,0.0,0.0,0.0,0.0,0.0,Deccan Plateau (Telangana) & Eastern Ghats (Semi-Arid),1,False,Deccan Plateau (Telangana) & Eastern Ghats (Semi-Arid),#fece7c
Medak,Medak,TS,0.0,0.0,0.0,324.6890735268093,37.782556835493246,0.0,0.0,0.0,0.0,0.0,0.0,0.0,0.0,Deccan Plateau (Telangana) & Eastern Ghats (Semi-Arid); Deccan Plateau (Semi-Arid),2,True,Shared: Deccan Plateau (Telangana) & Eastern Ghats (Semi-Arid) + Deccan Plateau (Semi-Arid),#888888
Medak,Narsapur,TS,0.0,0.0,0.0,216.82008892740987,0.0,0.0,0.0,0.0,0.0,0.0,0.0,0.0,0.0,Deccan Plateau (Telangana) & Eastern Ghats (Semi-Arid),1,False,Deccan Plateau (Telangana) & Eastern Ghats (Semi-Arid),#fece7c
Medak,Papannapet,TS,0.0,0.0,0.0,217.20361109983145,1.085262090127889,0.0,0.0,0.0,0.0,0.0,0.0,0.0,0.0,Deccan Plateau (Telangana) & Eastern Ghats (Semi-Arid); Deccan Plateau (Semi-Arid),2,True,Shared: Deccan Plateau (Telangana) & Eastern Ghats (Semi-Arid) + Deccan Plateau (Semi-Arid),#888888
Medak,Ramayampet,TS,0.0,0.0,0.0,243.1176787571348,16.39996558662354,0.0,0.0,0.0,0.0,0.0,0.0,0.0,0.0,Deccan Plateau (Telangana) & Eastern Ghats (Semi-Arid); Deccan Plateau (Semi-Arid),2,True,Shared: Deccan Plateau (Telangana) & Eastern Ghats (Semi-Arid) + Deccan Plateau (Semi-Arid),#888888
Medak,Regode,TS,0.0,0.0,0.0,187.6561926894481,0.0,0.0,0.0,0.0,0.0,0.0,0.0,0.0,0.0,Deccan Plateau (Telangana) & Eastern Ghats (Semi-Arid),1,False,Deccan Plateau (Telangana) & Eastern Ghats (Semi-Arid),#fece7c
Medak,Shankarampet (A),TS,0.0,0.0,0.0,180.46253164999231,1.269602204639963,0.0,0.0,0.0,0.0,0.0,0.0,0.0,0.0,Deccan Plateau (Telangana) & Eastern Ghats (Semi-Arid); Deccan Plateau (Semi-Arid),2,True,Shared: Deccan Plateau (Telangana) & Eastern Ghats (Semi-Arid) + Deccan Plateau (Semi-Arid),#888888
Medak,Shankarampet (R),TS,0.0,0.0,0.0,185.76399000388497,0.0,0.0,0.0,0.0,0.0,0.0,0.0,0.0,0.0,Deccan Plateau (Telangana) & Eastern Ghats (Semi-Arid),1,False,Deccan Plateau (Telangana) & Eastern Ghats (Semi-Arid),#fece7c
Medak,Shivampet,TS,0.0,0.0,0.0,212.84974435074705,0.0,0.0,0.0,0.0,0.0,0.0,0.0,0.0,0.0,Deccan Plateau (Telangana) & Eastern Ghats (Semi-Arid),1,False,Deccan Plateau (Telangana) & Eastern Ghats (Semi-Arid),#fece7c
Medak,Tekmal,TS,0.0,0.0,0.0,154.22387011834053,0.0,0.0,0.0,0.0,0.0,0.0,0.0,0.0,0.0,Deccan Plateau (Telangana) & Eastern Ghats (Semi-Arid),1,False,Deccan Plateau (Telangana) & Eastern Ghats (Semi-Arid),#fece7c
Medak,Toopran,TS,0.0,0.0,0.0,220.1674964328016,0.0,0.0,0.0,0.0,0.0,0.0,0.0,0.0,0.0,Deccan Plateau (Telangana) & Eastern Ghats (Semi-Arid),1,False,Deccan Plateau (Telangana) & Eastern Ghats (Semi-Arid),#fece7c
Medak,Yeldurthy,TS,0.0,0.0,0.0,234.7560225549292,0.0,0.0,0.0,0.0,0.0,0.0,0.0,0.0,0.0,Deccan Plateau (Telangana) & Eastern Ghats (Semi-Arid),1,False,Deccan Plateau (Telangana) & Eastern Ghats (Semi-Arid),#fece7c
Medchal Malkajgiri,Balanagar,TS,0.0,0.0,0.0,76.39440306446794,0.0,0.0,0.0,0.0,0.0,0.0,0.0,0.0,0.0,Deccan Plateau (Telangana) & Eastern Ghats (Semi-Arid),1,False,Deccan Plateau (Telangana) & Eastern Ghats (Semi-Arid),#fece7c
Medchal Malkajgiri,Ghatkesar,TS,0.0,0.0,0.0,167.85937790569125,0.0,0.0,0.0,0.0,0.0,0.0,0.0,0.0,0.0,Deccan Plateau (Telangana) & Eastern Ghats (Semi-Arid),1,False,Deccan Plateau (Telangana) & Eastern Ghats (Semi-Arid),#fece7c
Medchal Malkajgiri,Keesara,TS,0.0,0.0,0.0,172.80407829058854,0.0,0.0,0.0,0.0,0.0,0.0,0.0,0.0,0.0,Deccan Plateau (Telangana) & Eastern Ghats (Semi-Arid),1,False,Deccan Plateau (Telangana) & Eastern Ghats (Semi-Arid),#fece7c
Medchal Malkajgiri,Malkajgiri,TS,0.0,0.0,0.0,88.64671052723455,0.0,0.0,0.0,0.0,0.0,0.0,0.0,0.0,0.0,Deccan Plateau (Telangana) & Eastern Ghats (Semi-Arid),1,False,Deccan Plateau (Telangana) & Eastern Ghats (Semi-Arid),#fece7c
Medchal Malkajgiri,Medchal,TS,0.0,0.0,0.0,224.06909449346983,0.0,0.0,0.0,0.0,0.0,0.0,0.0,0.0,0.0,Deccan Plateau (Telangana) & Eastern Ghats (Semi-Arid),1,False,Deccan Plateau (Telangana) & Eastern Ghats (Semi-Arid),#fece7c
Medchal Malkajgiri,Qutballapur,TS,0.0,0.0,0.0,123.84319941962556,0.0,0.0,0.0,0.0,0.0,0.0,0.0,0.0,0.0,Deccan Plateau (Telangana) & Eastern Ghats (Semi-Arid),1,False,Deccan Plateau (Telangana) & Eastern Ghats (Semi-Arid),#fece7c
Medchal Malkajgiri,Shamirpet,TS,0.0,0.0,0.0,245.02717392122952,0.0,0.0,0.0,0.0,0.0,0.0,0.0,0.0,0.0,Deccan Plateau (Telangana) & Eastern Ghats (Semi-Arid),1,False,Deccan Plateau (Telangana) & Eastern Ghats (Semi-Arid),#fece7c
Medchal Malkajgiri,Uppal,TS,0.0,0.0,0.0,45.14456050557244,0.0,0.0,0.0,0.0,0.0,0.0,0.0,0.0,0.0,Deccan Plateau (Telangana) & Eastern Ghats (Semi-Arid),1,False,Deccan Plateau (Telangana) & Eastern Ghats (Semi-Arid),#fece7c
Mulugu,Eturunagaram,TS,0.0,0.0,0.0,923.486571557832,0.0,0.0,0.0,0.0,0.0,0.0,1.4659341848938563,0.0,0.0,Deccan Plateau (Telangana) & Eastern Ghats (Semi-Arid); Eastern Plateau (Chhotanagpur) & Eastern Ghats (Subhumid),2,True,Shared: Deccan Plateau (Telangana) & Eastern Ghats (Semi-Arid) + Eastern Plateau (Chhotanagpur) & Eastern Ghats (Subhumid),#888888
Mulugu,Govindaraopet,TS,0.0,0.0,0.0,223.7958892146404,0.0,0.0,0.0,0.0,0.0,0.0,0.0,0.0,0.0,Deccan Plateau (Telangana) & Eastern Ghats (Semi-Arid),1,False,Deccan Plateau (Telangana) & Eastern Ghats (Semi-Arid),#fece7c
Mulugu,Mangapet,TS,0.0,0.0,0.0,551.998781752632,0.0,0.0,0.0,0.0,0.0,0.0,0.0,0.0,0.0,Deccan Plateau (Telangana) & Eastern Ghats (Semi-Arid),1,False,Deccan Plateau (Telangana) & Eastern Ghats (Semi-Arid),#fece7c
Mulugu,Mulug,TS,0.0,0.0,0.0,413.65293152454615,0.0,0.0,0.0,0.0,0.0,0.0,0.0,0.0,0.0,Deccan Plateau (Telangana) & Eastern Ghats (Semi-Arid),1,False,Deccan Plateau (Telangana) & Eastern Ghats (Semi-Arid),#fece7c
Mulugu,Tadvai,TS,0.0,0.0,0.0,878.6953430587114,0.0,0.0,0.0,0.0,0.0,0.0,0.0,0.0,0.0,Deccan Plateau (Telangana) & Eastern Ghats (Semi-Arid),1,False,Deccan Plateau (Telangana) & Eastern Ghats (Semi-Arid),#fece7c
Mulugu,Venkatapur,TS,0.0,0.0,0.0,511.3628677880092,0.0,0.0,0.0,0.0,0.0,0.0,0.0,0.0,0.0,Deccan Plateau (Telangana) & Eastern Ghats (Semi-Arid),1,False,Deccan Plateau (Telangana) & Eastern Ghats (Semi-Arid),#fece7c
Mulugu,Venkatapuram,TS,0.0,0.0,0.0,688.2477549753941,0.0,0.0,0.0,0.0,0.0,0.0,0.4323876251737583,0.0,0.0,Deccan Plateau (Telangana) & Eastern Ghats (Semi-Arid); Eastern Plateau (Chhotanagpur) & Eastern Ghats (Subhumid),2,True,Shared: Deccan Plateau (Telangana) & Eastern Ghats (Semi-Arid) + Eastern Plateau (Chhotanagpur) & Eastern Ghats (Subhumid),#888888
Mulugu,Wajedu,TS,0.0,0.0,0.0,651.1851855131002,0.0,0.0,0.0,0.0,0.0,0.0,0.6956144448361924,0.0,0.0,Deccan Plateau (Telangana) & Eastern Ghats (Semi-Arid); Eastern Plateau (Chhotanagpur) & Eastern Ghats (Subhumid),2,True,Shared: Deccan Plateau (Telangana) & Eastern Ghats (Semi-Arid) + Eastern Plateau (Chhotanagpur) & Eastern Ghats (Subhumid),#888888
Nagarkurnool,Achampet,TS,0.0,0.0,0.0,455.8523602511827,0.0,0.0,0.0,0.0,0.0,0.0,0.0,0.0,0.0,Deccan Plateau (Telangana) & Eastern Ghats (Semi-Arid),1,False,Deccan Plateau (Telangana) & Eastern Ghats (Semi-Arid),#fece7c
Nagarkurnool,Amrabad,TS,0.0,0.0,0.0,2338.0946102678745,0.0,0.0,0.0,0.0,0.0,0.0,0.0,0.0,0.0,Deccan Plateau (Telangana) & Eastern Ghats (Semi-Arid),1,False,Deccan Plateau (Telangana) & Eastern Ghats (Semi-Arid),#fece7c
Nagarkurnool,Balmoor,TS,0.0,0.0,0.0,261.08034668641744,0.0,0.0,0.0,0.0,0.0,0.0,0.0,0.0,0.0,Deccan Plateau (Telangana) & Eastern Ghats (Semi-Arid),1,False,Deccan Plateau (Telangana) & Eastern Ghats (Semi-Arid),#fece7c
Nagarkurnool,Bijinapally,TS,0.0,0.0,0.0,295.9987021462576,0.0,0.0,0.0,0.0,0.0,0.0,0.0,0.0,0.0,Deccan Plateau (Telangana) & Eastern Ghats (Semi-Arid),1,False,Deccan Plateau (Telangana) & Eastern Ghats (Semi-Arid),#fece7c
Nagarkurnool,Kalwakurthy,TS,0.0,0.0,0.0,278.95738083913903,0.0,0.0,0.0,0.0,0.0,0.0,0.0,0.0,0.0,Deccan Plateau (Telangana) & Eastern Ghats (Semi-Arid),1,False,Deccan Plateau (Telangana) & Eastern Ghats (Semi-Arid),#fece7c
Nagarkurnool,Kodair,TS,0.0,0.0,0.0,227.93466327031427,0.0,0.0,0.0,0.0,0.0,0.0,0.0,0.0,0.0,Deccan Plateau (Telangana) & Eastern Ghats (Semi-Arid),1,False,Deccan Plateau (Telangana) & Eastern Ghats (Semi-Arid),#fece7c
Nagarkurnool,Kollapur,TS,0.0,0.0,0.0,463.1541421815565,0.0,0.0,0.0,0.0,0.0,0.0,0.0,0.0,0.0,Deccan Plateau (Telangana) & Eastern Ghats (Semi-Arid),1,False,Deccan Plateau (Telangana) & Eastern Ghats (Semi-Arid),#fece7c
Nagarkurnool,Lingal,TS,0.0,0.0,0.0,177.04774847396854,0.0,0.0,0.0,0.0,0.0,0.0,0.0,0.0,0.0,Deccan Plateau (Telangana) & Eastern Ghats (Semi-Arid),1,False,Deccan Plateau (Telangana) & Eastern Ghats (Semi-Arid),#fece7c
Nagarkurnool,Nagarkurnool,TS,0.0,0.0,0.0,216.8813372806756,0.0,0.0,0.0,0.0,0.0,0.0,0.0,0.0,0.0,Deccan Plateau (Telangana) & Eastern Ghats (Semi-Arid),1,False,Deccan Plateau (Telangana) & Eastern Ghats (Semi-Arid),#fece7c
Nagarkurnool,Peddakothapally,TS,0.0,0.0,0.0,325.17852175924264,0.0,0.0,0.0,0.0,0.0,0.0,0.0,0.0,0.0,Deccan Plateau (Telangana) & Eastern Ghats (Semi-Arid),1,False,Deccan Plateau (Telangana) & Eastern Ghats (Semi-Arid),#fece7c
Nagarkurnool,Tadoor,TS,0.0,0.0,0.0,238.34669747863663,0.0,0.0,0.0,0.0,0.0,0.0,0.0,0.0,0.0,Deccan Plateau (Telangana) & Eastern Ghats (Semi-Arid),1,False,Deccan Plateau (Telangana) & Eastern Ghats (Semi-Arid),#fece7c
Nagarkurnool,Telkapally,TS,0.0,0.0,0.0,261.6711925889371,0.0,0.0,0.0,0.0,0.0,0.0,0.0,0.0,0.0,Deccan Plateau (Telangana) & Eastern Ghats (Semi-Arid),1,False,Deccan Plateau (Telangana) & Eastern Ghats (Semi-Arid),#fece7c
Nagarkurnool,Thimmajipet,TS,0.0,0.0,0.0,237.98672734235868,0.0,0.0,0.0,0.0,0.0,0.0,0.0,0.0,0.0,Deccan Plateau (Telangana) & Eastern Ghats (Semi-Arid),1,False,Deccan Plateau (Telangana) & Eastern Ghats (Semi-Arid),#fece7c
Nagarkurnool,Uppununthala,TS,0.0,0.0,0.0,276.4729201435071,0.0,0.0,0.0,0.0,0.0,0.0,0.0,0.0,0.0,Deccan Plateau (Telangana) & Eastern Ghats (Semi-Arid),1,False,Deccan Plateau (Telangana) & Eastern Ghats (Semi-Arid),#fece7c
Nagarkurnool,Vangoor,TS,0.0,0.0,0.0,403.0253599915658,0.0,0.0,0.0,0.0,0.0,0.0,0.0,0.0,0.0,Deccan Plateau (Telangana) & Eastern Ghats (Semi-Arid),1,False,Deccan Plateau (Telangana) & Eastern Ghats (Semi-Arid),#fece7c
Nagarkurnool,Veldanda,TS,0.0,0.0,0.0,325.1066780383421,0.0,0.0,0.0,0.0,0.0,0.0,0.0,0.0,0.0,Deccan Plateau (Telangana) & Eastern Ghats (Semi-Arid),1,False,Deccan Plateau (Telangana) & Eastern Ghats (Semi-Arid),#fece7c
Nalgonda,Anumula,TS,0.0,0.0,0.0,379.6381701298818,0.0,0.0,0.0,0.0,0.0,0.0,0.0,0.0,0.0,Deccan Plateau (Telangana) & Eastern Ghats (Semi-Arid),1,False,Deccan Plateau (Telangana) & Eastern Ghats (Semi-Arid),#fece7c
Nalgonda,Chandampeta,TS,0.0,0.0,0.0,755.8169486797423,0.0,0.0,0.0,0.0,0.0,0.0,0.0,0.0,0.0,Deccan Plateau (Telangana) & Eastern Ghats (Semi-Arid),1,False,Deccan Plateau (Telangana) & Eastern Ghats (Semi-Arid),#fece7c
Nalgonda,Chandur,TS,0.0,0.0,0.0,265.11533333785536,0.0,0.0,0.0,0.0,0.0,0.0,0.0,0.0,0.0,Deccan Plateau (Telangana) & Eastern Ghats (Semi-Arid),1,False,Deccan Plateau (Telangana) & Eastern Ghats (Semi-Arid),#fece7c
Nalgonda,Chinthapally,TS,0.0,0.0,0.0,307.7680134628089,0.0,0.0,0.0,0.0,0.0,0.0,0.0,0.0,0.0,Deccan Plateau (Telangana) & Eastern Ghats (Semi-Arid),1,False,Deccan Plateau (Telangana) & Eastern Ghats (Semi-Arid),#fece7c
Nalgonda,Chityal,TS,0.0,0.0,0.0,292.6713275209404,0.0,0.0,0.0,0.0,0.0,0.0,0.0,0.0,0.0,Deccan Plateau (Telangana) & Eastern Ghats (Semi-Arid),1,False,Deccan Plateau (Telangana) & Eastern Ghats (Semi-Arid),#fece7c
Nalgonda,Dameracherla,TS,0.0,0.0,0.0,384.88814801353686,0.0,0.0,0.0,0.0,0.0,0.0,0.0,0.0,0.0,Deccan Plateau (Telangana) & Eastern Ghats (Semi-Arid),1,False,Deccan Plateau (Telangana) & Eastern Ghats (Semi-Arid),#fece7c
Nalgonda,Devarakonda,TS,0.0,0.0,0.0,378.5501384246296,0.0,0.0,0.0,0.0,0.0,0.0,0.0,0.0,0.0,Deccan Plateau (Telangana) & Eastern Ghats (Semi-Arid),1,False,Deccan Plateau (Telangana) & Eastern Ghats (Semi-Arid),#fece7c
Nalgonda,Gundlapally,TS,0.0,0.0,0.0,298.2217906194883,0.0,0.0,0.0,0.0,0.0,0.0,0.0,0.0,0.0,Deccan Plateau (Telangana) & Eastern Ghats (Semi-Arid),1,False,Deccan Plateau (Telangana) & Eastern Ghats (Semi-Arid),#fece7c
Nalgonda,Gurrampode,TS,0.0,0.0,0.0,329.2395618810539,0.0,0.0,0.0,0.0,0.0,0.0,0.0,0.0,0.0,Deccan Plateau (Telangana) & Eastern Ghats (Semi-Arid),1,False,Deccan Plateau (Telangana) & Eastern Ghats (Semi-Arid),#fece7c
Nalgonda,Kanagal,TS,0.0,0.0,0.0,284.7114980757074,0.0,0.0,0.0,0.0,0.0,0.0,0.0,0.0,0.0,Deccan Plateau (Telangana) & Eastern Ghats (Semi-Arid),1,False,Deccan Plateau (Telangana) & Eastern Ghats (Semi-Arid),#fece7c
Nalgonda,Kattangur,TS,0.0,0.0,0.0,198.4576156218108,0.0,0.0,0.0,0.0,0.0,0.0,0.0,0.0,0.0,Deccan Plateau (Telangana) & Eastern Ghats (Semi-Arid),1,False,Deccan Plateau (Telangana) & Eastern Ghats (Semi-Arid),#fece7c
Nalgonda,Kethepally,TS,0.0,0.0,0.0,166.6659494597294,0.0,0.0,0.0,0.0,0.0,0.0,0.0,0.0,0.0,Deccan Plateau (Telangana) & Eastern Ghats (Semi-Arid),1,False,Deccan Plateau (Telangana) & Eastern Ghats (Semi-Arid),#fece7c
Nalgonda,Marriguda,TS,0.0,0.0,0.0,248.68713396431232,0.0,0.0,0.0,0.0,0.0,0.0,0.0,0.0,0.0,Deccan Plateau (Telangana) & Eastern Ghats (Semi-Arid),1,False,Deccan Plateau (Telangana) & Eastern Ghats (Semi-Arid),#fece7c
Nalgonda,Miryalaguda,TS,0.0,0.0,0.0,273.64352727294465,0.0,0.0,0.0,0.0,0.0,0.0,0.0,0.0,0.0,Deccan Plateau (Telangana) & Eastern Ghats (Semi-Arid),1,False,Deccan Plateau (Telangana) & Eastern Ghats (Semi-Arid),#fece7c
Nalgonda,Munugode,TS,0.0,0.0,0.0,272.40061652248306,0.0,0.0,0.0,0.0,0.0,0.0,0.0,0.0,0.0,Deccan Plateau (Telangana) & Eastern Ghats (Semi-Arid),1,False,Deccan Plateau (Telangana) & Eastern Ghats (Semi-Arid),#fece7c
Nalgonda,Nakrekal,TS,0.0,0.0,0.0,150.55941600654114,0.0,0.0,0.0,0.0,0.0,0.0,0.0,0.0,0.0,Deccan Plateau (Telangana) & Eastern Ghats (Semi-Arid),1,False,Deccan Plateau (Telangana) & Eastern Ghats (Semi-Arid),#fece7c
Nalgonda,Nalgonda,TS,0.0,0.0,0.0,317.51747224778126,0.0,0.0,0.0,0.0,0.0,0.0,0.0,0.0,0.0,Deccan Plateau (Telangana) & Eastern Ghats (Semi-Arid),1,False,Deccan Plateau (Telangana) & Eastern Ghats (Semi-Arid),#fece7c
Nalgonda,Nampally,TS,0.0,0.0,0.0,321.04806681871906,0.0,0.0,0.0,0.0,0.0,0.0,0.0,0.0,0.0,Deccan Plateau (Telangana) & Eastern Ghats (Semi-Arid),1,False,Deccan Plateau (Telangana) & Eastern Ghats (Semi-Arid),#fece7c
Nalgonda,Narketpally,TS,0.0,0.0,0.0,239.0987132153961,0.0,0.0,0.0,0.0,0.0,0.0,0.0,0.0,0.0,Deccan Plateau (Telangana) & Eastern Ghats (Semi-Arid),1,False,Deccan Plateau (Telangana) & Eastern Ghats (Semi-Arid),#fece7c
Nalgonda,Nidmanoor,TS,0.0,0.0,0.0,292.14833369563826,0.0,0.0,0.0,0.0,0.0,0.0,0.0,0.0,0.0,Deccan Plateau (Telangana) & Eastern Ghats (Semi-Arid),1,False,Deccan Plateau (Telangana) & Eastern Ghats (Semi-Arid),#fece7c
Nalgonda,Pedda Adesherlapally,TS,0.0,0.0,0.0,294.0051977654121,0.0,0.0,0.0,0.0,0.0,0.0,0.0,0.0,0.0,Deccan Plateau (Telangana) & Eastern Ghats (Semi-Arid),1,False,Deccan Plateau (Telangana) & Eastern Ghats (Semi-Arid),#fece7c
Nalgonda,Peddavoora,TS,0.0,0.0,0.0,472.4828756445592,0.0,0.0,0.0,0.0,0.0,0.0,0.0,0.0,0.0,Deccan Plateau (Telangana) & Eastern Ghats (Semi-Arid),1,False,Deccan Plateau (Telangana) & Eastern Ghats (Semi-Arid),#fece7c
Nalgonda,Shaligouraram,TS,0.0,0.0,0.0,249.16529392016324,0.0,0.0,0.0,0.0,0.0,0.0,0.0,0.0,0.0,Deccan Plateau (Telangana) & Eastern Ghats (Semi-Arid),1,False,Deccan Plateau (Telangana) & Eastern Ghats (Semi-Arid),#fece7c
Nalgonda,Thipparthy,TS,0.0,0.0,0.0,311.6511595860844,0.0,0.0,0.0,0.0,0.0,0.0,0.0,0.0,0.0,Deccan Plateau (Telangana) & Eastern Ghats (Semi-Arid),1,False,Deccan Plateau (Telangana) & Eastern Ghats (Semi-Arid),#fece7c
Nalgonda,Tripuraram,TS,0.0,0.0,0.0,197.88734091318025,0.0,0.0,0.0,0.0,0.0,0.0,0.0,0.0,0.0,Deccan Plateau (Telangana) & Eastern Ghats (Semi-Arid),1,False,Deccan Plateau (Telangana) & Eastern Ghats (Semi-Arid),#fece7c
Nalgonda,Vemulapally,TS,0.0,0.0,0.0,226.62383805202643,0.0,0.0,0.0,0.0,0.0,0.0,0.0,0.0,0.0,Deccan Plateau (Telangana) & Eastern Ghats (Semi-Arid),1,False,Deccan Plateau (Telangana) & Eastern Ghats (Semi-Arid),#fece7c
Narayanpet,Damargidda,TS,0.0,0.0,0.0,230.62880059986733,3.98104661302862,0.0,0.0,0.0,0.0,0.0,0.0,0.0,0.0,Deccan Plateau (Telangana) & Eastern Ghats (Semi-Arid); Deccan Plateau (Semi-Arid),2,True,Shared: Deccan Plateau (Telangana) & Eastern Ghats (Semi-Arid) + Deccan Plateau (Semi-Arid),#888888
Narayanpet,Dhanwada,TS,0.0,0.0,0.0,295.7840395372305,0.0,0.0,0.0,0.0,0.0,0.0,0.0,0.0,0.0,Deccan Plateau (Telangana) & Eastern Ghats (Semi-Arid),1,False,Deccan Plateau (Telangana) & Eastern Ghats (Semi-Arid),#fece7c
Narayanpet,Kosgi,TS,0.0,0.0,0.0,211.6651024129292,0.0,0.0,0.0,0.0,0.0,0.0,0.0,0.0,0.0,Deccan Plateau (Telangana) & Eastern Ghats (Semi-Arid),1,False,Deccan Plateau (Telangana) & Eastern Ghats (Semi-Arid),#fece7c
Narayanpet,Maddur,TS,0.0,0.0,0.0,240.7349125024033,0.0,0.0,0.0,0.0,0.0,0.0,0.0,0.0,0.0,Deccan Plateau (Telangana) & Eastern Ghats (Semi-Arid),1,False,Deccan Plateau (Telangana) & Eastern Ghats (Semi-Arid),#fece7c
Narayanpet,Maganoor,TS,0.0,0.0,0.0,374.5149171440581,6.155344615840744,0.0,0.0,0.0,0.0,0.0,0.0,0.0,0.0,Deccan Plateau (Telangana) & Eastern Ghats (Semi-Arid); Deccan Plateau (Semi-Arid),2,True,Shared: Deccan Plateau (Telangana) & Eastern Ghats (Semi-Arid) + Deccan Plateau (Semi-Arid),#888888
Narayanpet,Makthal,TS,0.0,0.0,0.0,398.5867228796992,0.0,0.0,0.0,0.0,0.0,0.0,0.0,0.0,0.0,Deccan Plateau (Telangana) & Eastern Ghats (Semi-Arid),1,False,Deccan Plateau (Telangana) & Eastern Ghats (Semi-Arid),#fece7c
Narayanpet,Narayanpet,TS,0.0,0.0,0.0,280.4734887632476,1.1762041736411395,0.0,0.0,0.0,0.0,0.0,0.0,0.0,0.0,Deccan Plateau (Telangana) & Eastern Ghats (Semi-Arid); Deccan Plateau (Semi-Arid),2,True,Shared: Deccan Plateau (Telangana) & Eastern Ghats (Semi-Arid) + Deccan Plateau (Semi-Arid),#888888
Narayanpet,Narwa,TS,0.0,0.0,0.0,313.58617793203007,0.0,0.0,0.0,0.0,0.0,0.0,0.0,0.0,0.0,Deccan Plateau (Telangana) & Eastern Ghats (Semi-Arid),1,False,Deccan Plateau (Telangana) & Eastern Ghats (Semi-Arid),#fece7c
Narayanpet,Utkoor,TS,0.0,0.0,0.0,281.7799692180474,2.9786848372647725,0.0,0.0,0.0,0.0,0.0,0.0,0.0,0.0,Deccan Plateau (Telangana) & Eastern Ghats (Semi-Arid); Deccan Plateau (Semi-Arid),2,True,Shared: Deccan Plateau (Telangana) & Eastern Ghats (Semi-Arid) + Deccan Plateau (Semi-Arid),#888888
Nirmal,Bhainsa,TS,0.0,0.0,0.0,0.0,270.221780447608,0.0,0.0,0.0,0.0,0.0,0.0,0.0,0.0,Deccan Plateau (Semi-Arid),1,False,Deccan Plateau (Semi-Arid),#fa9b58
Nirmal,Dilawarpur,TS,0.0,0.0,0.0,0.0,237.7980163606083,0.0,0.0,0.0,0.0,0.0,0.0,0.0,0.0,Deccan Plateau (Semi-Arid),1,False,Deccan Plateau (Semi-Arid),#fa9b58
Nirmal,Kaddam Peddur,TS,0.0,0.0,0.0,9.974752139843025,667.6828623764467,0.0,0.0,0.0,0.0,0.0,0.0,0.0,0.0,Deccan Plateau (Telangana) & Eastern Ghats (Semi-Arid); Deccan Plateau (Semi-Arid),2,True,Shared: Deccan Plateau (Telangana) & Eastern Ghats (Semi-Arid) + Deccan Plateau (Semi-Arid),#888888
Nirmal,Khanapur,TS,0.0,0.0,0.0,0.0,617.4161744746727,0.0,0.0,0.0,0.0,0.0,0.0,0.0,0.0,Deccan Plateau (Semi-Arid),1,False,Deccan Plateau (Semi-Arid),#fa9b58
Nirmal,Kubeer,TS,0.0,0.0,0.0,0.0,330.03644239375615,0.0,0.0,0.0,0.0,0.0,0.0,0.0,0.0,Deccan Plateau (Semi-Arid),1,False,Deccan Plateau (Semi-Arid),#fa9b58
Nirmal,Kuntala,TS,0.0,0.0,0.0,0.0,253.12252420075697,0.0,0.0,0.0,0.0,0.0,0.0,0.0,0.0,Deccan Plateau (Semi-Arid),1,False,Deccan Plateau (Semi-Arid),#fa9b58
Nirmal,Laxmanchanda,TS,0.0,0.0,0.0,0.0,132.78658907406253,0.0,0.0,0.0,0.0,0.0,0.0,0.0,0.0,Deccan Plateau (Semi-Arid),1,False,Deccan Plateau (Semi-Arid),#fa9b58
Nirmal,Lokeswaram,TS,0.0,0.0,0.0,0.0,255.6606385906507,0.0,0.0,0.0,0.0,0.0,0.0,0.0,0.0,Deccan Plateau (Semi-Arid),1,False,Deccan Plateau (Semi-Arid),#fa9b58
Nirmal,Mamada,TS,0.0,0.0,0.0,0.0,323.17473455099724,0.0,0.0,0.0,0.0,0.0,0.0,0.0,0.0,Deccan Plateau (Semi-Arid),1,False,Deccan Plateau (Semi-Arid),#fa9b58
Nirmal,Mudhole,TS,0.0,0.0,0.0,0.0,337.37654768934345,0.0,0.0,0.0,0.0,0.0,0.0,0.0,0.0,Deccan Plateau (Semi-Arid),1,False,Deccan Plateau (Semi-Arid),#fa9b58
Nirmal,Nirmal U,TS,0.0,0.0,0.0,0.0,259.13509760096827,0.0,0.0,0.0,0.0,0.0,0.0,0.0,0.0,Deccan Plateau (Semi-Arid),1,False,Deccan Plateau (Semi-Arid),#fa9b58
Nirmal,Sarangapur,TS,0.0,0.0,0.0,0.0,266.7538480364032,0.0,0.0,0.0,0.0,0.0,0.0,0.0,0.0,Deccan Plateau (Semi-Arid),1,False,Deccan Plateau (Semi-Arid),#fa9b58
Nirmal,Tanoor,TS,0.0,0.0,0.0,0.0,243.68800999900208,0.0,0.0,0.0,0.0,0.0,0.0,0.0,0.0,Deccan Plateau (Semi-Arid),1,False,Deccan Plateau (Semi-Arid),#fa9b58
Nizamabad,Armoor,TS,0.0,0.0,0.0,0.0,251.66750541199085,0.0,0.0,0.0,0.0,0.0,0.0,0.0,0.0,Deccan Plateau (Semi-Arid),1,False,Deccan Plateau (Semi-Arid),#fa9b58
Nizamabad,Balkonda,TS,0.0,0.0,0.0,0.0,235.6187318685652,0.0,0.0,0.0,0.0,0.0,0.0,0.0,0.0,Deccan Plateau (Semi-Arid),1,False,Deccan Plateau (Semi-Arid),#fa9b58
Nizamabad,Bheemgal,TS,0.0,0.0,0.0,0.0,249.06505509897192,0.0,0.0,0.0,0.0,0.0,0.0,0.0,0.0,Deccan Plateau (Semi-Arid),1,False,Deccan Plateau (Semi-Arid),#fa9b58
Nizamabad,Bodhan,TS,0.0,0.0,0.0,0.0,321.2211277343264,0.0,0.0,0.0,0.0,0.0,0.0,0.0,0.0,Deccan Plateau (Semi-Arid),1,False,Deccan Plateau (Semi-Arid),#fa9b58
Nizamabad,Dharpally,TS,0.0,0.0,0.0,0.0,259.28745004649755,0.0,0.0,0.0,0.0,0.0,0.0,0.0,0.0,Deccan Plateau (Semi-Arid),1,False,Deccan Plateau (Semi-Arid),#fa9b58
Nizamabad,Dichpally,TS,0.0,0.0,0.0,0.0,252.14104768001312,0.0,0.0,0.0,0.0,0.0,0.0,0.0,0.0,Deccan Plateau (Semi-Arid),1,False,Deccan Plateau (Semi-Arid),#fa9b58
Nizamabad,Jakranpally,TS,0.0,0.0,0.0,0.0,167.4220111165182,0.0,0.0,0.0,0.0,0.0,0.0,0.0,0.0,Deccan Plateau (Semi-Arid),1,False,Deccan Plateau (Semi-Arid),#fa9b58
Nizamabad,Kammarpally,TS,0.0,0.0,0.0,13.936727297351725,307.82373483192094,0.0,0.0,0.0,0.0,0.0,0.0,0.0,0.0,Deccan Plateau (Telangana) & Eastern Ghats (Semi-Arid); Deccan Plateau (Semi-Arid),2,True,Shared: Deccan Plateau (Telangana) & Eastern Ghats (Semi-Arid) + Deccan Plateau (Semi-Arid),#888888
Nizamabad,Kotagiri,TS,0.0,0.0,0.0,0.0,207.2095616836266,0.0,0.0,0.0,0.0,0.0,0.0,0.0,0.0,Deccan Plateau (Semi-Arid),1,False,Deccan Plateau (Semi-Arid),#fa9b58
Nizamabad,Makloor,TS,0.0,0.0,0.0,0.0,212.17934979504932,0.0,0.0,0.0,0.0,0.0,0.0,0.0,0.0,Deccan Plateau (Semi-Arid),1,False,Deccan Plateau (Semi-Arid),#fa9b58
Nizamabad,Morthad,TS,0.0,0.0,0.0,0.0,201.53302723000604,0.0,0.0,0.0,0.0,0.0,0.0,0.0,0.0,Deccan Plateau (Semi-Arid),1,False,Deccan Plateau (Semi-Arid),#fa9b58
Nizamabad,Nandipet,TS,0.0,0.0,0.0,0.0,328.7707796027672,0.0,0.0,0.0,0.0,0.0,0.0,0.0,0.0,Deccan Plateau (Semi-Arid),1,False,Deccan Plateau (Semi-Arid),#fa9b58
Nizamabad,Navipet,TS,0.0,0.0,0.0,0.0,218.20706899740583,0.0,0.0,0.0,0.0,0.0,0.0,0.0,0.0,Deccan Plateau (Semi-Arid),1,False,Deccan Plateau (Semi-Arid),#fa9b58
Nizamabad,Nizamabad North,TS,0.0,0.0,0.0,0.0,433.2381605378108,0.0,0.0,0.0,0.0,0.0,0.0,0.0,0.0,Deccan Plateau (Semi-Arid),1,False,Deccan Plateau (Semi-Arid),#fa9b58
Nizamabad,Renjal,TS,0.0,0.0,0.0,0.0,123.17782581250825,0.0,0.0,0.0,0.0,0.0,0.0,0.0,0.0,Deccan Plateau (Semi-Arid),1,False,Deccan Plateau (Semi-Arid),#fa9b58
Nizamabad,Sirikonda,TS,0.0,0.0,0.0,0.0,412.42409051295806,0.0,0.0,0.0,0.0,0.0,0.0,0.0,0.0,Deccan Plateau (Semi-Arid),1,False,Deccan Plateau (Semi-Arid),#fa9b58
Nizamabad,Vailpoor,TS,0.0,0.0,0.0,0.0,138.85635775005818,0.0,0.0,0.0,0.0,0.0,0.0,0.0,0.0,Deccan Plateau (Semi-Arid),1,False,Deccan Plateau (Semi-Arid),#fa9b58
Nizamabad,Varni,TS,0.0,0.0,0.0,0.0,298.7515473038659,0.0,0.0,0.0,0.0,0.0,0.0,0.0,0.0,Deccan Plateau (Semi-Arid),1,False,Deccan Plateau (Semi-Arid),#fa9b58
Nizamabad,Yedapally,TS,0.0,0.0,0.0,0.0,108.30509375801992,0.0,0.0,0.0,0.0,0.0,0.0,0.0,0.0,Deccan Plateau (Semi-Arid),1,False,Deccan Plateau (Semi-Arid),#fa9b58
Peddapalli,Dharmaram,TS,0.0,0.0,0.0,235.76814340158424,0.0,0.0,0.0,0.0,0.0,0.0,0.0,0.0,0.0,Deccan Plateau (Telangana) & Eastern Ghats (Semi-Arid),1,False,Deccan Plateau (Telangana) & Eastern Ghats (Semi-Arid),#fece7c
Peddapalli,Eligaid,TS,0.0,0.0,0.0,86.09721097122971,0.0,0.0,0.0,0.0,0.0,0.0,0.0,0.0,0.0,Deccan Plateau (Telangana) & Eastern Ghats (Semi-Arid),1,False,Deccan Plateau (Telangana) & Eastern Ghats (Semi-Arid),#fece7c
Peddapalli,Julapalli,TS,0.0,0.0,0.0,104.2690030463719,0.0,0.0,0.0,0.0,0.0,0.0,0.0,0.0,0.0,Deccan Plateau (Telangana) & Eastern Ghats (Semi-Arid),1,False,Deccan Plateau (Telangana) & Eastern Ghats (Semi-Arid),#fece7c
Peddapalli,Kamanpur,TS,0.0,0.0,0.0,253.6790030445854,0.0,0.0,0.0,0.0,0.0,0.0,0.0,0.0,0.0,Deccan Plateau (Telangana) & Eastern Ghats (Semi-Arid),1,False,Deccan Plateau (Telangana) & Eastern Ghats (Semi-Arid),#fece7c
Peddapalli,Manthani,TS,0.0,0.0,0.0,318.3245587698634,0.0,0.0,0.0,0.0,0.0,0.0,0.0,0.0,0.0,Deccan Plateau (Telangana) & Eastern Ghats (Semi-Arid),1,False,Deccan Plateau (Telangana) & Eastern Ghats (Semi-Arid),#fece7c
Peddapalli,Mutharam (Manthani),TS,0.0,0.0,0.0,176.98788740704362,0.0,0.0,0.0,0.0,0.0,0.0,0.0,0.0,0.0,Deccan Plateau (Telangana) & Eastern Ghats (Semi-Arid),1,False,Deccan Plateau (Telangana) & Eastern Ghats (Semi-Arid),#fece7c
Peddapalli,Odela,TS,0.0,0.0,0.0,169.9319681186592,0.0,0.0,0.0,0.0,0.0,0.0,0.0,0.0,0.0,Deccan Plateau (Telangana) & Eastern Ghats (Semi-Arid),1,False,Deccan Plateau (Telangana) & Eastern Ghats (Semi-Arid),#fece7c
Peddapalli,Peddapalli,TS,0.0,0.0,0.0,292.16609155547934,0.0,0.0,0.0,0.0,0.0,0.0,0.0,0.0,0.0,Deccan Plateau (Telangana) & Eastern Ghats (Semi-Arid),1,False,Deccan Plateau (Telangana) & Eastern Ghats (Semi-Arid),#fece7c
Peddapalli,Ramagundam,TS,0.0,0.0,0.0,373.7497217393863,18.89975336777463,0.0,0.0,0.0,0.0,0.0,0.0,0.0,0.0,Deccan Plateau (Telangana) & Eastern Ghats (Semi-Arid); Deccan Plateau (Semi-Arid),2,True,Shared: Deccan Plateau (Telangana) & Eastern Ghats (Semi-Arid) + Deccan Plateau (Semi-Arid),#888888
Peddapalli,Srirampur,TS,0.0,0.0,0.0,220.2608905568252,0.0,0.0,0.0,0.0,0.0,0.0,0.0,0.0,0.0,Deccan Plateau (Telangana) & Eastern Ghats (Semi-Arid),1,False,Deccan Plateau (Telangana) & Eastern Ghats (Semi-Arid),#fece7c
Peddapalli,Sulthanabad,TS,0.0,0.0,0.0,188.77525242219912,0.0,0.0,0.0,0.0,0.0,0.0,0.0,0.0,0.0,Deccan Plateau (Telangana) & Eastern Ghats (Semi-Arid),1,False,Deccan Plateau (Telangana) & Eastern Ghats (Semi-Arid),#fece7c
Rajanna Sircilla,Boinpalli,TS,0.0,0.0,0.0,153.6467019825643,0.0,0.0,0.0,0.0,0.0,0.0,0.0,0.0,0.0,Deccan Plateau (Telangana) & Eastern Ghats (Semi-Arid),1,False,Deccan Plateau (Telangana) & Eastern Ghats (Semi-Arid),#fece7c
Rajanna Sircilla,Chandurthi,TS,0.0,0.0,0.0,205.870455532397,1.1250193531965036,0.0,0.0,0.0,0.0,0.0,0.0,0.0,0.0,Deccan Plateau (Telangana) & Eastern Ghats (Semi-Arid); Deccan Plateau (Semi-Arid),2,True,Shared: Deccan Plateau (Telangana) & Eastern Ghats (Semi-Arid) + Deccan Plateau (Semi-Arid),#888888
Rajanna Sircilla,Gambhiraopet,TS,0.0,0.0,0.0,119.20770335979569,58.7092680395747,0.0,0.0,0.0,0.0,0.0,0.0,0.0,0.0,Deccan Plateau (Telangana) & Eastern Ghats (Semi-Arid); Deccan Plateau (Semi-Arid),2,True,Shared: Deccan Plateau (Telangana) & Eastern Ghats (Semi-Arid) + Deccan Plateau (Semi-Arid),#888888
Rajanna Sircilla,Illanthakunta,TS,0.0,0.0,0.0,269.16374055181745,0.0,0.0,0.0,0.0,0.0,0.0,0.0,0.0,0.0,Deccan Plateau (Telangana) & Eastern Ghats (Semi-Arid),1,False,Deccan Plateau (Telangana) & Eastern Ghats (Semi-Arid),#fece7c
Rajanna Sircilla,Konaraopet,TS,0.0,0.0,0.0,215.63894361157983,2.8886178577106487,0.0,0.0,0.0,0.0,0.0,0.0,0.0,0.0,Deccan Plateau (Telangana) & Eastern Ghats (Semi-Arid); Deccan Plateau (Semi-Arid),2,True,Shared: Deccan Plateau (Telangana) & Eastern Ghats (Semi-Arid) + Deccan Plateau (Semi-Arid),#888888
Rajanna Sircilla,Mustabad,TS,0.0,0.0,0.0,193.21190642585665,0.0,0.0,0.0,0.0,0.0,0.0,0.0,0.0,0.0,Deccan Plateau (Telangana) & Eastern Ghats (Semi-Arid),1,False,Deccan Plateau (Telangana) & Eastern Ghats (Semi-Arid),#fece7c
Rajanna Sircilla,Sircilla,TS,0.0,0.0,0.0,274.3235994418261,0.0,0.0,0.0,0.0,0.0,0.0,0.0,0.0,0.0,Deccan Plateau (Telangana) & Eastern Ghats (Semi-Arid),1,False,Deccan Plateau (Telangana) & Eastern Ghats (Semi-Arid),#fece7c
Rajanna Sircilla,Vemulawada,TS,0.0,0.0,0.0,209.4497200672488,0.0,0.0,0.0,0.0,0.0,0.0,0.0,0.0,0.0,Deccan Plateau (Telangana) & Eastern Ghats (Semi-Arid),1,False,Deccan Plateau (Telangana) & Eastern Ghats (Semi-Arid),#fece7c
Rajanna Sircilla,Yellareddipet,TS,0.0,0.0,0.0,257.0209864446228,56.62061709301341,0.0,0.0,0.0,0.0,0.0,0.0,0.0,0.0,Deccan Plateau (Telangana) & Eastern Ghats (Semi-Arid); Deccan Plateau (Semi-Arid),2,True,Shared: Deccan Plateau (Telangana) & Eastern Ghats (Semi-Arid) + Deccan Plateau (Semi-Arid),#888888
Ranga Reddy,Amangal,TS,0.0,0.0,0.0,313.4948291395045,0.0,0.0,0.0,0.0,0.0,0.0,0.0,0.0,0.0,Deccan Plateau (Telangana) & Eastern Ghats (Semi-Arid),1,False,Deccan Plateau (Telangana) & Eastern Ghats (Semi-Arid),#fece7c
Ranga Reddy,Chevella,TS,0.0,0.0,0.0,315.14725291372605,0.0,0.0,0.0,0.0,0.0,0.0,0.0,0.0,0.0,Deccan Plateau (Telangana) & Eastern Ghats (Semi-Arid),1,False,Deccan Plateau (Telangana) & Eastern Ghats (Semi-Arid),#fece7c
Ranga Reddy,Farooqnagar,TS,0.0,0.0,0.0,280.1966695230286,0.0,0.0,0.0,0.0,0.0,0.0,0.0,0.0,0.0,Deccan Plateau (Telangana) & Eastern Ghats (Semi-Arid),1,False,Deccan Plateau (Telangana) & Eastern Ghats (Semi-Arid),#fece7c
Ranga Reddy,Hayathnagar,TS,0.0,0.0,0.0,330.99516902112043,0.0,0.0,0.0,0.0,0.0,0.0,0.0,0.0,0.0,Deccan Plateau (Telangana) & Eastern Ghats (Semi-Arid),1,False,Deccan Plateau (Telangana) & Eastern Ghats (Semi-Arid),#fece7c
Ranga Reddy,Ibrahimpatnam,TS,0.0,0.0,0.0,301.46043611617546,0.0,0.0,0.0,0.0,0.0,0.0,0.0,0.0,0.0,Deccan Plateau (Telangana) & Eastern Ghats (Semi-Arid),1,False,Deccan Plateau (Telangana) & Eastern Ghats (Semi-Arid),#fece7c
Ranga Reddy,Kandukur,TS,0.0,0.0,0.0,349.1162255414972,0.0,0.0,0.0,0.0,0.0,0.0,0.0,0.0,0.0,Deccan Plateau (Telangana) & Eastern Ghats (Semi-Arid),1,False,Deccan Plateau (Telangana) & Eastern Ghats (Semi-Arid),#fece7c
Ranga Reddy,Keshampet,TS,0.0,0.0,0.0,278.8546220481516,0.0,0.0,0.0,0.0,0.0,0.0,0.0,0.0,0.0,Deccan Plateau (Telangana) & Eastern Ghats (Semi-Arid),1,False,Deccan Plateau (Telangana) & Eastern Ghats (Semi-Arid),#fece7c
Ranga Reddy,Kondurg,TS,0.0,0.0,0.0,250.3842110427032,0.0,0.0,0.0,0.0,0.0,0.0,0.0,0.0,0.0,Deccan Plateau (Telangana) & Eastern Ghats (Semi-Arid),1,False,Deccan Plateau (Telangana) & Eastern Ghats (Semi-Arid),#fece7c
Ranga Reddy,Kothur,TS,0.0,0.0,0.0,195.67481128413343,0.0,0.0,0.0,0.0,0.0,0.0,0.0,0.0,0.0,Deccan Plateau (Telangana) & Eastern Ghats (Semi-Arid),1,False,Deccan Plateau (Telangana) & Eastern Ghats (Semi-Arid),#fece7c
Ranga Reddy,Madgul,TS,0.0,0.0,0.0,288.82169772887005,0.0,0.0,0.0,0.0,0.0,0.0,0.0,0.0,0.0,Deccan Plateau (Telangana) & Eastern Ghats (Semi-Arid),1,False,Deccan Plateau (Telangana) & Eastern Ghats (Semi-Arid),#fece7c
Ranga Reddy,Maheshwaram,TS,0.0,0.0,0.0,314.77762173254274,0.0,0.0,0.0,0.0,0.0,0.0,0.0,0.0,0.0,Deccan Plateau (Telangana) & Eastern Ghats (Semi-Arid),1,False,Deccan Plateau (Telangana) & Eastern Ghats (Semi-Arid),#fece7c
Ranga Reddy,Manchal,TS,0.0,0.0,0.0,248.5493943560885,0.0,0.0,0.0,0.0,0.0,0.0,0.0,0.0,0.0,Deccan Plateau (Telangana) & Eastern Ghats (Semi-Arid),1,False,Deccan Plateau (Telangana) & Eastern Ghats (Semi-Arid),#fece7c
Ranga Reddy,Moinabad,TS,0.0,0.0,0.0,202.7040178905487,0.0,0.0,0.0,0.0,0.0,0.0,0.0,0.0,0.0,Deccan Plateau (Telangana) & Eastern Ghats (Semi-Arid),1,False,Deccan Plateau (Telangana) & Eastern Ghats (Semi-Arid),#fece7c
Ranga Reddy,Rajendranagar,TS,0.0,0.0,0.0,199.6690400207289,0.0,0.0,0.0,0.0,0.0,0.0,0.0,0.0,0.0,Deccan Plateau (Telangana) & Eastern Ghats (Semi-Arid),1,False,Deccan Plateau (Telangana) & Eastern Ghats (Semi-Arid),#fece7c
Ranga Reddy,Saroornagar,TS,0.0,0.0,0.0,172.3664589343087,0.0,0.0,0.0,0.0,0.0,0.0,0.0,0.0,0.0,Deccan Plateau (Telangana) & Eastern Ghats (Semi-Arid),1,False,Deccan Plateau (Telangana) & Eastern Ghats (Semi-Arid),#fece7c
Ranga Reddy,Serilingampally,TS,0.0,0.0,0.0,82.48918459144578,0.0,0.0,0.0,0.0,0.0,0.0,0.0,0.0,0.0,Deccan Plateau (Telangana) & Eastern Ghats (Semi-Arid),1,False,Deccan Plateau (Telangana) & Eastern Ghats (Semi-Arid),#fece7c
Ranga Reddy,Shabad,TS,0.0,0.0,0.0,283.6556009371713,0.0,0.0,0.0,0.0,0.0,0.0,0.0,0.0,0.0,Deccan Plateau (Telangana) & Eastern Ghats (Semi-Arid),1,False,Deccan Plateau (Telangana) & Eastern Ghats (Semi-Arid),#fece7c
Ranga Reddy,Shamshabad,TS,0.0,0.0,0.0,194.3179481259368,0.0,0.0,0.0,0.0,0.0,0.0,0.0,0.0,0.0,Deccan Plateau (Telangana) & Eastern Ghats (Semi-Arid),1,False,Deccan Plateau (Telangana) & Eastern Ghats (Semi-Arid),#fece7c
Ranga Reddy,Shankarpalle,TS,0.0,0.0,0.0,234.6235308526429,0.0,0.0,0.0,0.0,0.0,0.0,0.0,0.0,0.0,Deccan Plateau (Telangana) & Eastern Ghats (Semi-Arid),1,False,Deccan Plateau (Telangana) & Eastern Ghats (Semi-Arid),#fece7c
Ranga Reddy,Thalakondapally,TS,0.0,0.0,0.0,341.56224825513635,0.0,0.0,0.0,0.0,0.0,0.0,0.0,0.0,0.0,Deccan Plateau (Telangana) & Eastern Ghats (Semi-Arid),1,False,Deccan Plateau (Telangana) & Eastern Ghats (Semi-Arid),#fece7c
Ranga Reddy,Yacharam,TS,0.0,0.0,0.0,339.0494522177016,0.0,0.0,0.0,0.0,0.0,0.0,0.0,0.0,0.0,Deccan Plateau (Telangana) & Eastern Ghats (Semi-Arid),1,False,Deccan Plateau (Telangana) & Eastern Ghats (Semi-Arid),#fece7c
Sangareddy,Andole,TS,0.0,0.0,0.0,195.7855043812659,0.0,0.0,0.0,0.0,0.0,0.0,0.0,0.0,0.0,Deccan Plateau (Telangana) & Eastern Ghats (Semi-Arid),1,False,Deccan Plateau (Telangana) & Eastern Ghats (Semi-Arid),#fece7c
Sangareddy,Hathnoora,TS,0.0,0.0,0.0,242.9520814781633,0.0,0.0,0.0,0.0,0.0,0.0,0.0,0.0,0.0,Deccan Plateau (Telangana) & Eastern Ghats (Semi-Arid),1,False,Deccan Plateau (Telangana) & Eastern Ghats (Semi-Arid),#fece7c
Sangareddy,Jharasangam,TS,0.0,0.0,0.0,233.23398026819808,0.0,0.0,0.0,0.0,0.0,0.0,0.0,0.0,0.0,Deccan Plateau (Telangana) & Eastern Ghats (Semi-Arid),1,False,Deccan Plateau (Telangana) & Eastern Ghats (Semi-Arid),#fece7c
Sangareddy,Jinnaram,TS,0.0,0.0,0.0,236.85579346343064,0.0,0.0,0.0,0.0,0.0,0.0,0.0,0.0,0.0,Deccan Plateau (Telangana) & Eastern Ghats (Semi-Arid),1,False,Deccan Plateau (Telangana) & Eastern Ghats (Semi-Arid),#fece7c
Sangareddy,Kalher,TS,0.0,0.0,0.0,217.71236180977743,22.722855847361384,0.0,0.0,0.0,0.0,0.0,0.0,0.0,0.0,Deccan Plateau (Telangana) & Eastern Ghats (Semi-Arid); Deccan Plateau (Semi-Arid),2,True,Shared: Deccan Plateau (Telangana) & Eastern Ghats (Semi-Arid) + Deccan Plateau (Semi-Arid),#888888
Sangareddy,Kangti,TS,0.0,0.0,0.0,293.91476387893107,9.28174584593026,0.0,0.0,0.0,0.0,0.0,0.0,0.0,0.0,Deccan Plateau (Telangana) & Eastern Ghats (Semi-Arid); Deccan Plateau (Semi-Arid),2,True,Shared: Deccan Plateau (Telangana) & Eastern Ghats (Semi-Arid) + Deccan Plateau (Semi-Arid),#888888
Sangareddy,Kohir,TS,0.0,0.0,0.0,237.5954980807557,1.2935712697532185,0.0,0.0,0.0,0.0,0.0,0.0,0.0,0.0,Deccan Plateau (Telangana) & Eastern Ghats (Semi-Arid); Deccan Plateau (Semi-Arid),2,True,Shared: Deccan Plateau (Telangana) & Eastern Ghats (Semi-Arid) + Deccan Plateau (Semi-Arid),#888888
Sangareddy,Kondapur,TS,0.0,0.0,0.0,168.11980090191005,0.0,0.0,0.0,0.0,0.0,0.0,0.0,0.0,0.0,Deccan Plateau (Telangana) & Eastern Ghats (Semi-Arid),1,False,Deccan Plateau (Telangana) & Eastern Ghats (Semi-Arid),#fece7c
Sangareddy,Manoor,TS,0.0,0.0,0.0,321.1152964946488,7.161367222959729,0.0,0.0,0.0,0.0,0.0,0.0,0.0,0.0,Deccan Plateau (Telangana) & Eastern Ghats (Semi-Arid); Deccan Plateau (Semi-Arid),2,True,Shared: Deccan Plateau (Telangana) & Eastern Ghats (Semi-Arid) + Deccan Plateau (Semi-Arid),#888888
Sangareddy,Munipally,TS,0.0,0.0,0.0,257.2104686767313,0.0,0.0,0.0,0.0,0.0,0.0,0.0,0.0,0.0,Deccan Plateau (Telangana) & Eastern Ghats (Semi-Arid),1,False,Deccan Plateau (Telangana) & Eastern Ghats (Semi-Arid),#fece7c
Sangareddy,Narayankhed,TS,0.0,0.0,0.0,230.5008983742955,0.0,0.0,0.0,0.0,0.0,0.0,0.0,0.0,0.0,Deccan Plateau (Telangana) & Eastern Ghats (Semi-Arid),1,False,Deccan Plateau (Telangana) & Eastern Ghats (Semi-Arid),#fece7c
Sangareddy,Nyalkal,TS,0.0,0.0,0.0,289.7719435364903,3.1014852187612214,0.0,0.0,0.0,0.0,0.0,0.0,0.0,0.0,Deccan Plateau (Telangana) & Eastern Ghats (Semi-Arid); Deccan Plateau (Semi-Arid),2,True,Shared: Deccan Plateau (Telangana) & Eastern Ghats (Semi-Arid) + Deccan Plateau (Semi-Arid),#888888
Sangareddy,Patancheru,TS,0.0,0.0,0.0,246.6505168044628,0.0,0.0,0.0,0.0,0.0,0.0,0.0,0.0,0.0,Deccan Plateau (Telangana) & Eastern Ghats (Semi-Arid),1,False,Deccan Plateau (Telangana) & Eastern Ghats (Semi-Arid),#fece7c
Sangareddy,Pulkal,TS,0.0,0.0,0.0,277.7877773062342,0.0,0.0,0.0,0.0,0.0,0.0,0.0,0.0,0.0,Deccan Plateau (Telangana) & Eastern Ghats (Semi-Arid),1,False,Deccan Plateau (Telangana) & Eastern Ghats (Semi-Arid),#fece7c
Sangareddy,Raikode,TS,0.0,0.0,0.0,240.71522086873253,0.0,0.0,0.0,0.0,0.0,0.0,0.0,0.0,0.0,Deccan Plateau (Telangana) & Eastern Ghats (Semi-Arid),1,False,Deccan Plateau (Telangana) & Eastern Ghats (Semi-Arid),#fece7c
Sangareddy,Ramchandrapuram,TS,0.0,0.0,0.0,87.77836525944787,0.0,0.0,0.0,0.0,0.0,0.0,0.0,0.0,0.0,Deccan Plateau (Telangana) & Eastern Ghats (Semi-Arid),1,False,Deccan Plateau (Telangana) & Eastern Ghats (Semi-Arid),#fece7c
Sangareddy,Sadasivpet,TS,0.0,0.0,0.0,279.8084670649875,0.0,0.0,0.0,0.0,0.0,0.0,0.0,0.0,0.0,Deccan Plateau (Telangana) & Eastern Ghats (Semi-Arid),1,False,Deccan Plateau (Telangana) & Eastern Ghats (Semi-Arid),#fece7c
Sangareddy,Sangareddy,TS,0.0,0.0,0.0,239.63192389225512,0.0,0.0,0.0,0.0,0.0,0.0,0.0,0.0,0.0,Deccan Plateau (Telangana) & Eastern Ghats (Semi-Arid),1,False,Deccan Plateau (Telangana) & Eastern Ghats (Semi-Arid),#fece7c
Sangareddy,Zahirabad,TS,0.0,0.0,0.0,452.68791598285,2.576817357383492,0.0,0.0,0.0,0.0,0.0,0.0,0.0,0.0,Deccan Plateau (Telangana) & Eastern Ghats (Semi-Arid); Deccan Plateau (Semi-Arid),2,True,Shared: Deccan Plateau (Telangana) & Eastern Ghats (Semi-Arid) + Deccan Plateau (Semi-Arid),#888888
Siddipet,Bejjanki,TS,0.0,0.0,0.0,311.0953331328141,0.0,0.0,0.0,0.0,0.0,0.0,0.0,0.0,0.0,Deccan Plateau (Telangana) & Eastern Ghats (Semi-Arid),1,False,Deccan Plateau (Telangana) & Eastern Ghats (Semi-Arid),#fece7c
Siddipet,Cherial,TS,0.0,0.0,0.0,306.6404299032596,0.0,0.0,0.0,0.0,0.0,0.0,0.0,0.0,0.0,Deccan Plateau (Telangana) & Eastern Ghats (Semi-Arid),1,False,Deccan Plateau (Telangana) & Eastern Ghats (Semi-Arid),#fece7c
Siddipet,Chinnakodur,TS,0.0,0.0,0.0,284.95975319172885,0.0,0.0,0.0,0.0,0.0,0.0,0.0,0.0,0.0,Deccan Plateau (Telangana) & Eastern Ghats (Semi-Arid),1,False,Deccan Plateau (Telangana) & Eastern Ghats (Semi-Arid),#fece7c
Siddipet,Doultabad,TS,0.0,0.0,0.0,229.4384126540542,0.0,0.0,0.0,0.0,0.0,0.0,0.0,0.0,0.0,Deccan Plateau (Telangana) & Eastern Ghats (Semi-Arid),1,False,Deccan Plateau (Telangana) & Eastern Ghats (Semi-Arid),#fece7c
Siddipet,Dubbak,TS,0.0,0.0,0.0,268.42547258867063,0.0,0.0,0.0,0.0,0.0,0.0,0.0,0.0,0.0,Deccan Plateau (Telangana) & Eastern Ghats (Semi-Arid),1,False,Deccan Plateau (Telangana) & Eastern Ghats (Semi-Arid),#fece7c
Siddipet,Gajwel,TS,0.0,0.0,0.0,209.58814369312148,0.0,0.0,0.0,0.0,0.0,0.0,0.0,0.0,0.0,Deccan Plateau (Telangana) & Eastern Ghats (Semi-Arid),1,False,Deccan Plateau (Telangana) & Eastern Ghats (Semi-Arid),#fece7c
Siddipet,Husnabad,TS,0.0,0.0,0.0,319.1893985882806,0.0,0.0,0.0,0.0,0.0,0.0,0.0,0.0,0.0,Deccan Plateau (Telangana) & Eastern Ghats (Semi-Arid),1,False,Deccan Plateau (Telangana) & Eastern Ghats (Semi-Arid),#fece7c
Siddipet,Jagdevpur,TS,0.0,0.0,0.0,241.1163488734158,0.0,0.0,0.0,0.0,0.0,0.0,0.0,0.0,0.0,Deccan Plateau (Telangana) & Eastern Ghats (Semi-Arid),1,False,Deccan Plateau (Telangana) & Eastern Ghats (Semi-Arid),#fece7c
Siddipet,Koheda,TS,0.0,0.0,0.0,238.01018683532328,0.0,0.0,0.0,0.0,0.0,0.0,0.0,0.0,0.0,Deccan Plateau (Telangana) & Eastern Ghats (Semi-Arid),1,False,Deccan Plateau (Telangana) & Eastern Ghats (Semi-Arid),#fece7c
Siddipet,Kondapak,TS,0.0,0.0,0.0,242.24808471393044,0.0,0.0,0.0,0.0,0.0,0.0,0.0,0.0,0.0,Deccan Plateau (Telangana) & Eastern Ghats (Semi-Arid),1,False,Deccan Plateau (Telangana) & Eastern Ghats (Semi-Arid),#fece7c
Siddipet,Maddur,TS,0.0,0.0,0.0,200.85583511362,0.0,0.0,0.0,0.0,0.0,0.0,0.0,0.0,0.0,Deccan Plateau (Telangana) & Eastern Ghats (Semi-Arid),1,False,Deccan Plateau (Telangana) & Eastern Ghats (Semi-Arid),#fece7c
Siddipet,Mirdoddi,TS,0.0,0.0,0.0,195.0372522585056,0.0,0.0,0.0,0.0,0.0,0.0,0.0,0.0,0.0,Deccan Plateau (Telangana) & Eastern Ghats (Semi-Arid),1,False,Deccan Plateau (Telangana) & Eastern Ghats (Semi-Arid),#fece7c
Siddipet,Mulug,TS,0.0,0.0,0.0,227.70406508351388,0.0,0.0,0.0,0.0,0.0,0.0,0.0,0.0,0.0,Deccan Plateau (Telangana) & Eastern Ghats (Semi-Arid),1,False,Deccan Plateau (Telangana) & Eastern Ghats (Semi-Arid),#fece7c
Siddipet,Nangnoor,TS,0.0,0.0,0.0,205.77563142093925,0.0,0.0,0.0,0.0,0.0,0.0,0.0,0.0,0.0,Deccan Plateau (Telangana) & Eastern Ghats (Semi-Arid),1,False,Deccan Plateau (Telangana) & Eastern Ghats (Semi-Arid),#fece7c
Siddipet,Siddipet Urban,TS,0.0,0.0,0.0,289.36358078899025,0.0,0.0,0.0,0.0,0.0,0.0,0.0,0.0,0.0,Deccan Plateau (Telangana) & Eastern Ghats (Semi-Arid),1,False,Deccan Plateau (Telangana) & Eastern Ghats (Semi-Arid),#fece7c
Siddipet,Thoguta,TS,0.0,0.0,0.0,196.5230846449585,0.0,0.0,0.0,0.0,0.0,0.0,0.0,0.0,0.0,Deccan Plateau (Telangana) & Eastern Ghats (Semi-Arid),1,False,Deccan Plateau (Telangana) & Eastern Ghats (Semi-Arid),#fece7c
Siddipet,Wargal,TS,0.0,0.0,0.0,217.70808762379949,0.0,0.0,0.0,0.0,0.0,0.0,0.0,0.0,0.0,Deccan Plateau (Telangana) & Eastern Ghats (Semi-Arid),1,False,Deccan Plateau (Telangana) & Eastern Ghats (Semi-Arid),#fece7c
Suryapet,Atmakur (S),TS,0.0,0.0,0.0,231.1203538645832,0.0,0.0,0.0,0.0,0.0,0.0,0.0,0.0,0.0,Deccan Plateau (Telangana) & Eastern Ghats (Semi-Arid),1,False,Deccan Plateau (Telangana) & Eastern Ghats (Semi-Arid),#fece7c
Suryapet,Chilkur,TS,0.0,0.0,0.0,138.8484368853251,0.0,0.0,0.0,0.0,0.0,0.0,0.0,0.0,0.0,Deccan Plateau (Telangana) & Eastern Ghats (Semi-Arid),1,False,Deccan Plateau (Telangana) & Eastern Ghats (Semi-Arid),#fece7c
Suryapet,Chivemla,TS,0.0,0.0,0.0,171.0848892695024,0.0,0.0,0.0,0.0,0.0,0.0,0.0,0.0,0.0,Deccan Plateau (Telangana) & Eastern Ghats (Semi-Arid),1,False,Deccan Plateau (Telangana) & Eastern Ghats (Semi-Arid),#fece7c
Suryapet,Garidepally,TS,0.0,0.0,0.0,242.30553694196783,0.0,0.0,0.0,0.0,0.0,0.0,0.0,0.0,0.0,Deccan Plateau (Telangana) & Eastern Ghats (Semi-Arid),1,False,Deccan Plateau (Telangana) & Eastern Ghats (Semi-Arid),#fece7c
Suryapet,Huzurnagar,TS,0.0,0.0,0.0,137.29660621539443,0.0,0.0,0.0,0.0,0.0,0.0,0.0,0.0,0.0,Deccan Plateau (Telangana) & Eastern Ghats (Semi-Arid),1,False,Deccan Plateau (Telangana) & Eastern Ghats (Semi-Arid),#fece7c
Suryapet,Jajireddygudem,TS,0.0,0.0,0.0,210.2441208043644,0.0,0.0,0.0,0.0,0.0,0.0,0.0,0.0,0.0,Deccan Plateau (Telangana) & Eastern Ghats (Semi-Arid),1,False,Deccan Plateau (Telangana) & Eastern Ghats (Semi-Arid),#fece7c
Suryapet,Kodad,TS,0.0,0.0,0.0,248.45855457426768,0.0,0.0,0.0,0.0,0.0,0.0,0.0,0.0,0.0,Deccan Plateau (Telangana) & Eastern Ghats (Semi-Arid),1,False,Deccan Plateau (Telangana) & Eastern Ghats (Semi-Arid),#fece7c
Suryapet,Mattampally,TS,0.0,0.0,0.0,243.6116790335803,0.0,0.0,0.0,0.0,0.0,0.0,0.0,0.0,0.0,Deccan Plateau (Telangana) & Eastern Ghats (Semi-Arid),1,False,Deccan Plateau (Telangana) & Eastern Ghats (Semi-Arid),#fece7c
Suryapet,Mellachervu,TS,0.0,0.0,0.0,374.9853247771701,0.0,0.0,0.0,0.0,0.0,0.0,0.0,0.0,0.0,Deccan Plateau (Telangana) & Eastern Ghats (Semi-Arid),1,False,Deccan Plateau (Telangana) & Eastern Ghats (Semi-Arid),#fece7c
Suryapet,Mothey,TS,0.0,0.0,0.0,206.9300327870738,0.0,0.0,0.0,0.0,0.0,0.0,0.0,0.0,0.0,Deccan Plateau (Telangana) & Eastern Ghats (Semi-Arid),1,False,Deccan Plateau (Telangana) & Eastern Ghats (Semi-Arid),#fece7c
Suryapet,Munagala,TS,0.0,0.0,0.0,162.31333071696758,0.0,0.0,0.0,0.0,0.0,0.0,0.0,0.0,0.0,Deccan Plateau (Telangana) & Eastern Ghats (Semi-Arid),1,False,Deccan Plateau (Telangana) & Eastern Ghats (Semi-Arid),#fece7c
Suryapet,Nadigudem,TS,0.0,0.0,0.0,180.52107318279863,0.0,0.0,0.0,0.0,0.0,0.0,0.0,0.0,0.0,Deccan Plateau (Telangana) & Eastern Ghats (Semi-Arid),1,False,Deccan Plateau (Telangana) & Eastern Ghats (Semi-Arid),#fece7c
Suryapet,Nereducherla,TS,0.0,0.0,0.0,284.1906367261941,0.0,0.0,0.0,0.0,0.0,0.0,0.0,0.0,0.0,Deccan Plateau (Telangana) & Eastern Ghats (Semi-Arid),1,False,Deccan Plateau (Telangana) & Eastern Ghats (Semi-Arid),#fece7c
Suryapet,Nuthanakal,TS,0.0,0.0,0.0,248.73884643894192,0.0,0.0,0.0,0.0,0.0,0.0,0.0,0.0,0.0,Deccan Plateau (Telangana) & Eastern Ghats (Semi-Arid),1,False,Deccan Plateau (Telangana) & Eastern Ghats (Semi-Arid),#fece7c
Suryapet,Penpahad,TS,0.0,0.0,0.0,197.11653648548696,0.0,0.0,0.0,0.0,0.0,0.0,0.0,0.0,0.0,Deccan Plateau (Telangana) & Eastern Ghats (Semi-Arid),1,False,Deccan Plateau (Telangana) & Eastern Ghats (Semi-Arid),#fece7c
Suryapet,Suryapet,TS,0.0,0.0,0.0,230.0798033568392,0.0,0.0,0.0,0.0,0.0,0.0,0.0,0.0,0.0,Deccan Plateau (Telangana) & Eastern Ghats (Semi-Arid),1,False,Deccan Plateau (Telangana) & Eastern Ghats (Semi-Arid),#fece7c
Suryapet,Thirumalagiri,TS,0.0,0.0,0.0,194.46430822325587,0.0,0.0,0.0,0.0,0.0,0.0,0.0,0.0,0.0,Deccan Plateau (Telangana) & Eastern Ghats (Semi-Arid),1,False,Deccan Plateau (Telangana) & Eastern Ghats (Semi-Arid),#fece7c
Suryapet,Thungaturthy,TS,0.0,0.0,0.0,250.97298308528192,0.0,0.0,0.0,0.0,0.0,0.0,0.0,0.0,0.0,Deccan Plateau (Telangana) & Eastern Ghats (Semi-Arid),1,False,Deccan Plateau (Telangana) & Eastern Ghats (Semi-Arid),#fece7c
Vikarabad,Bantwaram,TS,0.0,0.0,0.0,194.0804751449951,0.3956513406396146,0.0,0.0,0.0,0.0,0.0,0.0,0.0,0.0,Deccan Plateau (Telangana) & Eastern Ghats (Semi-Arid); Deccan Plateau (Semi-Arid),2,True,Shared: Deccan Plateau (Telangana) & Eastern Ghats (Semi-Arid) + Deccan Plateau (Semi-Arid),#888888
Vikarabad,Basheerabad,TS,0.0,0.0,0.0,231.0280333941115,3.503748201096841,0.0,0.0,0.0,0.0,0.0,0.0,0.0,0.0,Deccan Plateau (Telangana) & Eastern Ghats (Semi-Arid); Deccan Plateau (Semi-Arid),2,True,Shared: Deccan Plateau (Telangana) & Eastern Ghats (Semi-Arid) + Deccan Plateau (Semi-Arid),#888888
Vikarabad,Bomaraspeta,TS,0.0,0.0,0.0,250.21357534840865,0.0,0.0,0.0,0.0,0.0,0.0,0.0,0.0,0.0,Deccan Plateau (Telangana) & Eastern Ghats (Semi-Arid),1,False,Deccan Plateau (Telangana) & Eastern Ghats (Semi-Arid),#fece7c
Vikarabad,Dharur,TS,0.0,0.0,0.0,239.37079998232767,0.0,0.0,0.0,0.0,0.0,0.0,0.0,0.0,0.0,Deccan Plateau (Telangana) & Eastern Ghats (Semi-Arid),1,False,Deccan Plateau (Telangana) & Eastern Ghats (Semi-Arid),#fece7c
Vikarabad,Doma,TS,0.0,0.0,0.0,187.017579938886,0.0,0.0,0.0,0.0,0.0,0.0,0.0,0.0,0.0,Deccan Plateau (Telangana) & Eastern Ghats (Semi-Arid),1,False,Deccan Plateau (Telangana) & Eastern Ghats (Semi-Arid),#fece7c
Vikarabad,Doulathabad,TS,0.0,0.0,0.0,220.20748179040783,1.7493796360379932,0.0,0.0,0.0,0.0,0.0,0.0,0.0,0.0,Deccan Plateau (Telangana) & Eastern Ghats (Semi-Arid); Deccan Plateau (Semi-Arid),2,True,Shared: Deccan Plateau (Telangana) & Eastern Ghats (Semi-Arid) + Deccan Plateau (Semi-Arid),#888888
Vikarabad,Kodangal,TS,0.0,0.0,0.0,261.7163892441278,1.2547318884410923,0.0,0.0,0.0,0.0,0.0,0.0,0.0,0.0,Deccan Plateau (Telangana) & Eastern Ghats (Semi-Arid); Deccan Plateau (Semi-Arid),2,True,Shared: Deccan Plateau (Telangana) & Eastern Ghats (Semi-Arid) + Deccan Plateau (Semi-Arid),#888888
Vikarabad,Kulkacharla,TS,0.0,0.0,0.0,299.4174574054941,0.0,0.0,0.0,0.0,0.0,0.0,0.0,0.0,0.0,Deccan Plateau (Telangana) & Eastern Ghats (Semi-Arid),1,False,Deccan Plateau (Telangana) & Eastern Ghats (Semi-Arid),#fece7c
Vikarabad,Marpalle,TS,0.0,0.0,0.0,248.9507621142692,0.1117881518300776,0.0,0.0,0.0,0.0,0.0,0.0,0.0,0.0,Deccan Plateau (Telangana) & Eastern Ghats (Semi-Arid); Deccan Plateau (Semi-Arid),2,True,Shared: Deccan Plateau (Telangana) & Eastern Ghats (Semi-Arid) + Deccan Plateau (Semi-Arid),#888888
Vikarabad,Mominpet,TS,0.0,0.0,0.0,228.5139585197776,0.0,0.0,0.0,0.0,0.0,0.0,0.0,0.0,0.0,Deccan Plateau (Telangana) & Eastern Ghats (Semi-Arid),1,False,Deccan Plateau (Telangana) & Eastern Ghats (Semi-Arid),#fece7c
Vikarabad,Nawabpet,TS,0.0,0.0,0.0,170.53625748182333,0.0,0.0,0.0,0.0,0.0,0.0,0.0,0.0,0.0,Deccan Plateau (Telangana) & Eastern Ghats (Semi-Arid),1,False,Deccan Plateau (Telangana) & Eastern Ghats (Semi-Arid),#fece7c
Vikarabad,Pargi,TS,0.0,0.0,0.0,239.67259327278376,0.0,0.0,0.0,0.0,0.0,0.0,0.0,0.0,0.0,Deccan Plateau (Telangana) & Eastern Ghats (Semi-Arid),1,False,Deccan Plateau (Telangana) & Eastern Ghats (Semi-Arid),#fece7c
Vikarabad,Peddemul,TS,0.0,0.0,0.0,308.3617446953691,0.7403574422366446,0.0,0.0,0.0,0.0,0.0,0.0,0.0,0.0,Deccan Plateau (Telangana) & Eastern Ghats (Semi-Arid); Deccan Plateau (Semi-Arid),2,True,Shared: Deccan Plateau (Telangana) & Eastern Ghats (Semi-Arid) + Deccan Plateau (Semi-Arid),#888888
Vikarabad,Pudur,TS,0.0,0.0,0.0,260.10677147575194,0.0,0.0,0.0,0.0,0.0,0.0,0.0,0.0,0.0,Deccan Plateau (Telangana) & Eastern Ghats (Semi-Arid),1,False,Deccan Plateau (Telangana) & Eastern Ghats (Semi-Arid),#fece7c
Vikarabad,Tandur,TS,0.0,0.0,0.0,248.965316494671,2.7148459309365327,0.0,0.0,0.0,0.0,0.0,0.0,0.0,0.0,Deccan Plateau (Telangana) & Eastern Ghats (Semi-Arid); Deccan Plateau (Semi-Arid),2,True,Shared: Deccan Plateau (Telangana) & Eastern Ghats (Semi-Arid) + Deccan Plateau (Semi-Arid),#888888
Vikarabad,Vikarabad,TS,0.0,0.0,0.0,263.7718751462352,0.0,0.0,0.0,0.0,0.0,0.0,0.0,0.0,0.0,Deccan Plateau (Telangana) & Eastern Ghats (Semi-Arid),1,False,Deccan Plateau (Telangana) & Eastern Ghats (Semi-Arid),#fece7c
Vikarabad,Yelal,TS,0.0,0.0,0.0,220.75771991153005,0.0,0.0,0.0,0.0,0.0,0.0,0.0,0.0,0.0,Deccan Plateau (Telangana) & Eastern Ghats (Semi-Arid),1,False,Deccan Plateau (Telangana) & Eastern Ghats (Semi-Arid),#fece7c
Wanaparthy,Atmakur,TS,0.0,0.0,0.0,237.15964358217093,0.0,0.0,0.0,0.0,0.0,0.0,0.0,0.0,0.0,Deccan Plateau (Telangana) & Eastern Ghats (Semi-Arid),1,False,Deccan Plateau (Telangana) & Eastern Ghats (Semi-Arid),#fece7c
Wanaparthy,Ghanpur,TS,0.0,0.0,0.0,206.9849307739518,0.0,0.0,0.0,0.0,0.0,0.0,0.0,0.0,0.0,Deccan Plateau (Telangana) & Eastern Ghats (Semi-Arid),1,False,Deccan Plateau (Telangana) & Eastern Ghats (Semi-Arid),#fece7c
Wanaparthy,Gopalpeta,TS,0.0,0.0,0.0,293.9910641528127,0.0,0.0,0.0,0.0,0.0,0.0,0.0,0.0,0.0,Deccan Plateau (Telangana) & Eastern Ghats (Semi-Arid),1,False,Deccan Plateau (Telangana) & Eastern Ghats (Semi-Arid),#fece7c
Wanaparthy,Kothakota,TS,0.0,0.0,0.0,277.127517592256,0.0,0.0,0.0,0.0,0.0,0.0,0.0,0.0,0.0,Deccan Plateau (Telangana) & Eastern Ghats (Semi-Arid),1,False,Deccan Plateau (Telangana) & Eastern Ghats (Semi-Arid),#fece7c
Wanaparthy,Pangal,TS,0.0,0.0,0.0,293.5722935599143,0.0,0.0,0.0,0.0,0.0,0.0,0.0,0.0,0.0,Deccan Plateau (Telangana) & Eastern Ghats (Semi-Arid),1,False,Deccan Plateau (Telangana) & Eastern Ghats (Semi-Arid),#fece7c
Wanaparthy,Pebbair,TS,0.0,0.0,0.0,287.2306943743061,0.0,0.0,0.0,0.0,0.0,0.0,0.0,0.0,0.0,Deccan Plateau (Telangana) & Eastern Ghats (Semi-Arid),1,False,Deccan Plateau (Telangana) & Eastern Ghats (Semi-Arid),#fece7c
Wanaparthy,Peddamandadi,TS,0.0,0.0,0.0,213.1713241752813,0.0,0.0,0.0,0.0,0.0,0.0,0.0,0.0,0.0,Deccan Plateau (Telangana) & Eastern Ghats (Semi-Arid),1,False,Deccan Plateau (Telangana) & Eastern Ghats (Semi-Arid),#fece7c
Wanaparthy,Wanaparthy,TS,0.0,0.0,0.0,220.62832711660545,0.0,0.0,0.0,0.0,0.0,0.0,0.0,0.0,0.0,Deccan Plateau (Telangana) & Eastern Ghats (Semi-Arid),1,False,Deccan Plateau (Telangana) & Eastern Ghats (Semi-Arid),#fece7c
Wanaparthy,Weepangandla,TS,0.0,0.0,0.0,351.29819372523605,0.0,0.0,0.0,0.0,0.0,0.0,0.0,0.0,0.0,Deccan Plateau (Telangana) & Eastern Ghats (Semi-Arid),1,False,Deccan Plateau (Telangana) & Eastern Ghats (Semi-Arid),#fece7c
Warangal Rural,Athmakur,TS,0.0,0.0,0.0,202.51233271111604,0.0,0.0,0.0,0.0,0.0,0.0,0.0,0.0,0.0,Deccan Plateau (Telangana) & Eastern Ghats (Semi-Arid),1,False,Deccan Plateau (Telangana) & Eastern Ghats (Semi-Arid),#fece7c
Warangal Rural,Chennaraopet,TS,0.0,0.0,0.0,152.87099430216986,0.0,0.0,0.0,0.0,0.0,0.0,0.0,0.0,0.0,Deccan Plateau (Telangana) & Eastern Ghats (Semi-Arid),1,False,Deccan Plateau (Telangana) & Eastern Ghats (Semi-Arid),#fece7c
Warangal Rural,Duggondi,TS,0.0,0.0,0.0,139.40826416667386,0.0,0.0,0.0,0.0,0.0,0.0,0.0,0.0,0.0,Deccan Plateau (Telangana) & Eastern Ghats (Semi-Arid),1,False,Deccan Plateau (Telangana) & Eastern Ghats (Semi-Arid),#fece7c
Warangal Rural,Geesugonda,TS,0.0,0.0,0.0,145.94321556040404,0.0,0.0,0.0,0.0,0.0,0.0,0.0,0.0,0.0,Deccan Plateau (Telangana) & Eastern Ghats (Semi-Arid),1,False,Deccan Plateau (Telangana) & Eastern Ghats (Semi-Arid),#fece7c
Warangal Rural,Khanapur,TS,0.0,0.0,0.0,88.87329886339927,0.0,0.0,0.0,0.0,0.0,0.0,0.0,0.0,0.0,Deccan Plateau (Telangana) & Eastern Ghats (Semi-Arid),1,False,Deccan Plateau (Telangana) & Eastern Ghats (Semi-Arid),#fece7c
Warangal Rural,Nallabelli,TS,0.0,0.0,0.0,150.51869844579412,0.0,0.0,0.0,0.0,0.0,0.0,0.0,0.0,0.0,Deccan Plateau (Telangana) & Eastern Ghats (Semi-Arid),1,False,Deccan Plateau (Telangana) & Eastern Ghats (Semi-Arid),#fece7c
Warangal Rural,Narsampet,TS,0.0,0.0,0.0,118.95317815727354,0.0,0.0,0.0,0.0,0.0,0.0,0.0,0.0,0.0,Deccan Plateau (Telangana) & Eastern Ghats (Semi-Arid),1,False,Deccan Plateau (Telangana) & Eastern Ghats (Semi-Arid),#fece7c
Warangal Rural,Nekkonda,TS,0.0,0.0,0.0,169.8691418643756,0.0,0.0,0.0,0.0,0.0,0.0,0.0,0.0,0.0,Deccan Plateau (Telangana) & Eastern Ghats (Semi-Arid),1,False,Deccan Plateau (Telangana) & Eastern Ghats (Semi-Arid),#fece7c
Warangal Rural,Parkal,TS,0.0,0.0,0.0,194.92189681283776,0.0,0.0,0.0,0.0,0.0,0.0,0.0,0.0,0.0,Deccan Plateau (Telangana) & Eastern Ghats (Semi-Arid),1,False,Deccan Plateau (Telangana) & Eastern Ghats (Semi-Arid),#fece7c
Warangal Rural,Parvathagiri,TS,0.0,0.0,0.0,182.7963883767774,0.0,0.0,0.0,0.0,0.0,0.0,0.0,0.0,0.0,Deccan Plateau (Telangana) & Eastern Ghats (Semi-Arid),1,False,Deccan Plateau (Telangana) & Eastern Ghats (Semi-Arid),#fece7c
Warangal Rural,Rayaparthy,TS,0.0,0.0,0.0,237.4603416235996,0.0,0.0,0.0,0.0,0.0,0.0,0.0,0.0,0.0,Deccan Plateau (Telangana) & Eastern Ghats (Semi-Arid),1,False,Deccan Plateau (Telangana) & Eastern Ghats (Semi-Arid),#fece7c
Warangal Rural,Sangem,TS,0.0,0.0,0.0,173.9116054575569,0.0,0.0,0.0,0.0,0.0,0.0,0.0,0.0,0.0,Deccan Plateau (Telangana) & Eastern Ghats (Semi-Arid),1,False,Deccan Plateau (Telangana) & Eastern Ghats (Semi-Arid),#fece7c
Warangal Rural,Shayampet,TS,0.0,0.0,0.0,124.93119113568906,0.0,0.0,0.0,0.0,0.0,0.0,0.0,0.0,0.0,Deccan Plateau (Telangana) & Eastern Ghats (Semi-Arid),1,False,Deccan Plateau (Telangana) & Eastern Ghats (Semi-Arid),#fece7c
Warangal Rural,Wardhannapet,TS,0.0,0.0,0.0,280.6630308317298,0.0,0.0,0.0,0.0,0.0,0.0,0.0,0.0,0.0,Deccan Plateau (Telangana) & Eastern Ghats (Semi-Arid),1,False,Deccan Plateau (Telangana) & Eastern Ghats (Semi-Arid),#fece7c
Warangal Urban,Bheemadevarpalli,TS,0.0,0.0,0.0,208.8686367161788,0.0,0.0,0.0,0.0,0.0,0.0,0.0,0.0,0.0,Deccan Plateau (Telangana) & Eastern Ghats (Semi-Arid),1,False,Deccan Plateau (Telangana) & Eastern Ghats (Semi-Arid),#fece7c
Warangal Urban,Dharmasagar,TS,0.0,0.0,0.0,331.26467899068774,0.0,0.0,0.0,0.0,0.0,0.0,0.0,0.0,0.0,Deccan Plateau (Telangana) & Eastern Ghats (Semi-Arid),1,False,Deccan Plateau (Telangana) & Eastern Ghats (Semi-Arid),#fece7c
Warangal Urban,Elkathurthy,TS,0.0,0.0,0.0,161.2827612468158,0.0,0.0,0.0,0.0,0.0,0.0,0.0,0.0,0.0,Deccan Plateau (Telangana) & Eastern Ghats (Semi-Arid),1,False,Deccan Plateau (Telangana) & Eastern Ghats (Semi-Arid),#fece7c
Warangal Urban,Hanamkonda,TS,0.0,0.0,0.0,216.1506106445722,0.0,0.0,0.0,0.0,0.0,0.0,0.0,0.0,0.0,Deccan Plateau (Telangana) & Eastern Ghats (Semi-Arid),1,False,Deccan Plateau (Telangana) & Eastern Ghats (Semi-Arid),#fece7c
Warangal Urban,Hasanparthy,TS,0.0,0.0,0.0,166.16786710030678,0.0,0.0,0.0,0.0,0.0,0.0,0.0,0.0,0.0,Deccan Plateau (Telangana) & Eastern Ghats (Semi-Arid),1,False,Deccan Plateau (Telangana) & Eastern Ghats (Semi-Arid),#fece7c
Warangal Urban,Kamalapur,TS,0.0,0.0,0.0,177.02625117287843,0.0,0.0,0.0,0.0,0.0,0.0,0.0,0.0,0.0,Deccan Plateau (Telangana) & Eastern Ghats (Semi-Arid),1,False,Deccan Plateau (Telangana) & Eastern Ghats (Semi-Arid),#fece7c
Warangal Urban,Warangal,TS,0.0,0.0,0.0,36.9816918880728,0.0,0.0,0.0,0.0,0.0,0.0,0.0,0.0,0.0,Deccan Plateau (Telangana) & Eastern Ghats (Semi-Arid),1,False,Deccan Plateau (Telangana) & Eastern Ghats (Semi-Arid),#fece7c
Yadadri Bhuvanagiri,Alair,TS,0.0,0.0,0.0,207.8479577169035,0.0,0.0,0.0,0.0,0.0,0.0,0.0,0.0,0.0,Deccan Plateau (Telangana) & Eastern Ghats (Semi-Arid),1,False,Deccan Plateau (Telangana) & Eastern Ghats (Semi-Arid),#fece7c
Yadadri Bhuvanagiri,Atmakur (M),TS,0.0,0.0,0.0,253.09886955341008,0.0,0.0,0.0,0.0,0.0,0.0,0.0,0.0,0.0,Deccan Plateau (Telangana) & Eastern Ghats (Semi-Arid),1,False,Deccan Plateau (Telangana) & Eastern Ghats (Semi-Arid),#fece7c
Yadadri Bhuvanagiri,B Pochampally,TS,0.0,0.0,0.0,209.43362081944656,0.0,0.0,0.0,0.0,0.0,0.0,0.0,0.0,0.0,Deccan Plateau (Telangana) & Eastern Ghats (Semi-Arid),1,False,Deccan Plateau (Telangana) & Eastern Ghats (Semi-Arid),#fece7c
Yadadri Bhuvanagiri,Bhongir,TS,0.0,0.0,0.0,297.53510270614834,0.0,0.0,0.0,0.0,0.0,0.0,0.0,0.0,0.0,Deccan Plateau (Telangana) & Eastern Ghats (Semi-Arid),1,False,Deccan Plateau (Telangana) & Eastern Ghats (Semi-Arid),#fece7c
Yadadri Bhuvanagiri,Bibinagar,TS,0.0,0.0,0.0,208.7651712382464,0.0,0.0,0.0,0.0,0.0,0.0,0.0,0.0,0.0,Deccan Plateau (Telangana) & Eastern Ghats (Semi-Arid),1,False,Deccan Plateau (Telangana) & Eastern Ghats (Semi-Arid),#fece7c
Yadadri Bhuvanagiri,Bommalaramaram,TS,0.0,0.0,0.0,189.15303088843507,0.0,0.0,0.0,0.0,0.0,0.0,0.0,0.0,0.0,Deccan Plateau (Telangana) & Eastern Ghats (Semi-Arid),1,False,Deccan Plateau (Telangana) & Eastern Ghats (Semi-Arid),#fece7c
Yadadri Bhuvanagiri,Choutuppal,TS,0.0,0.0,0.0,281.8077887494985,0.0,0.0,0.0,0.0,0.0,0.0,0.0,0.0,0.0,Deccan Plateau (Telangana) & Eastern Ghats (Semi-Arid),1,False,Deccan Plateau (Telangana) & Eastern Ghats (Semi-Arid),#fece7c
Yadadri Bhuvanagiri,Gundala,TS,0.0,0.0,0.0,232.54776815558847,0.0,0.0,0.0,0.0,0.0,0.0,0.0,0.0,0.0,Deccan Plateau (Telangana) & Eastern Ghats (Semi-Arid),1,False,Deccan Plateau (Telangana) & Eastern Ghats (Semi-Arid),#fece7c
Yadadri Bhuvanagiri,Mothkur,TS,0.0,0.0,0.0,322.58013936257714,0.0,0.0,0.0,0.0,0.0,0.0,0.0,0.0,0.0,Deccan Plateau (Telangana) & Eastern Ghats (Semi-Arid),1,False,Deccan Plateau (Telangana) & Eastern Ghats (Semi-Arid),#fece7c
Yadadri Bhuvanagiri,Narayanpur,TS,0.0,0.0,0.0,252.6563640075688,0.0,0.0,0.0,0.0,0.0,0.0,0.0,0.0,0.0,Deccan Plateau (Telangana) & Eastern Ghats (Semi-Arid),1,False,Deccan Plateau (Telangana) & Eastern Ghats (Semi-Arid),#fece7c
Yadadri Bhuvanagiri,Rajapeta,TS,0.0,0.0,0.0,209.9016927184928,0.0,0.0,0.0,0.0,0.0,0.0,0.0,0.0,0.0,Deccan Plateau (Telangana) & Eastern Ghats (Semi-Arid),1,False,Deccan Plateau (Telangana) & Eastern Ghats (Semi-Arid),#fece7c
Yadadri Bhuvanagiri,Ramannapet,TS,0.0,0.0,0.0,271.0419859325153,0.0,0.0,0.0,0.0,0.0,0.0,0.0,0.0,0.0,Deccan Plateau (Telangana) & Eastern Ghats (Semi-Arid),1,False,Deccan Plateau (Telangana) & Eastern Ghats (Semi-Arid),#fece7c
Yadadri Bhuvanagiri,Thurkapally,TS,0.0,0.0,0.0,216.0809087315482,0.0,0.0,0.0,0.0,0.0,0.0,0.0,0.0,0.0,Deccan Plateau (Telangana) & Eastern Ghats (Semi-Arid),1,False,Deccan Plateau (Telangana) & Eastern Ghats (Semi-Arid),#fece7c
Yadadri Bhuvanagiri,Valigonda,TS,0.0,0.0,0.0,306.98526589916486,0.0,0.0,0.0,0.0,0.0,0.0,0.0,0.0,0.0,Deccan Plateau (Telangana) & Eastern Ghats (Semi-Arid),1,False,Deccan Plateau (Telangana) & Eastern Ghats (Semi-Arid),#fece7c
Yadadri Bhuvanagiri,Yadagirigutta,TS,0.0,0.0,0.0,288.98019218609073,0.0,0.0,0.0,0.0,0.0,0.0,0.0,0.0,0.0,Deccan Plateau (Telangana) & Eastern Ghats (Semi-Arid),1,False,Deccan Plateau (Telangana) & Eastern Ghats (Semi-Arid),#fece7c
24 Paraganas North,Amdanga,WB,164.4331932152631,0.0,0.0,0.0,0.0,0.0,0.0,0.0,0.0,0.0,0.0,0.0,0.0,Assam & Bengal Plain (Subhumid–Humid),1,False,Assam & Bengal Plain (Subhumid–Humid),#9e0142
24 Paraganas North,Baduria,WB,246.77805548310005,0.0,0.0,0.0,0.0,0.0,0.0,0.0,0.0,0.0,0.0,0.0,0.0,Assam & Bengal Plain (Subhumid–Humid),1,False,Assam & Bengal Plain (Subhumid–Humid),#9e0142
24 Paraganas North,Bagda,WB,269.53474019295226,0.0,0.0,0.0,0.0,0.0,0.0,0.0,0.0,0.0,0.0,0.0,0.0,Assam & Bengal Plain (Subhumid–Humid),1,False,Assam & Bengal Plain (Subhumid–Humid),#9e0142
24 Paraganas North,Barasat - I,WB,183.43213173175795,0.0,0.0,0.0,0.0,0.0,0.0,0.0,0.0,0.0,0.0,0.0,0.0,Assam & Bengal Plain (Subhumid–Humid),1,False,Assam & Bengal Plain (Subhumid–Humid),#9e0142
24 Paraganas North,Barasat - II,WB,136.80290784349037,0.0,0.0,0.0,0.0,0.0,0.0,0.0,0.0,0.0,0.0,0.0,0.0,Assam & Bengal Plain (Subhumid–Humid),1,False,Assam & Bengal Plain (Subhumid–Humid),#9e0142
24 Paraganas North,Barrackpur - I,WB,192.57863125772656,0.0,0.0,0.0,0.0,0.0,0.0,0.0,0.0,0.0,0.0,0.0,0.0,Assam & Bengal Plain (Subhumid–Humid),1,False,Assam & Bengal Plain (Subhumid–Humid),#9e0142
24 Paraganas North,Barrackpur - II,WB,181.65161514174167,0.0,0.0,0.0,0.0,0.0,0.0,0.0,0.0,0.0,0.0,0.0,0.0,Assam & Bengal Plain (Subhumid–Humid),1,False,Assam & Bengal Plain (Subhumid–Humid),#9e0142
24 Paraganas North,Basirhat - I,WB,149.28031060337025,0.0,0.0,0.0,0.0,0.0,0.0,0.0,0.0,0.0,0.0,0.0,0.0,Assam & Bengal Plain (Subhumid–Humid),1,False,Assam & Bengal Plain (Subhumid–Humid),#9e0142
24 Paraganas North,Basirhat - II,WB,157.80036639531062,0.0,0.0,0.0,0.0,0.0,0.0,0.0,0.0,0.0,0.0,0.0,0.0,Assam & Bengal Plain (Subhumid–Humid),1,False,Assam & Bengal Plain (Subhumid–Humid),#9e0142
24 Paraganas North,Bongaon,WB,416.7022517320762,0.0,0.0,0.0,0.0,0.0,0.0,0.0,0.0,0.0,0.0,0.0,0.0,Assam & Bengal Plain (Subhumid–Humid),1,False,Assam & Bengal Plain (Subhumid–Humid),#9e0142
24 Paraganas North,Deganga,WB,237.86306947691392,0.0,0.0,0.0,0.0,0.0,0.0,0.0,0.0,0.0,0.0,0.0,0.0,Assam & Bengal Plain (Subhumid–Humid),1,False,Assam & Bengal Plain (Subhumid–Humid),#9e0142
24 Paraganas North,Gaighata,WB,288.9180250001631,0.0,0.0,0.0,0.0,0.0,0.0,0.0,0.0,0.0,0.0,0.0,0.0,Assam & Bengal Plain (Subhumid–Humid),1,False,Assam & Bengal Plain (Subhumid–Humid),#9e0142
24 Paraganas North,Habra - I,WB,203.24073286278647,0.0,0.0,0.0,0.0,0.0,0.0,0.0,0.0,0.0,0.0,0.0,0.0,Assam & Bengal Plain (Subhumid–Humid),1,False,Assam & Bengal Plain (Subhumid–Humid),#9e0142
24 Paraganas North,Habra - II,WB,132.7572911785332,0.0,0.0,0.0,0.0,0.0,0.0,0.0,0.0,0.0,0.0,0.0,0.0,Assam & Bengal Plain (Subhumid–Humid),1,False,Assam & Bengal Plain (Subhumid–Humid),#9e0142
24 Paraganas North,Haroa,WB,181.50951285814097,0.0,0.0,0.0,0.0,0.0,0.0,0.0,0.0,0.0,0.0,0.0,0.0,Assam & Bengal Plain (Subhumid–Humid),1,False,Assam & Bengal Plain (Subhumid–Humid),#9e0142
24 Paraganas North,Hasnabad,WB,180.8336475589076,0.0,0.0,0.0,0.0,0.0,0.0,0.0,0.0,0.0,0.0,0.0,0.0,Assam & Bengal Plain (Subhumid–Humid),1,False,Assam & Bengal Plain (Subhumid–Humid),#9e0142
24 Paraganas North,Hingalganj,WB,278.90590931263216,0.0,0.0,0.0,0.0,0.0,0.0,0.0,0.0,0.0,0.0,0.0,0.0,Assam & Bengal Plain (Subhumid–Humid),1,False,Assam & Bengal Plain (Subhumid–Humid),#9e0142
24 Paraganas North,Minakhan,WB,184.81426265086708,0.0,0.0,0.0,0.0,0.0,0.0,0.0,0.0,0.0,0.0,0.0,0.0,Assam & Bengal Plain (Subhumid–Humid),1,False,Assam & Bengal Plain (Subhumid–Humid),#9e0142
24 Paraganas North,Rajarhat,WB,153.87454191587673,0.0,0.0,0.0,0.0,0.0,0.0,0.0,0.0,0.0,0.0,0.0,0.0,Assam & Bengal Plain (Subhumid–Humid),1,False,Assam & Bengal Plain (Subhumid–Humid),#9e0142
24 Paraganas North,Sandeshkhali - I,WB,201.3525960037666,0.0,0.0,0.0,0.0,0.0,0.0,0.0,0.0,0.0,0.0,0.0,0.0,Assam & Bengal Plain (Subhumid–Humid),1,False,Assam & Bengal Plain (Subhumid–Humid),#9e0142
24 Paraganas North,Sandeshkhali - II,WB,200.4479542666727,0.0,0.0,0.0,0.0,0.0,0.0,0.0,0.0,0.0,0.0,0.0,0.0,Assam & Bengal Plain (Subhumid–Humid),1,False,Assam & Bengal Plain (Subhumid–Humid),#9e0142
24 Paraganas North,Swarupnagar,WB,254.7701176573508,0.0,0.0,0.0,0.0,0.0,0.0,0.0,0.0,0.0,0.0,0.0,0.0,Assam & Bengal Plain (Subhumid–Humid),1,False,Assam & Bengal Plain (Subhumid–Humid),#9e0142
24 Paraganas South,Baruipur,WB,261.37545970170373,0.0,0.0,0.0,0.0,0.0,0.0,0.0,0.0,0.0,0.0,0.0,0.0,Assam & Bengal Plain (Subhumid–Humid),1,False,Assam & Bengal Plain (Subhumid–Humid),#9e0142
24 Paraganas South,Basanti,WB,462.9623006785013,0.0,0.0,0.0,0.0,0.0,0.0,0.0,0.0,0.0,0.0,0.0,0.0,Assam & Bengal Plain (Subhumid–Humid),1,False,Assam & Bengal Plain (Subhumid–Humid),#9e0142
24 Paraganas South,Bhangar - I,WB,189.4327098719473,0.0,0.0,0.0,0.0,0.0,0.0,0.0,0.0,0.0,0.0,0.0,0.0,Assam & Bengal Plain (Subhumid–Humid),1,False,Assam & Bengal Plain (Subhumid–Humid),#9e0142
24 Paraganas South,Bhangar - II,WB,161.7432011793958,0.0,0.0,0.0,0.0,0.0,0.0,0.0,0.0,0.0,0.0,0.0,0.0,Assam & Bengal Plain (Subhumid–Humid),1,False,Assam & Bengal Plain (Subhumid–Humid),#9e0142
24 Paraganas South,Bishnupur - I,WB,135.3398361344472,0.0,0.0,0.0,0.0,0.0,0.0,0.0,0.0,0.0,0.0,0.0,0.0,Assam & Bengal Plain (Subhumid–Humid),1,False,Assam & Bengal Plain (Subhumid–Humid),#9e0142
24 Paraganas South,Bishnupur - II,WB,101.2436478075594,0.0,0.0,0.0,0.0,0.0,0.0,0.0,0.0,0.0,0.0,0.0,0.0,Assam & Bengal Plain (Subhumid–Humid),1,False,Assam & Bengal Plain (Subhumid–Humid),#9e0142
24 Paraganas South,Budge Budge - I,WB,57.63790039369368,0.0,0.0,0.0,0.0,0.0,0.0,0.0,0.0,0.0,0.0,0.0,0.0,Assam & Bengal Plain (Subhumid–Humid),1,False,Assam & Bengal Plain (Subhumid–Humid),#9e0142
24 Paraganas South,Budge Budge - II,WB,93.80520867532404,0.0,0.0,0.0,0.0,0.0,0.0,0.0,0.0,0.0,0.0,0.0,0.0,Assam & Bengal Plain (Subhumid–Humid),1,False,Assam & Bengal Plain (Subhumid–Humid),#9e0142
24 Paraganas South,Canning - I,WB,223.3130727124236,0.0,0.0,0.0,0.0,0.0,0.0,0.0,0.0,0.0,0.0,0.0,0.0,Assam & Bengal Plain (Subhumid–Humid),1,False,Assam & Bengal Plain (Subhumid–Humid),#9e0142
24 Paraganas South,Canning - II,WB,262.32979373548767,0.0,0.0,0.0,0.0,0.0,0.0,0.0,0.0,0.0,0.0,0.0,0.0,Assam & Bengal Plain (Subhumid–Humid),1,False,Assam & Bengal Plain (Subhumid–Humid),#9e0142
24 Paraganas South,Diamond Harbour - I,WB,95.9962073988064,0.0,0.0,0.0,0.0,0.0,0.0,0.0,0.0,0.0,0.0,0.0,0.0,Assam & Bengal Plain (Subhumid–Humid),1,False,Assam & Bengal Plain (Subhumid–Humid),#9e0142
24 Paraganas South,Diamond Harbour - II,WB,113.27645751371296,0.0,0.0,0.0,0.0,0.0,0.0,0.0,0.0,0.0,0.0,0.0,0.0,Assam & Bengal Plain (Subhumid–Humid),1,False,Assam & Bengal Plain (Subhumid–Humid),#9e0142
24 Paraganas South,Falta,WB,151.5332326973746,0.0,0.0,0.0,0.0,0.0,0.0,0.0,0.0,0.0,0.0,0.0,0.0,Assam & Bengal Plain (Subhumid–Humid),1,False,Assam & Bengal Plain (Subhumid–Humid),#9e0142
24 Paraganas South,Gosaba,WB,2229.554837074797,0.0,0.0,0.0,0.0,0.0,0.0,0.0,0.0,0.0,0.0,0.0,0.0,Assam & Bengal Plain (Subhumid–Humid),1,False,Assam & Bengal Plain (Subhumid–Humid),#9e0142
24 Paraganas South,Jaynagar - I,WB,149.62559151082294,0.0,0.0,0.0,0.0,0.0,0.0,0.0,0.0,0.0,0.0,0.0,0.0,Assam & Bengal Plain (Subhumid–Humid),1,False,Assam & Bengal Plain (Subhumid–Humid),#9e0142
24 Paraganas South,Jaynagar - II,WB,215.05566305218275,0.0,0.0,0.0,0.0,0.0,0.0,0.0,0.0,0.0,0.0,0.0,0.0,Assam & Bengal Plain (Subhumid–Humid),1,False,Assam & Bengal Plain (Subhumid–Humid),#9e0142
24 Paraganas South,Kakdwip,WB,270.5054712084207,0.0,0.0,0.0,0.0,0.0,0.0,0.0,0.0,0.0,0.0,0.0,0.0,Assam & Bengal Plain (Subhumid–Humid),1,False,Assam & Bengal Plain (Subhumid–Humid),#9e0142
24 Paraganas South,Kulpi,WB,231.51886880963903,0.0,0.0,0.0,0.0,0.0,0.0,0.0,0.0,0.0,0.0,0.0,0.0,Assam & Bengal Plain (Subhumid–Humid),1,False,Assam & Bengal Plain (Subhumid–Humid),#9e0142
24 Paraganas South,Kultali,WB,710.7690122624261,0.0,0.0,0.0,0.0,0.0,0.0,0.0,0.0,0.0,0.0,0.0,0.0,Assam & Bengal Plain (Subhumid–Humid),1,False,Assam & Bengal Plain (Subhumid–Humid),#9e0142
24 Paraganas South,Magrahat - I,WB,138.30817737233835,0.0,0.0,0.0,0.0,0.0,0.0,0.0,0.0,0.0,0.0,0.0,0.0,Assam & Bengal Plain (Subhumid–Humid),1,False,Assam & Bengal Plain (Subhumid–Humid),#9e0142
24 Paraganas South,Magrahat - II,WB,164.96029921706142,0.0,0.0,0.0,0.0,0.0,0.0,0.0,0.0,0.0,0.0,0.0,0.0,Assam & Bengal Plain (Subhumid–Humid),1,False,Assam & Bengal Plain (Subhumid–Humid),#9e0142
24 Paraganas South,Mandirbazar,WB,137.99525538342309,0.0,0.0,0.0,0.0,0.0,0.0,0.0,0.0,0.0,0.0,0.0,0.0,Assam & Bengal Plain (Subhumid–Humid),1,False,Assam & Bengal Plain (Subhumid–Humid),#9e0142
24 Paraganas South,Mathurapur - I,WB,175.49044892020092,0.0,0.0,0.0,0.0,0.0,0.0,0.0,0.0,0.0,0.0,0.0,0.0,Assam & Bengal Plain (Subhumid–Humid),1,False,Assam & Bengal Plain (Subhumid–Humid),#9e0142
24 Paraganas South,Mathurapur - II,WB,263.69604521632886,0.0,0.0,0.0,0.0,0.0,0.0,0.0,0.0,0.0,0.0,0.0,0.0,Assam & Bengal Plain (Subhumid–Humid),1,False,Assam & Bengal Plain (Subhumid–Humid),#9e0142
24 Paraganas South,Namkhana,WB,346.5540036877357,0.0,0.0,0.0,0.0,0.0,0.0,0.0,0.0,0.0,0.0,0.0,0.0,Assam & Bengal Plain (Subhumid–Humid),1,False,Assam & Bengal Plain (Subhumid–Humid),#9e0142
24 Paraganas South,Patharpratima,WB,545.2340881019912,0.0,0.0,0.0,0.0,0.0,0.0,0.0,0.0,0.0,0.0,0.0,0.0,Assam & Bengal Plain (Subhumid–Humid),1,False,Assam & Bengal Plain (Subhumid–Humid),#9e0142
24 Paraganas South,Sagar,WB,354.57081037481936,0.0,0.0,0.0,0.0,0.0,0.0,0.0,0.0,0.0,0.0,0.0,0.0,Assam & Bengal Plain (Subhumid–Humid),1,False,Assam & Bengal Plain (Subhumid–Humid),#9e0142
24 Paraganas South,Sonarpur,WB,199.0490334461492,0.0,0.0,0.0,0.0,0.0,0.0,0.0,0.0,0.0,0.0,0.0,0.0,Assam & Bengal Plain (Subhumid–Humid),1,False,Assam & Bengal Plain (Subhumid–Humid),#9e0142
24 Paraganas South,Thakurpukur Mahestola,WB,112.56950101284394,0.0,0.0,0.0,0.0,0.0,0.0,0.0,0.0,0.0,0.0,0.0,0.0,Assam & Bengal Plain (Subhumid–Humid),1,False,Assam & Bengal Plain (Subhumid–Humid),#9e0142
Alipurduar,Alipurduar - I,WB,24.016931580345403,0.0,0.0,0.0,0.0,0.0,0.0,440.3494143200359,0.0,0.0,0.0,0.0,0.0,Assam & Bengal Plain (Subhumid–Humid); Eastern Himalayas (Perhumid),2,True,Shared: Assam & Bengal Plain (Subhumid–Humid) + Eastern Himalayas (Perhumid),#888888
Alipurduar,Alipurduar - II,WB,18.59829022068604,0.0,0.0,0.0,0.0,0.0,0.0,384.7621685371084,0.0,0.0,0.0,0.0,0.0,Assam & Bengal Plain (Subhumid–Humid); Eastern Himalayas (Perhumid),2,True,Shared: Assam & Bengal Plain (Subhumid–Humid) + Eastern Himalayas (Perhumid),#888888
Alipurduar,Falakata,WB,21.07172570373445,0.0,0.0,0.0,0.0,0.0,0.0,375.2836389340508,0.0,0.0,0.0,0.0,0.0,Assam & Bengal Plain (Subhumid–Humid); Eastern Himalayas (Perhumid),2,True,Shared: Assam & Bengal Plain (Subhumid–Humid) + Eastern Himalayas (Perhumid),#888888
Alipurduar,Kalchini,WB,0.0,0.0,0.0,0.0,0.0,0.0,0.0,1125.1233870190392,0.0,0.0,0.0,0.0,0.0,Eastern Himalayas (Perhumid),1,False,Eastern Himalayas (Perhumid),#d1ed9c
Alipurduar,Kumargram,WB,16.12184504645076,0.0,0.0,0.0,0.0,0.0,0.0,599.5467870108425,0.0,0.0,0.0,0.0,0.0,Assam & Bengal Plain (Subhumid–Humid); Eastern Himalayas (Perhumid),2,True,Shared: Assam & Bengal Plain (Subhumid–Humid) + Eastern Himalayas (Perhumid),#888888
Alipurduar,Madarihat,WB,0.0,0.0,0.0,0.0,0.0,0.0,0.0,501.1403307095482,0.0,0.0,0.0,0.0,0.0,Eastern Himalayas (Perhumid),1,False,Eastern Himalayas (Perhumid),#d1ed9c
Bankura,Bankura - I,WB,0.0,0.0,0.0,0.0,0.0,0.0,0.0,0.0,0.0,0.0,223.64489494385464,0.0,0.0,Eastern Plateau (Chhotanagpur) & Eastern Ghats (Subhumid),1,False,Eastern Plateau (Chhotanagpur) & Eastern Ghats (Subhumid),#5cb7aa
Bankura,Bankura - II,WB,18.58076753937786,0.0,0.0,0.0,0.0,0.0,0.0,0.0,0.0,0.0,243.97179070717408,0.0,0.0,Assam & Bengal Plain (Subhumid–Humid); Eastern Plateau (Chhotanagpur) & Eastern Ghats (Subhumid),2,True,Shared: Assam & Bengal Plain (Subhumid–Humid) + Eastern Plateau (Chhotanagpur) & Eastern Ghats (Subhumid),#888888
Bankura,Barjora,WB,290.9549226379879,0.0,0.0,0.0,0.0,0.0,0.0,0.0,0.0,0.0,175.505548487974,0.0,0.0,Assam & Bengal Plain (Subhumid–Humid); Eastern Plateau (Chhotanagpur) & Eastern Ghats (Subhumid),2,True,Shared: Assam & Bengal Plain (Subhumid–Humid) + Eastern Plateau (Chhotanagpur) & Eastern Ghats (Subhumid),#888888
Bankura,Chhatna,WB,0.0,0.0,0.0,0.0,0.0,0.0,0.0,0.0,0.0,0.0,536.8230596640401,0.0,0.0,Eastern Plateau (Chhotanagpur) & Eastern Ghats (Subhumid),1,False,Eastern Plateau (Chhotanagpur) & Eastern Ghats (Subhumid),#5cb7aa
Bankura,Gangajalghati,WB,0.0,0.0,0.0,0.0,0.0,0.0,0.0,0.0,0.0,0.0,450.8579999028718,0.0,0.0,Eastern Plateau (Chhotanagpur) & Eastern Ghats (Subhumid),1,False,Eastern Plateau (Chhotanagpur) & Eastern Ghats (Subhumid),#5cb7aa
Bankura,Hirbandh,WB,0.0,0.0,0.0,0.0,0.0,0.0,0.0,0.0,0.0,0.0,240.1707517016032,0.0,0.0,Eastern Plateau (Chhotanagpur) & Eastern Ghats (Subhumid),1,False,Eastern Plateau (Chhotanagpur) & Eastern Ghats (Subhumid),#5cb7aa
Bankura,Indpur,WB,0.0,0.0,0.0,0.0,0.0,0.0,0.0,0.0,0.0,0.0,360.1633746003581,0.0,0.0,Eastern Plateau (Chhotanagpur) & Eastern Ghats (Subhumid),1,False,Eastern Plateau (Chhotanagpur) & Eastern Ghats (Subhumid),#5cb7aa
Bankura,Indus,WB,307.03602096787944,0.0,0.0,0.0,0.0,0.0,0.0,0.0,0.0,0.0,0.0,0.0,0.0,Assam & Bengal Plain (Subhumid–Humid),1,False,Assam & Bengal Plain (Subhumid–Humid),#9e0142
Bankura,Jaypur,WB,314.8229262012781,0.0,0.0,0.0,0.0,0.0,0.0,0.0,0.0,0.0,0.0,0.0,0.0,Assam & Bengal Plain (Subhumid–Humid),1,False,Assam & Bengal Plain (Subhumid–Humid),#9e0142
Bankura,Khatra,WB,0.0,0.0,0.0,0.0,0.0,0.0,0.0,0.0,0.0,0.0,274.37208878699505,0.0,0.0,Eastern Plateau (Chhotanagpur) & Eastern Ghats (Subhumid),1,False,Eastern Plateau (Chhotanagpur) & Eastern Ghats (Subhumid),#5cb7aa
Bankura,Kotulpur,WB,293.95287692455554,0.0,0.0,0.0,0.0,0.0,0.0,0.0,0.0,0.0,0.0,0.0,0.0,Assam & Bengal Plain (Subhumid–Humid),1,False,Assam & Bengal Plain (Subhumid–Humid),#9e0142
Bankura,Mejhia,WB,0.0,0.0,0.0,0.0,0.0,0.0,0.0,0.0,0.0,0.0,196.9817049811136,0.0,0.0,Eastern Plateau (Chhotanagpur) & Eastern Ghats (Subhumid),1,False,Eastern Plateau (Chhotanagpur) & Eastern Ghats (Subhumid),#5cb7aa
Bankura,Onda,WB,312.62728723994525,0.0,0.0,0.0,0.0,0.0,0.0,0.0,0.0,0.0,286.1218995039612,0.0,0.0,Assam & Bengal Plain (Subhumid–Humid); Eastern Plateau (Chhotanagpur) & Eastern Ghats (Subhumid),2,True,Shared: Assam & Bengal Plain (Subhumid–Humid) + Eastern Plateau (Chhotanagpur) & Eastern Ghats (Subhumid),#888888
Bankura,Patrasayer,WB,380.5046034205107,0.0,0.0,0.0,0.0,0.0,0.0,0.0,0.0,0.0,0.0,0.0,0.0,Assam & Bengal Plain (Subhumid–Humid),1,False,Assam & Bengal Plain (Subhumid–Humid),#9e0142
Bankura,Raipur,WB,0.0,0.0,0.0,0.0,0.0,0.0,0.0,0.0,0.0,0.0,432.9790639346108,0.0,0.0,Eastern Plateau (Chhotanagpur) & Eastern Ghats (Subhumid),1,False,Eastern Plateau (Chhotanagpur) & Eastern Ghats (Subhumid),#5cb7aa
Bankura,Ranibundh,WB,0.0,0.0,0.0,0.0,0.0,0.0,0.0,0.0,0.0,0.0,510.60437179994045,0.0,0.0,Eastern Plateau (Chhotanagpur) & Eastern Ghats (Subhumid),1,False,Eastern Plateau (Chhotanagpur) & Eastern Ghats (Subhumid),#5cb7aa
Bankura,Saltora,WB,0.0,0.0,0.0,0.0,0.0,0.0,0.0,0.0,0.0,0.0,378.4398927194026,0.0,0.0,Eastern Plateau (Chhotanagpur) & Eastern Ghats (Subhumid),1,False,Eastern Plateau (Chhotanagpur) & Eastern Ghats (Subhumid),#5cb7aa
Bankura,Sarenga,WB,0.0,0.0,0.0,0.0,0.0,0.0,0.0,0.0,0.0,0.0,265.6759049107174,0.0,0.0,Eastern Plateau (Chhotanagpur) & Eastern Ghats (Subhumid),1,False,Eastern Plateau (Chhotanagpur) & Eastern Ghats (Subhumid),#5cb7aa
Bankura,Simlapal,WB,65.6248058411115,0.0,0.0,0.0,0.0,0.0,0.0,0.0,0.0,0.0,298.6907786765369,0.0,0.0,Assam & Bengal Plain (Subhumid–Humid); Eastern Plateau (Chhotanagpur) & Eastern Ghats (Subhumid),2,True,Shared: Assam & Bengal Plain (Subhumid–Humid) + Eastern Plateau (Chhotanagpur) & Eastern Ghats (Subhumid),#888888
Bankura,Sonamukhi,WB,459.2031403074458,0.0,0.0,0.0,0.0,0.0,0.0,0.0,0.0,0.0,0.0,0.0,0.0,Assam & Bengal Plain (Subhumid–Humid),1,False,Assam & Bengal Plain (Subhumid–Humid),#9e0142
Bankura,Taldangra,WB,189.4736397386381,0.0,0.0,0.0,0.0,0.0,0.0,0.0,0.0,0.0,225.2738772764829,0.0,0.0,Assam & Bengal Plain (Subhumid–Humid); Eastern Plateau (Chhotanagpur) & Eastern Ghats (Subhumid),2,True,Shared: Assam & Bengal Plain (Subhumid–Humid) + Eastern Plateau (Chhotanagpur) & Eastern Ghats (Subhumid),#888888
Bankura,Vishnupur,WB,452.5505234601785,0.0,0.0,0.0,0.0,0.0,0.0,0.0,0.0,0.0,0.0,0.0,0.0,Assam & Bengal Plain (Subhumid–Humid),1,False,Assam & Bengal Plain (Subhumid–Humid),#9e0142
Birbhum,Bolpur Sriniketan,WB,397.0347096001548,0.0,0.0,0.0,0.0,0.0,0.0,0.0,0.0,0.0,0.0,0.0,0.0,Assam & Bengal Plain (Subhumid–Humid),1,False,Assam & Bengal Plain (Subhumid–Humid),#9e0142
Birbhum,Dubrajpur,WB,39.02758643187656,0.0,0.0,0.0,0.0,0.0,0.0,0.0,0.0,0.0,398.1755038008069,0.0,0.0,Assam & Bengal Plain (Subhumid–Humid); Eastern Plateau (Chhotanagpur) & Eastern Ghats (Subhumid),2,True,Shared: Assam & Bengal Plain (Subhumid–Humid) + Eastern Plateau (Chhotanagpur) & Eastern Ghats (Subhumid),#888888
Birbhum,Illambazar,WB,307.692952200007,0.0,0.0,0.0,0.0,0.0,0.0,0.0,0.0,0.0,6.283675284818473,0.0,0.0,Assam & Bengal Plain (Subhumid–Humid); Eastern Plateau (Chhotanagpur) & Eastern Ghats (Subhumid),2,True,Shared: Assam & Bengal Plain (Subhumid–Humid) + Eastern Plateau (Chhotanagpur) & Eastern Ghats (Subhumid),#888888
Birbhum,Khoyrasol,WB,0.0,0.0,0.0,0.0,0.0,0.0,0.0,0.0,0.0,0.0,327.13993252214306,0.0,0.0,Eastern Plateau (Chhotanagpur) & Eastern Ghats (Subhumid),1,False,Eastern Plateau (Chhotanagpur) & Eastern Ghats (Subhumid),#5cb7aa
Birbhum,Labpur,WB,323.4199533190017,0.0,0.0,0.0,0.0,0.0,0.0,0.0,0.0,0.0,0.0,0.0,0.0,Assam & Bengal Plain (Subhumid–Humid),1,False,Assam & Bengal Plain (Subhumid–Humid),#9e0142
Birbhum,Mayureswar - I,WB,272.8008808804278,0.0,0.0,0.0,0.0,0.0,0.0,0.0,0.0,0.0,0.0,0.0,0.0,Assam & Bengal Plain (Subhumid–Humid),1,False,Assam & Bengal Plain (Subhumid–Humid),#9e0142
Birbhum,Mayureswar - II,WB,187.8764173518147,0.0,0.0,0.0,0.0,0.0,0.0,0.0,0.0,0.0,0.0,0.0,0.0,Assam & Bengal Plain (Subhumid–Humid),1,False,Assam & Bengal Plain (Subhumid–Humid),#9e0142
Birbhum,Mohammad Bazar,WB,20.003957704029627,0.0,0.0,0.0,0.0,0.0,0.0,0.0,0.0,0.0,359.591099365619,0.0,0.0,Assam & Bengal Plain (Subhumid–Humid); Eastern Plateau (Chhotanagpur) & Eastern Ghats (Subhumid),2,True,Shared: Assam & Bengal Plain (Subhumid–Humid) + Eastern Plateau (Chhotanagpur) & Eastern Ghats (Subhumid),#888888
Birbhum,Murarai - I,WB,200.86381240868528,0.0,0.0,0.0,0.0,0.0,0.0,0.0,0.0,0.0,8.910483704969254,0.0,0.0,Assam & Bengal Plain (Subhumid–Humid); Eastern Plateau (Chhotanagpur) & Eastern Ghats (Subhumid),2,True,Shared: Assam & Bengal Plain (Subhumid–Humid) + Eastern Plateau (Chhotanagpur) & Eastern Ghats (Subhumid),#888888
Birbhum,Murarai - II,WB,228.004295673122,0.0,0.0,0.0,0.0,0.0,0.0,0.0,0.0,0.0,0.0,0.0,0.0,Assam & Bengal Plain (Subhumid–Humid),1,False,Assam & Bengal Plain (Subhumid–Humid),#9e0142
Birbhum,Nalhati - I,WB,289.120936543344,0.0,0.0,0.0,0.0,0.0,0.0,0.0,0.0,0.0,6.071179808405665,0.0,0.0,Assam & Bengal Plain (Subhumid–Humid); Eastern Plateau (Chhotanagpur) & Eastern Ghats (Subhumid),2,True,Shared: Assam & Bengal Plain (Subhumid–Humid) + Eastern Plateau (Chhotanagpur) & Eastern Ghats (Subhumid),#888888
Birbhum,Nalhati - II,WB,133.41129867927967,0.0,0.0,0.0,0.0,0.0,0.0,0.0,0.0,0.0,0.0,0.0,0.0,Assam & Bengal Plain (Subhumid–Humid),1,False,Assam & Bengal Plain (Subhumid–Humid),#9e0142
Birbhum,Nanoor,WB,381.8388611096791,0.0,0.0,0.0,0.0,0.0,0.0,0.0,0.0,0.0,0.0,0.0,0.0,Assam & Bengal Plain (Subhumid–Humid),1,False,Assam & Bengal Plain (Subhumid–Humid),#9e0142
Birbhum,Rajnagar,WB,0.0,0.0,0.0,0.0,0.0,0.0,0.0,0.0,0.0,0.0,266.1852494044598,0.0,0.0,Eastern Plateau (Chhotanagpur) & Eastern Ghats (Subhumid),1,False,Eastern Plateau (Chhotanagpur) & Eastern Ghats (Subhumid),#5cb7aa
Birbhum,Rampurhat - I,WB,289.80694497052946,0.0,0.0,0.0,0.0,0.0,0.0,0.0,0.0,0.0,61.24287692018885,0.0,0.0,Assam & Bengal Plain (Subhumid–Humid); Eastern Plateau (Chhotanagpur) & Eastern Ghats (Subhumid),2,True,Shared: Assam & Bengal Plain (Subhumid–Humid) + Eastern Plateau (Chhotanagpur) & Eastern Ghats (Subhumid),#888888
Birbhum,Rampurhat - II,WB,227.5885447115456,0.0,0.0,0.0,0.0,0.0,0.0,0.0,0.0,0.0,0.0,0.0,0.0,Assam & Bengal Plain (Subhumid–Humid),1,False,Assam & Bengal Plain (Subhumid–Humid),#9e0142
Birbhum,Sainthia,WB,362.59345814946334,0.0,0.0,0.0,0.0,0.0,0.0,0.0,0.0,0.0,14.07373357307594,0.0,0.0,Assam & Bengal Plain (Subhumid–Humid); Eastern Plateau (Chhotanagpur) & Eastern Ghats (Subhumid),2,True,Shared: Assam & Bengal Plain (Subhumid–Humid) + Eastern Plateau (Chhotanagpur) & Eastern Ghats (Subhumid),#888888
Birbhum,Suri - I,WB,0.0012405105975699,0.0,0.0,0.0,0.0,0.0,0.0,0.0,0.0,0.0,195.64018728447525,0.0,0.0,Assam & Bengal Plain (Subhumid–Humid); Eastern Plateau (Chhotanagpur) & Eastern Ghats (Subhumid),2,True,Shared: Assam & Bengal Plain (Subhumid–Humid) + Eastern Plateau (Chhotanagpur) & Eastern Ghats (Subhumid),#888888
Birbhum,Suri - II,WB,102.83822206994668,0.0,0.0,0.0,0.0,0.0,0.0,0.0,0.0,0.0,60.71275682005479,0.0,0.0,Assam & Bengal Plain (Subhumid–Humid); Eastern Plateau (Chhotanagpur) & Eastern Ghats (Subhumid),2,True,Shared: Assam & Bengal Plain (Subhumid–Humid) + Eastern Plateau (Chhotanagpur) & Eastern Ghats (Subhumid),#888888
Coochbehar,Cooch Behar - I,WB,432.18845140999855,0.0,0.0,0.0,0.0,0.0,0.0,0.0,0.0,0.0,0.0,0.0,0.0,Assam & Bengal Plain (Subhumid–Humid),1,False,Assam & Bengal Plain (Subhumid–Humid),#9e0142
Coochbehar,Cooch Behar - II,WB,438.4423757870089,0.0,0.0,0.0,0.0,0.0,0.0,19.75900579635556,0.0,0.0,0.0,0.0,0.0,Assam & Bengal Plain (Subhumid–Humid); Eastern Himalayas (Perhumid),2,True,Shared: Assam & Bengal Plain (Subhumid–Humid) + Eastern Himalayas (Perhumid),#888888
Coochbehar,Dinhata - I,WB,342.57467157869263,0.0,0.0,0.0,0.0,0.0,0.0,0.0,0.0,0.0,0.0,0.0,0.0,Assam & Bengal Plain (Subhumid–Humid),1,False,Assam & Bengal Plain (Subhumid–Humid),#9e0142
Coochbehar,Dinhata - II,WB,321.09887595173353,0.0,0.0,0.0,0.0,0.0,0.0,0.0,0.0,0.0,0.0,0.0,0.0,Assam & Bengal Plain (Subhumid–Humid),1,False,Assam & Bengal Plain (Subhumid–Humid),#9e0142
Coochbehar,Haldibari,WB,170.58213703650875,0.0,0.0,0.0,0.0,0.0,0.0,0.0,0.0,0.0,0.0,0.0,0.0,Assam & Bengal Plain (Subhumid–Humid),1,False,Assam & Bengal Plain (Subhumid–Humid),#9e0142
Coochbehar,Mathabhanga - I,WB,382.1189187380597,0.0,0.0,0.0,0.0,0.0,0.0,0.0,0.0,0.0,0.0,0.0,0.0,Assam & Bengal Plain (Subhumid–Humid),1,False,Assam & Bengal Plain (Subhumid–Humid),#9e0142
Coochbehar,Mathabhanga - II,WB,400.6041608814912,0.0,0.0,0.0,0.0,0.0,0.0,0.0,0.0,0.0,0.0,0.0,0.0,Assam & Bengal Plain (Subhumid–Humid),1,False,Assam & Bengal Plain (Subhumid–Humid),#9e0142
Coochbehar,Mekliganj,WB,384.3617143076696,0.0,0.0,0.0,0.0,0.0,0.0,0.0,0.0,0.0,0.0,0.0,0.0,Assam & Bengal Plain (Subhumid–Humid),1,False,Assam & Bengal Plain (Subhumid–Humid),#9e0142
Coochbehar,Sitai,WB,197.118601608564,0.0,0.0,0.0,0.0,0.0,0.0,0.0,0.0,0.0,0.0,0.0,0.0,Assam & Bengal Plain (Subhumid–Humid),1,False,Assam & Bengal Plain (Subhumid–Humid),#9e0142
Coochbehar,Sitalkuchi,WB,323.3513153843174,0.0,0.0,0.0,0.0,0.0,0.0,0.0,0.0,0.0,0.0,0.0,0.0,Assam & Bengal Plain (Subhumid–Humid),1,False,Assam & Bengal Plain (Subhumid–Humid),#9e0142
Coochbehar,Tufanganj - I,WB,390.79471126040335,0.0,0.0,0.0,0.0,0.0,0.0,5.512767289026079,0.0,0.0,0.0,0.0,0.0,Assam & Bengal Plain (Subhumid–Humid); Eastern Himalayas (Perhumid),2,True,Shared: Assam & Bengal Plain (Subhumid–Humid) + Eastern Himalayas (Perhumid),#888888
Coochbehar,Tufanganj - II,WB,306.61493385190624,0.0,0.0,0.0,0.0,0.0,0.0,16.943938858072784,0.0,0.0,0.0,0.0,0.0,Assam & Bengal Plain (Subhumid–Humid); Eastern Himalayas (Perhumid),2,True,Shared: Assam & Bengal Plain (Subhumid–Humid) + Eastern Himalayas (Perhumid),#888888
Darjeeling,Darjeeling Pulbazar,WB,0.0,0.0,0.0,0.0,0.0,0.0,0.0,510.0063669378011,0.0,0.0,0.0,0.0,0.0,Eastern Himalayas (Perhumid),1,False,Eastern Himalayas (Perhumid),#d1ed9c
Darjeeling,Jorebunglow Sukiapokhri,WB,0.0,0.0,0.0,0.0,0.0,0.0,0.0,287.6425437030163,0.0,0.0,0.0,0.0,0.0,Eastern Himalayas (Perhumid),1,False,Eastern Himalayas (Perhumid),#d1ed9c
Darjeeling,Kharibari,WB,154.13020051822198,0.0,0.0,0.0,0.0,0.0,0.0,0.0,0.0,0.0,0.0,0.0,0.0,Assam & Bengal Plain (Subhumid–Humid),1,False,Assam & Bengal Plain (Subhumid–Humid),#9e0142
Darjeeling,Kurseong,WB,0.0,0.0,0.0,0.0,0.0,0.0,0.0,434.4389539618805,0.0,0.0,0.0,0.0,0.0,Eastern Himalayas (Perhumid),1,False,Eastern Himalayas (Perhumid),#d1ed9c
Darjeeling,Matigara,WB,30.032374638114003,0.0,0.0,0.0,0.0,0.0,0.0,173.54545440452182,0.0,0.0,0.0,0.0,0.0,Assam & Bengal Plain (Subhumid–Humid); Eastern Himalayas (Perhumid),2,True,Shared: Assam & Bengal Plain (Subhumid–Humid) + Eastern Himalayas (Perhumid),#888888
Darjeeling,Mirik,WB,0.019027611429863,0.0,0.0,0.0,0.0,0.0,0.0,140.30740164349805,0.0,0.0,0.0,0.0,0.0,Assam & Bengal Plain (Subhumid–Humid); Eastern Himalayas (Perhumid),2,True,Shared: Assam & Bengal Plain (Subhumid–Humid) + Eastern Himalayas (Perhumid),#888888
Darjeeling,Naxalbari,WB,173.67082906728072,0.0,0.0,0.0,0.0,0.0,0.0,53.50783667371952,0.0,0.0,0.0,0.0,0.0,Assam & Bengal Plain (Subhumid–Humid); Eastern Himalayas (Perhumid),2,True,Shared: Assam & Bengal Plain (Subhumid–Humid) + Eastern Himalayas (Perhumid),#888888
Darjeeling,Phansidewa,WB,376.5175960245055,0.0,0.0,0.0,0.0,0.0,0.0,0.0,12.747159251428789,0.0,0.0,0.0,0.0,Assam & Bengal Plain (Subhumid–Humid); Eastern Plain (Subhumid Moist),2,True,Shared: Assam & Bengal Plain (Subhumid–Humid) + Eastern Plain (Subhumid Moist),#888888
Darjeeling,Rangli Rangliot,WB,0.0,0.0,0.0,0.0,0.0,0.0,0.0,192.30875614506527,0.0,0.0,0.0,0.0,0.0,Eastern Himalayas (Perhumid),1,False,Eastern Himalayas (Perhumid),#d1ed9c
Dinajpur Dakshin,Balurghat,WB,450.8786040068943,0.0,0.0,0.0,0.0,0.0,0.0,0.0,0.0,0.0,0.0,0.0,0.0,Assam & Bengal Plain (Subhumid–Humid),1,False,Assam & Bengal Plain (Subhumid–Humid),#9e0142
Dinajpur Dakshin,Bansihari,WB,240.46893309764985,0.0,0.0,0.0,0.0,0.0,0.0,0.0,0.0,0.0,0.0,0.0,0.0,Assam & Bengal Plain (Subhumid–Humid),1,False,Assam & Bengal Plain (Subhumid–Humid),#9e0142
Dinajpur Dakshin,Gangarampur,WB,401.2588147458917,0.0,0.0,0.0,0.0,0.0,0.0,0.0,0.0,0.0,0.0,0.0,0.0,Assam & Bengal Plain (Subhumid–Humid),1,False,Assam & Bengal Plain (Subhumid–Humid),#9e0142
Dinajpur Dakshin,Harirampur,WB,246.6669976079887,0.0,0.0,0.0,0.0,0.0,0.0,0.0,0.0,0.0,0.0,0.0,0.0,Assam & Bengal Plain (Subhumid–Humid),1,False,Assam & Bengal Plain (Subhumid–Humid),#9e0142
Dinajpur Dakshin,Hilli,WB,107.93876957830864,0.0,0.0,0.0,0.0,0.0,0.0,0.0,0.0,0.0,0.0,0.0,0.0,Assam & Bengal Plain (Subhumid–Humid),1,False,Assam & Bengal Plain (Subhumid–Humid),#9e0142
Dinajpur Dakshin,Kumarganj,WB,351.23070343458534,0.0,0.0,0.0,0.0,0.0,0.0,0.0,0.0,0.0,0.0,0.0,0.0,Assam & Bengal Plain (Subhumid–Humid),1,False,Assam & Bengal Plain (Subhumid–Humid),#9e0142
Dinajpur Dakshin,Kushmundi,WB,380.8968995115574,0.0,0.0,0.0,0.0,0.0,0.0,0.0,0.0,0.0,0.0,0.0,0.0,Assam & Bengal Plain (Subhumid–Humid),1,False,Assam & Bengal Plain (Subhumid–Humid),#9e0142
Dinajpur Dakshin,Tapan,WB,533.2237346075758,0.0,0.0,0.0,0.0,0.0,0.0,0.0,0.0,0.0,0.0,0.0,0.0,Assam & Bengal Plain (Subhumid–Humid),1,False,Assam & Bengal Plain (Subhumid–Humid),#9e0142
Dinajpur Uttar,Chopra,WB,459.0708520747399,0.0,0.0,0.0,0.0,0.0,0.0,0.0,5.284635417055506,0.0,0.0,0.0,0.0,Assam & Bengal Plain (Subhumid–Humid); Eastern Plain (Subhumid Moist),2,True,Shared: Assam & Bengal Plain (Subhumid–Humid) + Eastern Plain (Subhumid Moist),#888888
Dinajpur Uttar,Goalpokhar - I,WB,438.56987802795095,0.0,0.0,0.0,0.0,0.0,0.0,0.0,6.675149637013509,0.0,0.0,0.0,0.0,Assam & Bengal Plain (Subhumid–Humid); Eastern Plain (Subhumid Moist),2,True,Shared: Assam & Bengal Plain (Subhumid–Humid) + Eastern Plain (Subhumid Moist),#888888
Dinajpur Uttar,Goalpokhar - II,WB,372.84839307274,0.0,0.0,0.0,0.0,0.0,0.0,0.0,1.3573672073387018,0.0,0.0,0.0,0.0,Assam & Bengal Plain (Subhumid–Humid); Eastern Plain (Subhumid Moist),2,True,Shared: Assam & Bengal Plain (Subhumid–Humid) + Eastern Plain (Subhumid Moist),#888888
Dinajpur Uttar,Hemtabad,WB,234.9078385065968,0.0,0.0,0.0,0.0,0.0,0.0,0.0,0.0,0.0,0.0,0.0,0.0,Assam & Bengal Plain (Subhumid–Humid),1,False,Assam & Bengal Plain (Subhumid–Humid),#9e0142
Dinajpur Uttar,Islampur,WB,409.4156045664846,0.0,0.0,0.0,0.0,0.0,0.0,0.0,4.106125638659167,0.0,0.0,0.0,0.0,Assam & Bengal Plain (Subhumid–Humid); Eastern Plain (Subhumid Moist),2,True,Shared: Assam & Bengal Plain (Subhumid–Humid) + Eastern Plain (Subhumid Moist),#888888
Dinajpur Uttar,Itahar,WB,457.6368521312515,0.0,0.0,0.0,0.0,0.0,0.0,0.0,1.515578115936076,0.0,0.0,0.0,0.0,Assam & Bengal Plain (Subhumid–Humid); Eastern Plain (Subhumid Moist),2,True,Shared: Assam & Bengal Plain (Subhumid–Humid) + Eastern Plain (Subhumid Moist),#888888
Dinajpur Uttar,Kaliaganj,WB,380.3203320361415,0.0,0.0,0.0,0.0,0.0,0.0,0.0,0.0,0.0,0.0,0.0,0.0,Assam & Bengal Plain (Subhumid–Humid),1,False,Assam & Bengal Plain (Subhumid–Humid),#9e0142
Dinajpur Uttar,Karandighi,WB,477.3837998853693,0.0,0.0,0.0,0.0,0.0,0.0,0.0,2.434586131991709,0.0,0.0,0.0,0.0,Assam & Bengal Plain (Subhumid–Humid); Eastern Plain (Subhumid Moist),2,True,Shared: Assam & Bengal Plain (Subhumid–Humid) + Eastern Plain (Subhumid Moist),#888888
Dinajpur Uttar,Raiganj,WB,577.3156616508955,0.0,0.0,0.0,0.0,0.0,0.0,0.0,12.870279779139643,0.0,0.0,0.0,0.0,Assam & Bengal Plain (Subhumid–Humid); Eastern Plain (Subhumid Moist),2,True,Shared: Assam & Bengal Plain (Subhumid–Humid) + Eastern Plain (Subhumid Moist),#888888
Hooghly,Arambag,WB,360.08422563357567,0.0,0.0,0.0,0.0,0.0,0.0,0.0,0.0,0.0,0.0,0.0,0.0,Assam & Bengal Plain (Subhumid–Humid),1,False,Assam & Bengal Plain (Subhumid–Humid),#9e0142
Hooghly,Balagarh,WB,238.7333406349604,0.0,0.0,0.0,0.0,0.0,0.0,0.0,0.0,0.0,0.0,0.0,0.0,Assam & Bengal Plain (Subhumid–Humid),1,False,Assam & Bengal Plain (Subhumid–Humid),#9e0142
Hooghly,Chanditala - I,WB,115.59434648051013,0.0,0.0,0.0,0.0,0.0,0.0,0.0,0.0,0.0,0.0,0.0,0.0,Assam & Bengal Plain (Subhumid–Humid),1,False,Assam & Bengal Plain (Subhumid–Humid),#9e0142
Hooghly,Chanditala - II,WB,78.88259861037612,0.0,0.0,0.0,0.0,0.0,0.0,0.0,0.0,0.0,0.0,0.0,0.0,Assam & Bengal Plain (Subhumid–Humid),1,False,Assam & Bengal Plain (Subhumid–Humid),#9e0142
Hooghly,Chinsurah - Magra,WB,114.16770347667696,0.0,0.0,0.0,0.0,0.0,0.0,0.0,0.0,0.0,0.0,0.0,0.0,Assam & Bengal Plain (Subhumid–Humid),1,False,Assam & Bengal Plain (Subhumid–Humid),#9e0142
Hooghly,Dhaniakhali,WB,339.2246262935964,0.0,0.0,0.0,0.0,0.0,0.0,0.0,0.0,0.0,0.0,0.0,0.0,Assam & Bengal Plain (Subhumid–Humid),1,False,Assam & Bengal Plain (Subhumid–Humid),#9e0142
Hooghly,Goghat - I,WB,215.4609322634845,0.0,0.0,0.0,0.0,0.0,0.0,0.0,0.0,0.0,0.0,0.0,0.0,Assam & Bengal Plain (Subhumid–Humid),1,False,Assam & Bengal Plain (Subhumid–Humid),#9e0142
Hooghly,Goghat - II,WB,230.2645340609481,0.0,0.0,0.0,0.0,0.0,0.0,0.0,0.0,0.0,0.0,0.0,0.0,Assam & Bengal Plain (Subhumid–Humid),1,False,Assam & Bengal Plain (Subhumid–Humid),#9e0142
Hooghly,Haripal,WB,217.5371585207072,0.0,0.0,0.0,0.0,0.0,0.0,0.0,0.0,0.0,0.0,0.0,0.0,Assam & Bengal Plain (Subhumid–Humid),1,False,Assam & Bengal Plain (Subhumid–Humid),#9e0142
Hooghly,Jangipara,WB,191.71440546110875,0.0,0.0,0.0,0.0,0.0,0.0,0.0,0.0,0.0,0.0,0.0,0.0,Assam & Bengal Plain (Subhumid–Humid),1,False,Assam & Bengal Plain (Subhumid–Humid),#9e0142
Hooghly,Khanakul - I,WB,207.42355548924365,0.0,0.0,0.0,0.0,0.0,0.0,0.0,0.0,0.0,0.0,0.0,0.0,Assam & Bengal Plain (Subhumid–Humid),1,False,Assam & Bengal Plain (Subhumid–Humid),#9e0142
Hooghly,Khanakul - II,WB,144.14555626567667,0.0,0.0,0.0,0.0,0.0,0.0,0.0,0.0,0.0,0.0,0.0,0.0,Assam & Bengal Plain (Subhumid–Humid),1,False,Assam & Bengal Plain (Subhumid–Humid),#9e0142
Hooghly,Pandua,WB,339.88110121609145,0.0,0.0,0.0,0.0,0.0,0.0,0.0,0.0,0.0,0.0,0.0,0.0,Assam & Bengal Plain (Subhumid–Humid),1,False,Assam & Bengal Plain (Subhumid–Humid),#9e0142
Hooghly,Polba - Dadpur,WB,328.37480431066496,0.0,0.0,0.0,0.0,0.0,0.0,0.0,0.0,0.0,0.0,0.0,0.0,Assam & Bengal Plain (Subhumid–Humid),1,False,Assam & Bengal Plain (Subhumid–Humid),#9e0142
Hooghly,Pursura,WB,118.4753641862184,0.0,0.0,0.0,0.0,0.0,0.0,0.0,0.0,0.0,0.0,0.0,0.0,Assam & Bengal Plain (Subhumid–Humid),1,False,Assam & Bengal Plain (Subhumid–Humid),#9e0142
Hooghly,Serampur Uttarpara,WB,101.49618242273596,0.0,0.0,0.0,0.0,0.0,0.0,0.0,0.0,0.0,0.0,0.0,0.0,Assam & Bengal Plain (Subhumid–Humid),1,False,Assam & Bengal Plain (Subhumid–Humid),#9e0142
Hooghly,Singur,WB,236.598380757128,0.0,0.0,0.0,0.0,0.0,0.0,0.0,0.0,0.0,0.0,0.0,0.0,Assam & Bengal Plain (Subhumid–Humid),1,False,Assam & Bengal Plain (Subhumid–Humid),#9e0142
Hooghly,Tarakeswar,WB,140.83878878135965,0.0,0.0,0.0,0.0,0.0,0.0,0.0,0.0,0.0,0.0,0.0,0.0,Assam & Bengal Plain (Subhumid–Humid),1,False,Assam & Bengal Plain (Subhumid–Humid),#9e0142
Howrah,Amta - I,WB,141.16366198325818,0.0,0.0,0.0,0.0,0.0,0.0,0.0,0.0,0.0,0.0,0.0,0.0,Assam & Bengal Plain (Subhumid–Humid),1,False,Assam & Bengal Plain (Subhumid–Humid),#9e0142
Howrah,Amta - II,WB,160.9611689244259,0.0,0.0,0.0,0.0,0.0,0.0,0.0,0.0,0.0,0.0,0.0,0.0,Assam & Bengal Plain (Subhumid–Humid),1,False,Assam & Bengal Plain (Subhumid–Humid),#9e0142
Howrah,Bagnan - I,WB,94.9646010267331,0.0,0.0,0.0,0.0,0.0,0.0,0.0,0.0,0.0,0.0,0.0,0.0,Assam & Bengal Plain (Subhumid–Humid),1,False,Assam & Bengal Plain (Subhumid–Humid),#9e0142
Howrah,Bagnan - II,WB,85.7215329993473,0.0,0.0,0.0,0.0,0.0,0.0,0.0,0.0,0.0,0.0,0.0,0.0,Assam & Bengal Plain (Subhumid–Humid),1,False,Assam & Bengal Plain (Subhumid–Humid),#9e0142
Howrah,Bally Jagachha,WB,104.20633141852969,0.0,0.0,0.0,0.0,0.0,0.0,0.0,0.0,0.0,0.0,0.0,0.0,Assam & Bengal Plain (Subhumid–Humid),1,False,Assam & Bengal Plain (Subhumid–Humid),#9e0142
Howrah,Domjur,WB,117.6897295534052,0.0,0.0,0.0,0.0,0.0,0.0,0.0,0.0,0.0,0.0,0.0,0.0,Assam & Bengal Plain (Subhumid–Humid),1,False,Assam & Bengal Plain (Subhumid–Humid),#9e0142
Howrah,Jagatballavpur,WB,155.8692095599873,0.0,0.0,0.0,0.0,0.0,0.0,0.0,0.0,0.0,0.0,0.0,0.0,Assam & Bengal Plain (Subhumid–Humid),1,False,Assam & Bengal Plain (Subhumid–Humid),#9e0142
Howrah,Panchla,WB,85.33440486520546,0.0,0.0,0.0,0.0,0.0,0.0,0.0,0.0,0.0,0.0,0.0,0.0,Assam & Bengal Plain (Subhumid–Humid),1,False,Assam & Bengal Plain (Subhumid–Humid),#9e0142
Howrah,Sankrail,WB,68.3533407468421,0.0,0.0,0.0,0.0,0.0,0.0,0.0,0.0,0.0,0.0,0.0,0.0,Assam & Bengal Plain (Subhumid–Humid),1,False,Assam & Bengal Plain (Subhumid–Humid),#9e0142
Howrah,Shyampur - I,WB,141.24601709854804,0.0,0.0,0.0,0.0,0.0,0.0,0.0,0.0,0.0,0.0,0.0,0.0,Assam & Bengal Plain (Subhumid–Humid),1,False,Assam & Bengal Plain (Subhumid–Humid),#9e0142
Howrah,Shyampur - II,WB,118.72533728138993,0.0,0.0,0.0,0.0,0.0,0.0,0.0,0.0,0.0,0.0,0.0,0.0,Assam & Bengal Plain (Subhumid–Humid),1,False,Assam & Bengal Plain (Subhumid–Humid),#9e0142
Howrah,Udaynarayanpur,WB,131.1549779535425,0.0,0.0,0.0,0.0,0.0,0.0,0.0,0.0,0.0,0.0,0.0,0.0,Assam & Bengal Plain (Subhumid–Humid),1,False,Assam & Bengal Plain (Subhumid–Humid),#9e0142
Howrah,Uluberia - I,WB,153.97024179569115,0.0,0.0,0.0,0.0,0.0,0.0,0.0,0.0,0.0,0.0,0.0,0.0,Assam & Bengal Plain (Subhumid–Humid),1,False,Assam & Bengal Plain (Subhumid–Humid),#9e0142
Howrah,Uluberia - II,WB,82.39592862113204,0.0,0.0,0.0,0.0,0.0,0.0,0.0,0.0,0.0,0.0,0.0,0.0,Assam & Bengal Plain (Subhumid–Humid),1,False,Assam & Bengal Plain (Subhumid–Humid),#9e0142
Jalpaiguri,Dhupguri,WB,47.489786616066034,0.0,0.0,0.0,0.0,0.0,0.0,649.6166057585698,0.0,0.0,0.0,0.0,0.0,Assam & Bengal Plain (Subhumid–Humid); Eastern Himalayas (Perhumid),2,True,Shared: Assam & Bengal Plain (Subhumid–Humid) + Eastern Himalayas (Perhumid),#888888
Jalpaiguri,Jalpaiguri,WB,610.2124607635869,0.0,0.0,0.0,0.0,0.0,0.0,8.419048555247949,0.0,0.0,0.0,0.0,0.0,Assam & Bengal Plain (Subhumid–Humid); Eastern Himalayas (Perhumid),2,True,Shared: Assam & Bengal Plain (Subhumid–Humid) + Eastern Himalayas (Perhumid),#888888
Jalpaiguri,Mal,WB,39.90160460998791,0.0,0.0,0.0,0.0,0.0,0.0,668.1168983634924,0.0,0.0,0.0,0.0,0.0,Assam & Bengal Plain (Subhumid–Humid); Eastern Himalayas (Perhumid),2,True,Shared: Assam & Bengal Plain (Subhumid–Humid) + Eastern Himalayas (Perhumid),#888888
Jalpaiguri,Matiali,WB,0.0,0.0,0.0,0.0,0.0,0.0,0.0,262.19773468998653,0.0,0.0,0.0,0.0,0.0,Eastern Himalayas (Perhumid),1,False,Eastern Himalayas (Perhumid),#d1ed9c
Jalpaiguri,Maynaguri,WB,482.44543004860026,0.0,0.0,0.0,0.0,0.0,0.0,173.8618037115575,0.0,0.0,0.0,0.0,0.0,Assam & Bengal Plain (Subhumid–Humid); Eastern Himalayas (Perhumid),2,True,Shared: Assam & Bengal Plain (Subhumid–Humid) + Eastern Himalayas (Perhumid),#888888
Jalpaiguri,Nagrakata,WB,0.0,0.0,0.0,0.0,0.0,0.0,0.0,506.340305168122,0.0,0.0,0.0,0.0,0.0,Eastern Himalayas (Perhumid),1,False,Eastern Himalayas (Perhumid),#d1ed9c
Jalpaiguri,Rajganj,WB,421.75804354305,0.0,0.0,0.0,0.0,0.0,0.0,353.79173784037505,0.0,0.0,0.0,0.0,0.0,Assam & Bengal Plain (Subhumid–Humid); Eastern Himalayas (Perhumid),2,True,Shared: Assam & Bengal Plain (Subhumid–Humid) + Eastern Himalayas (Perhumid),#888888
Jhargram,Binpur - I,WB,0.0,0.0,0.0,0.0,0.0,0.0,0.0,0.0,0.0,0.0,428.10817148172384,0.0,0.0,Eastern Plateau (Chhotanagpur) & Eastern Ghats (Subhumid),1,False,Eastern Plateau (Chhotanagpur) & Eastern Ghats (Subhumid),#5cb7aa
Jhargram,Binpur - II,WB,0.0,0.0,0.0,0.0,0.0,0.0,0.0,0.0,0.0,0.0,691.9534481263025,0.0,0.0,Eastern Plateau (Chhotanagpur) & Eastern Ghats (Subhumid),1,False,Eastern Plateau (Chhotanagpur) & Eastern Ghats (Subhumid),#5cb7aa
Jhargram,Gopiballavpur - I,WB,0.0,0.0,0.0,0.0,0.0,0.0,0.0,0.0,0.0,0.0,318.0008796492825,0.0,0.0,Eastern Plateau (Chhotanagpur) & Eastern Ghats (Subhumid),1,False,Eastern Plateau (Chhotanagpur) & Eastern Ghats (Subhumid),#5cb7aa
Jhargram,Gopiballavpur - II,WB,0.0,0.0,0.0,0.0,0.0,0.0,0.0,0.0,0.0,0.0,238.9493208449747,0.0,0.0,Eastern Plateau (Chhotanagpur) & Eastern Ghats (Subhumid),1,False,Eastern Plateau (Chhotanagpur) & Eastern Ghats (Subhumid),#5cb7aa
Jhargram,Jamboni,WB,0.0,0.0,0.0,0.0,0.0,0.0,0.0,0.0,0.0,0.0,387.5534991979959,0.0,0.0,Eastern Plateau (Chhotanagpur) & Eastern Ghats (Subhumid),1,False,Eastern Plateau (Chhotanagpur) & Eastern Ghats (Subhumid),#5cb7aa
Jhargram,Jhargram,WB,42.374889611973146,0.0,0.0,0.0,0.0,0.0,0.0,0.0,0.0,0.0,608.1330774457372,0.0,0.0,Assam & Bengal Plain (Subhumid–Humid); Eastern Plateau (Chhotanagpur) & Eastern Ghats (Subhumid),2,True,Shared: Assam & Bengal Plain (Subhumid–Humid) + Eastern Plateau (Chhotanagpur) & Eastern Ghats (Subhumid),#888888
Jhargram,Nayagram,WB,46.79183371356276,0.0,0.0,0.0,0.0,0.0,0.0,0.0,0.0,0.0,549.7886223115664,0.0,0.0,Assam & Bengal Plain (Subhumid–Humid); Eastern Plateau (Chhotanagpur) & Eastern Ghats (Subhumid),2,True,Shared: Assam & Bengal Plain (Subhumid–Humid) + Eastern Plateau (Chhotanagpur) & Eastern Ghats (Subhumid),#888888
Jhargram,Sankrail,WB,63.118532367634366,0.0,0.0,0.0,0.0,0.0,0.0,0.0,0.0,0.0,261.12933307289404,0.0,0.0,Assam & Bengal Plain (Subhumid–Humid); Eastern Plateau (Chhotanagpur) & Eastern Ghats (Subhumid),2,True,Shared: Assam & Bengal Plain (Subhumid–Humid) + Eastern Plateau (Chhotanagpur) & Eastern Ghats (Subhumid),#888888
Kalimpong,Gorubathan,WB,0.0,0.0,0.0,0.0,0.0,0.0,0.0,568.4171080569124,0.0,0.0,0.0,0.0,0.0,Eastern Himalayas (Perhumid),1,False,Eastern Himalayas (Perhumid),#d1ed9c
Kalimpong,Kalimpong - II,WB,0.0,0.0,0.0,0.0,0.0,0.0,0.0,342.65472069417365,0.0,0.0,0.0,0.0,0.0,Eastern Himalayas (Perhumid),1,False,Eastern Himalayas (Perhumid),#d1ed9c
Kalimpong,Kalimpong -I,WB,0.0,0.0,0.0,0.0,0.0,0.0,0.0,471.5472530786319,0.0,0.0,0.0,0.0,0.0,Eastern Himalayas (Perhumid),1,False,Eastern Himalayas (Perhumid),#d1ed9c
Kolkata,Kolkata,WB,230.55143715357823,0.0,0.0,0.0,0.0,0.0,0.0,0.0,0.0,0.0,0.0,0.0,0.0,Assam & Bengal Plain (Subhumid–Humid),1,False,Assam & Bengal Plain (Subhumid–Humid),#9e0142
Maldah,Bamangola,WB,256.15841287273594,0.0,0.0,0.0,0.0,0.0,0.0,0.0,0.0,0.0,0.0,0.0,0.0,Assam & Bengal Plain (Subhumid–Humid),1,False,Assam & Bengal Plain (Subhumid–Humid),#9e0142
Maldah,Chanchal - I,WB,199.8169509627848,0.0,0.0,0.0,0.0,0.0,0.0,0.0,3.3893035127999367,0.0,0.0,0.0,0.0,Assam & Bengal Plain (Subhumid–Humid); Eastern Plain (Subhumid Moist),2,True,Shared: Assam & Bengal Plain (Subhumid–Humid) + Eastern Plain (Subhumid Moist),#888888
Maldah,Chanchal - II,WB,249.0423392996645,0.0,0.0,0.0,0.0,0.0,0.0,0.0,0.0,0.0,0.0,0.0,0.0,Assam & Bengal Plain (Subhumid–Humid),1,False,Assam & Bengal Plain (Subhumid–Humid),#9e0142
Maldah,English Bazar,WB,312.1250782804624,0.0,0.0,0.0,0.0,0.0,0.0,0.0,0.0,0.0,0.0,0.0,0.0,Assam & Bengal Plain (Subhumid–Humid),1,False,Assam & Bengal Plain (Subhumid–Humid),#9e0142
Maldah,Gazole,WB,632.5877055369523,0.0,0.0,0.0,0.0,0.0,0.0,0.0,0.0,0.0,0.0,0.0,0.0,Assam & Bengal Plain (Subhumid–Humid),1,False,Assam & Bengal Plain (Subhumid–Humid),#9e0142
Maldah,Habibpur,WB,475.8775155276194,0.0,0.0,0.0,0.0,0.0,0.0,0.0,0.0,0.0,0.0,0.0,0.0,Assam & Bengal Plain (Subhumid–Humid),1,False,Assam & Bengal Plain (Subhumid–Humid),#9e0142
Maldah,Harischandrapur - I,WB,205.99474750939387,0.0,0.0,0.0,0.0,0.0,0.0,0.0,4.655153821252934,0.0,0.0,0.0,0.0,Assam & Bengal Plain (Subhumid–Humid); Eastern Plain (Subhumid Moist),2,True,Shared: Assam & Bengal Plain (Subhumid–Humid) + Eastern Plain (Subhumid Moist),#888888
Maldah,Harischandrapur - II,WB,260.0297169411716,0.0,0.0,0.0,0.0,0.0,0.0,0.0,8.03045865327293,0.0,0.0,0.0,0.0,Assam & Bengal Plain (Subhumid–Humid); Eastern Plain (Subhumid Moist),2,True,Shared: Assam & Bengal Plain (Subhumid–Humid) + Eastern Plain (Subhumid Moist),#888888
Maldah,Kaliachak - I,WB,129.04789173149447,0.0,0.0,0.0,0.0,0.0,0.0,0.0,0.0,0.0,0.0,0.0,0.0,Assam & Bengal Plain (Subhumid–Humid),1,False,Assam & Bengal Plain (Subhumid–Humid),#9e0142
Maldah,Kaliachak - II,WB,170.23937793247754,0.0,0.0,0.0,0.0,0.0,0.0,0.0,0.0,0.0,94.8503644365092,0.0,0.0,Assam & Bengal Plain (Subhumid–Humid); Eastern Plateau (Chhotanagpur) & Eastern Ghats (Subhumid),2,True,Shared: Assam & Bengal Plain (Subhumid–Humid) + Eastern Plateau (Chhotanagpur) & Eastern Ghats (Subhumid),#888888
Maldah,Kaliachak - III,WB,315.431709600129,0.0,0.0,0.0,0.0,0.0,0.0,0.0,0.0,0.0,2.1511325103812022,0.0,0.0,Assam & Bengal Plain (Subhumid–Humid); Eastern Plateau (Chhotanagpur) & Eastern Ghats (Subhumid),2,True,Shared: Assam & Bengal Plain (Subhumid–Humid) + Eastern Plateau (Chhotanagpur) & Eastern Ghats (Subhumid),#888888
Maldah,Maldah (Old),WB,278.3165744041995,0.0,0.0,0.0,0.0,0.0,0.0,0.0,0.0,0.0,0.0,0.0,0.0,Assam & Bengal Plain (Subhumid–Humid),1,False,Assam & Bengal Plain (Subhumid–Humid),#9e0142
Maldah,Manikchak,WB,387.6542900378265,0.0,0.0,0.0,0.0,0.0,0.0,0.0,2.6090186305568825,0.0,8.700807745712478,0.0,0.0,Assam & Bengal Plain (Subhumid–Humid); Eastern Plain (Subhumid Moist); Eastern Plateau (Chhotanagpur) & Eastern Ghats (Subhumid),3,True,Shared: Assam & Bengal Plain (Subhumid–Humid) + Eastern Plain (Subhumid Moist) + Eastern Plateau (Chhotanagpur) & Eastern Ghats (Subhumid),#888888
Maldah,Ratua - I,WB,273.6426423634723,0.0,0.0,0.0,0.0,0.0,0.0,0.0,12.930782484147183,0.0,0.0,0.0,0.0,Assam & Bengal Plain (Subhumid–Humid); Eastern Plain (Subhumid Moist),2,True,Shared: Assam & Bengal Plain (Subhumid–Humid) + Eastern Plain (Subhumid Moist),#888888
Maldah,Ratua - II,WB,211.4576597780319,0.0,0.0,0.0,0.0,0.0,0.0,0.0,0.0,0.0,0.0,0.0,0.0,Assam & Bengal Plain (Subhumid–Humid),1,False,Assam & Bengal Plain (Subhumid–Humid),#9e0142
Medinipur East,Bhagawanpur - I,WB,69.19668916363261,0.0,0.0,0.0,0.0,131.5435574800369,0.0,0.0,0.0,0.0,0.0,0.0,0.0,Assam & Bengal Plain (Subhumid–Humid); Eastern Coastal Plain (Subhumid–Semi-Arid),2,True,Shared: Assam & Bengal Plain (Subhumid–Humid) + Eastern Coastal Plain (Subhumid–Semi-Arid),#888888
Medinipur East,Bhagawanpur - II,WB,0.0,0.0,0.0,0.0,0.0,205.0302015207514,0.0,0.0,0.0,0.0,0.0,0.0,0.0,Eastern Coastal Plain (Subhumid–Semi-Arid),1,False,Eastern Coastal Plain (Subhumid–Semi-Arid),#fff1a8
Medinipur East,Chandipur,WB,61.95688479601296,0.0,0.0,0.0,0.0,110.95858276300216,0.0,0.0,0.0,0.0,0.0,0.0,0.0,Assam & Bengal Plain (Subhumid–Humid); Eastern Coastal Plain (Subhumid–Semi-Arid),2,True,Shared: Assam & Bengal Plain (Subhumid–Humid) + Eastern Coastal Plain (Subhumid–Semi-Arid),#888888
Medinipur East,Contai - I,WB,0.0,0.0,0.0,0.0,0.0,225.98038270227124,0.0,0.0,0.0,0.0,0.0,0.0,0.0,Eastern Coastal Plain (Subhumid–Semi-Arid),1,False,Eastern Coastal Plain (Subhumid–Semi-Arid),#fff1a8
Medinipur East,Contai - III,WB,0.0,0.0,0.0,0.0,0.0,165.89165867002984,0.0,0.0,0.0,0.0,0.0,0.0,0.0,Eastern Coastal Plain (Subhumid–Semi-Arid),1,False,Eastern Coastal Plain (Subhumid–Semi-Arid),#fff1a8
Medinipur East,Deshopran,WB,0.0,0.0,0.0,0.0,0.0,221.669077842684,0.0,0.0,0.0,0.0,0.0,0.0,0.0,Eastern Coastal Plain (Subhumid–Semi-Arid),1,False,Eastern Coastal Plain (Subhumid–Semi-Arid),#fff1a8
Medinipur East,Egra - I,WB,0.0,0.0,0.0,0.0,0.0,262.26956917347866,0.0,0.0,0.0,0.0,0.0,0.0,0.0,Eastern Coastal Plain (Subhumid–Semi-Arid),1,False,Eastern Coastal Plain (Subhumid–Semi-Arid),#fff1a8
Medinipur East,Egra - II,WB,0.0,0.0,0.0,0.0,0.0,212.3379901296693,0.0,0.0,0.0,0.0,0.0,0.0,0.0,Eastern Coastal Plain (Subhumid–Semi-Arid),1,False,Eastern Coastal Plain (Subhumid–Semi-Arid),#fff1a8
Medinipur East,Haldia,WB,145.34674496374353,0.0,0.0,0.0,0.0,2.922765037699265,0.0,0.0,0.0,0.0,0.0,0.0,0.0,Assam & Bengal Plain (Subhumid–Humid); Eastern Coastal Plain (Subhumid–Semi-Arid),2,True,Shared: Assam & Bengal Plain (Subhumid–Humid) + Eastern Coastal Plain (Subhumid–Semi-Arid),#888888
Medinipur East,Khejuri - I,WB,0.0,0.0,0.0,0.0,0.0,136.7872580178557,0.0,0.0,0.0,0.0,0.0,0.0,0.0,Eastern Coastal Plain (Subhumid–Semi-Arid),1,False,Eastern Coastal Plain (Subhumid–Semi-Arid),#fff1a8
Medinipur East,Khejuri - II,WB,0.0,0.0,0.0,0.0,0.0,164.82380385217746,0.0,0.0,0.0,0.0,0.0,0.0,0.0,Eastern Coastal Plain (Subhumid–Semi-Arid),1,False,Eastern Coastal Plain (Subhumid–Semi-Arid),#fff1a8
Medinipur East,Kolaghat,WB,184.7556706055548,0.0,0.0,0.0,0.0,0.0,0.0,0.0,0.0,0.0,0.0,0.0,0.0,Assam & Bengal Plain (Subhumid–Humid),1,False,Assam & Bengal Plain (Subhumid–Humid),#9e0142
Medinipur East,Mahisadal,WB,215.3692561251929,0.0,0.0,0.0,0.0,0.0,0.0,0.0,0.0,0.0,0.0,0.0,0.0,Assam & Bengal Plain (Subhumid–Humid),1,False,Assam & Bengal Plain (Subhumid–Humid),#9e0142
Medinipur East,Moyna,WB,184.8641894040587,0.0,0.0,0.0,0.0,0.0,0.0,0.0,0.0,0.0,0.0,0.0,0.0,Assam & Bengal Plain (Subhumid–Humid),1,False,Assam & Bengal Plain (Subhumid–Humid),#9e0142
Medinipur East,Nanda Kumar,WB,186.42264631377705,0.0,0.0,0.0,0.0,0.0,0.0,0.0,0.0,0.0,0.0,0.0,0.0,Assam & Bengal Plain (Subhumid–Humid),1,False,Assam & Bengal Plain (Subhumid–Humid),#9e0142
Medinipur East,Nandigram - I,WB,0.0,0.0,0.0,0.0,0.0,214.38900236714903,0.0,0.0,0.0,0.0,0.0,0.0,0.0,Eastern Coastal Plain (Subhumid–Semi-Arid),1,False,Eastern Coastal Plain (Subhumid–Semi-Arid),#fff1a8
Medinipur East,Nandigram - II,WB,1.8360743569744264,0.0,0.0,0.0,0.0,126.64964882488115,0.0,0.0,0.0,0.0,0.0,0.0,0.0,Assam & Bengal Plain (Subhumid–Humid); Eastern Coastal Plain (Subhumid–Semi-Arid),2,True,Shared: Assam & Bengal Plain (Subhumid–Humid) + Eastern Coastal Plain (Subhumid–Semi-Arid),#888888
Medinipur East,Panskura,WB,292.7523508379007,0.0,0.0,0.0,0.0,0.0,0.0,0.0,0.0,0.0,0.0,0.0,0.0,Assam & Bengal Plain (Subhumid–Humid),1,False,Assam & Bengal Plain (Subhumid–Humid),#9e0142
Medinipur East,Potashpur - I,WB,12.67472013813192,0.0,0.0,0.0,0.0,172.94103730550853,0.0,0.0,0.0,0.0,0.0,0.0,0.0,Assam & Bengal Plain (Subhumid–Humid); Eastern Coastal Plain (Subhumid–Semi-Arid),2,True,Shared: Assam & Bengal Plain (Subhumid–Humid) + Eastern Coastal Plain (Subhumid–Semi-Arid),#888888
Medinipur East,Potashpur - II,WB,0.0,0.0,0.0,0.0,0.0,231.2357498917588,0.0,0.0,0.0,0.0,0.0,0.0,0.0,Eastern Coastal Plain (Subhumid–Semi-Arid),1,False,Eastern Coastal Plain (Subhumid–Semi-Arid),#fff1a8
Medinipur East,Ramnagar - I,WB,0.0,0.0,0.0,0.0,0.0,155.05429973775864,0.0,0.0,0.0,0.0,0.0,0.0,0.0,Eastern Coastal Plain (Subhumid–Semi-Arid),1,False,Eastern Coastal Plain (Subhumid–Semi-Arid),#fff1a8
Medinipur East,Ramnagar - II,WB,0.0,0.0,0.0,0.0,0.0,194.6159339376419,0.0,0.0,0.0,0.0,0.0,0.0,0.0,Eastern Coastal Plain (Subhumid–Semi-Arid),1,False,Eastern Coastal Plain (Subhumid–Semi-Arid),#fff1a8
Medinipur East,Sahid Matangini,WB,109.36758097285752,0.0,0.0,0.0,0.0,0.0,0.0,0.0,0.0,0.0,0.0,0.0,0.0,Assam & Bengal Plain (Subhumid–Humid),1,False,Assam & Bengal Plain (Subhumid–Humid),#9e0142
Medinipur East,Sutahata,WB,131.24546054443627,0.0,0.0,0.0,0.0,0.0,0.0,0.0,0.0,0.0,0.0,0.0,0.0,Assam & Bengal Plain (Subhumid–Humid),1,False,Assam & Bengal Plain (Subhumid–Humid),#9e0142
Medinipur East,Tamluk,WB,147.822727242569,0.0,0.0,0.0,0.0,0.0,0.0,0.0,0.0,0.0,0.0,0.0,0.0,Assam & Bengal Plain (Subhumid–Humid),1,False,Assam & Bengal Plain (Subhumid–Humid),#9e0142
Medinipur West,Chandrakona - I,WB,258.8701024148661,0.0,0.0,0.0,0.0,0.0,0.0,0.0,0.0,0.0,0.0,0.0,0.0,Assam & Bengal Plain (Subhumid–Humid),1,False,Assam & Bengal Plain (Subhumid–Humid),#9e0142
Medinipur West,Chandrakona - II,WB,201.0227106799356,0.0,0.0,0.0,0.0,0.0,0.0,0.0,0.0,0.0,0.0,0.0,0.0,Assam & Bengal Plain (Subhumid–Humid),1,False,Assam & Bengal Plain (Subhumid–Humid),#9e0142
Medinipur West,Dantan - I,WB,154.01912833783064,0.0,0.0,0.0,0.0,143.90162949184173,0.0,0.0,0.0,0.0,1.222834333439271,0.0,0.0,Assam & Bengal Plain (Subhumid–Humid); Eastern Coastal Plain (Subhumid–Semi-Arid); Eastern Plateau (Chhotanagpur) & Eastern Ghats (Subhumid),3,True,Shared: Assam & Bengal Plain (Subhumid–Humid) + Eastern Coastal Plain (Subhumid–Semi-Arid) + Eastern Plateau (Chhotanagpur) & Eastern Ghats (Subhumid),#888888
Medinipur West,Dantan - II,WB,87.0854416534459,0.0,0.0,0.0,0.0,124.48738179674832,0.0,0.0,0.0,0.0,0.0,0.0,0.0,Assam & Bengal Plain (Subhumid–Humid); Eastern Coastal Plain (Subhumid–Semi-Arid),2,True,Shared: Assam & Bengal Plain (Subhumid–Humid) + Eastern Coastal Plain (Subhumid–Semi-Arid),#888888
Medinipur West,Daspur - I,WB,202.547071055627,0.0,0.0,0.0,0.0,0.0,0.0,0.0,0.0,0.0,0.0,0.0,0.0,Assam & Bengal Plain (Subhumid–Humid),1,False,Assam & Bengal Plain (Subhumid–Humid),#9e0142
Medinipur West,Daspur - II,WB,185.39607245800235,0.0,0.0,0.0,0.0,0.0,0.0,0.0,0.0,0.0,0.0,0.0,0.0,Assam & Bengal Plain (Subhumid–Humid),1,False,Assam & Bengal Plain (Subhumid–Humid),#9e0142
Medinipur West,Debra,WB,406.1228100390361,0.0,0.0,0.0,0.0,0.0,0.0,0.0,0.0,0.0,0.0,0.0,0.0,Assam & Bengal Plain (Subhumid–Humid),1,False,Assam & Bengal Plain (Subhumid–Humid),#9e0142
Medinipur West,Garbeta - I,WB,430.8562836121615,0.0,0.0,0.0,0.0,0.0,0.0,0.0,0.0,0.0,0.0,0.0,0.0,Assam & Bengal Plain (Subhumid–Humid),1,False,Assam & Bengal Plain (Subhumid–Humid),#9e0142
Medinipur West,Garbeta - II,WB,331.42558314231377,0.0,0.0,0.0,0.0,0.0,0.0,0.0,0.0,0.0,128.18264749647983,0.0,0.0,Assam & Bengal Plain (Subhumid–Humid); Eastern Plateau (Chhotanagpur) & Eastern Ghats (Subhumid),2,True,Shared: Assam & Bengal Plain (Subhumid–Humid) + Eastern Plateau (Chhotanagpur) & Eastern Ghats (Subhumid),#888888
Medinipur West,Garbeta - III,WB,368.0482125427466,0.0,0.0,0.0,0.0,0.0,0.0,0.0,0.0,0.0,0.0,0.0,0.0,Assam & Bengal Plain (Subhumid–Humid),1,False,Assam & Bengal Plain (Subhumid–Humid),#9e0142
Medinipur West,Ghatal,WB,276.7254011899893,0.0,0.0,0.0,0.0,0.0,0.0,0.0,0.0,0.0,0.0,0.0,0.0,Assam & Bengal Plain (Subhumid–Humid),1,False,Assam & Bengal Plain (Subhumid–Humid),#9e0142
Medinipur West,Keshiary,WB,321.73553608341734,0.0,0.0,0.0,0.0,0.0,0.0,0.0,0.0,0.0,26.178220954604303,0.0,0.0,Assam & Bengal Plain (Subhumid–Humid); Eastern Plateau (Chhotanagpur) & Eastern Ghats (Subhumid),2,True,Shared: Assam & Bengal Plain (Subhumid–Humid) + Eastern Plateau (Chhotanagpur) & Eastern Ghats (Subhumid),#888888
Medinipur West,Keshpur,WB,560.5322432477419,0.0,0.0,0.0,0.0,0.0,0.0,0.0,0.0,0.0,0.0,0.0,0.0,Assam & Bengal Plain (Subhumid–Humid),1,False,Assam & Bengal Plain (Subhumid–Humid),#9e0142
Medinipur West,Kharagpur - I,WB,383.00643578041627,0.0,0.0,0.0,0.0,0.0,0.0,0.0,0.0,0.0,0.8233584080207267,0.0,0.0,Assam & Bengal Plain (Subhumid–Humid); Eastern Plateau (Chhotanagpur) & Eastern Ghats (Subhumid),2,True,Shared: Assam & Bengal Plain (Subhumid–Humid) + Eastern Plateau (Chhotanagpur) & Eastern Ghats (Subhumid),#888888
Medinipur West,Kharagpur - II,WB,319.4033039949279,0.0,0.0,0.0,0.0,0.0,0.0,0.0,0.0,0.0,0.0,0.0,0.0,Assam & Bengal Plain (Subhumid–Humid),1,False,Assam & Bengal Plain (Subhumid–Humid),#9e0142
Medinipur West,Midnapore,WB,322.75270289080936,0.0,0.0,0.0,0.0,0.0,0.0,0.0,0.0,0.0,82.06991814841945,0.0,0.0,Assam & Bengal Plain (Subhumid–Humid); Eastern Plateau (Chhotanagpur) & Eastern Ghats (Subhumid),2,True,Shared: Assam & Bengal Plain (Subhumid–Humid) + Eastern Plateau (Chhotanagpur) & Eastern Ghats (Subhumid),#888888
Medinipur West,Mohanpur,WB,0.0,0.0,0.0,0.0,0.0,161.3265143733117,0.0,0.0,0.0,0.0,0.0,0.0,0.0,Eastern Coastal Plain (Subhumid–Semi-Arid),1,False,Eastern Coastal Plain (Subhumid–Semi-Arid),#fff1a8
Medinipur West,Narayangarh,WB,602.857053629114,0.0,0.0,0.0,0.0,4.295784570213241,0.0,0.0,0.0,0.0,0.0,0.0,0.0,Assam & Bengal Plain (Subhumid–Humid); Eastern Coastal Plain (Subhumid–Semi-Arid),2,True,Shared: Assam & Bengal Plain (Subhumid–Humid) + Eastern Coastal Plain (Subhumid–Semi-Arid),#888888
Medinipur West,Pingla,WB,263.2265162678001,0.0,0.0,0.0,0.0,0.0,0.0,0.0,0.0,0.0,0.0,0.0,0.0,Assam & Bengal Plain (Subhumid–Humid),1,False,Assam & Bengal Plain (Subhumid–Humid),#9e0142
Medinipur West,Sabang,WB,358.71936294797774,0.0,0.0,0.0,0.0,6.382396845440178,0.0,0.0,0.0,0.0,0.0,0.0,0.0,Assam & Bengal Plain (Subhumid–Humid); Eastern Coastal Plain (Subhumid–Semi-Arid),2,True,Shared: Assam & Bengal Plain (Subhumid–Humid) + Eastern Coastal Plain (Subhumid–Semi-Arid),#888888
Medinipur West,Salbani,WB,580.8055018184742,0.0,0.0,0.0,0.0,0.0,0.0,0.0,0.0,0.0,79.99608769152687,0.0,0.0,Assam & Bengal Plain (Subhumid–Humid); Eastern Plateau (Chhotanagpur) & Eastern Ghats (Subhumid),2,True,Shared: Assam & Bengal Plain (Subhumid–Humid) + Eastern Plateau (Chhotanagpur) & Eastern Ghats (Subhumid),#888888
Murshidabad,Beldanga - I,WB,210.41329412063243,0.0,0.0,0.0,0.0,0.0,0.0,0.0,0.0,0.0,0.0,0.0,0.0,Assam & Bengal Plain (Subhumid–Humid),1,False,Assam & Bengal Plain (Subhumid–Humid),#9e0142
Murshidabad,Beldanga - II,WB,242.9044958874866,0.0,0.0,0.0,0.0,0.0,0.0,0.0,0.0,0.0,0.0,0.0,0.0,Assam & Bengal Plain (Subhumid–Humid),1,False,Assam & Bengal Plain (Subhumid–Humid),#9e0142
Murshidabad,Berhampore,WB,397.9633267947539,0.0,0.0,0.0,0.0,0.0,0.0,0.0,0.0,0.0,0.0,0.0,0.0,Assam & Bengal Plain (Subhumid–Humid),1,False,Assam & Bengal Plain (Subhumid–Humid),#9e0142
Murshidabad,Bhagawangola - I,WB,168.3517999164635,0.0,0.0,0.0,0.0,0.0,0.0,0.0,0.0,0.0,0.0,0.0,0.0,Assam & Bengal Plain (Subhumid–Humid),1,False,Assam & Bengal Plain (Subhumid–Humid),#9e0142
Murshidabad,Bhagawangola - II,WB,208.1682405584296,0.0,0.0,0.0,0.0,0.0,0.0,0.0,0.0,0.0,0.0,0.0,0.0,Assam & Bengal Plain (Subhumid–Humid),1,False,Assam & Bengal Plain (Subhumid–Humid),#9e0142
Murshidabad,Bharatpur - I,WB,223.238467416451,0.0,0.0,0.0,0.0,0.0,0.0,0.0,0.0,0.0,0.0,0.0,0.0,Assam & Bengal Plain (Subhumid–Humid),1,False,Assam & Bengal Plain (Subhumid–Humid),#9e0142
Murshidabad,Bharatpur - II,WB,190.96583541248432,0.0,0.0,0.0,0.0,0.0,0.0,0.0,0.0,0.0,0.0,0.0,0.0,Assam & Bengal Plain (Subhumid–Humid),1,False,Assam & Bengal Plain (Subhumid–Humid),#9e0142
Murshidabad,Burwan,WB,334.88523640951064,0.0,0.0,0.0,0.0,0.0,0.0,0.0,0.0,0.0,0.0,0.0,0.0,Assam & Bengal Plain (Subhumid–Humid),1,False,Assam & Bengal Plain (Subhumid–Humid),#9e0142
Murshidabad,Domkal,WB,373.0498358870273,0.0,0.0,0.0,0.0,0.0,0.0,0.0,0.0,0.0,0.0,0.0,0.0,Assam & Bengal Plain (Subhumid–Humid),1,False,Assam & Bengal Plain (Subhumid–Humid),#9e0142
Murshidabad,Farakka,WB,156.40922654711304,0.0,0.0,0.0,0.0,0.0,0.0,0.0,0.0,0.0,6.627407430231792,0.0,0.0,Assam & Bengal Plain (Subhumid–Humid); Eastern Plateau (Chhotanagpur) & Eastern Ghats (Subhumid),2,True,Shared: Assam & Bengal Plain (Subhumid–Humid) + Eastern Plateau (Chhotanagpur) & Eastern Ghats (Subhumid),#888888
Murshidabad,Hariharpara,WB,305.2660974895116,0.0,0.0,0.0,0.0,0.0,0.0,0.0,0.0,0.0,0.0,0.0,0.0,Assam & Bengal Plain (Subhumid–Humid),1,False,Assam & Bengal Plain (Subhumid–Humid),#9e0142
Murshidabad,Jalangi,WB,282.61660366808394,0.0,0.0,0.0,0.0,0.0,0.0,0.0,0.0,0.0,0.0,0.0,0.0,Assam & Bengal Plain (Subhumid–Humid),1,False,Assam & Bengal Plain (Subhumid–Humid),#9e0142
Murshidabad,Kandi,WB,283.98385642589085,0.0,0.0,0.0,0.0,0.0,0.0,0.0,0.0,0.0,0.0,0.0,0.0,Assam & Bengal Plain (Subhumid–Humid),1,False,Assam & Bengal Plain (Subhumid–Humid),#9e0142
Murshidabad,Khargram,WB,379.3520983581898,0.0,0.0,0.0,0.0,0.0,0.0,0.0,0.0,0.0,0.0,0.0,0.0,Assam & Bengal Plain (Subhumid–Humid),1,False,Assam & Bengal Plain (Subhumid–Humid),#9e0142
Murshidabad,Lalgola,WB,205.7543399773538,0.0,0.0,0.0,0.0,0.0,0.0,0.0,0.0,0.0,0.0,0.0,0.0,Assam & Bengal Plain (Subhumid–Humid),1,False,Assam & Bengal Plain (Subhumid–Humid),#9e0142
Murshidabad,Murshidabad Jiaganj,WB,247.56777478217265,0.0,0.0,0.0,0.0,0.0,0.0,0.0,0.0,0.0,0.0,0.0,0.0,Assam & Bengal Plain (Subhumid–Humid),1,False,Assam & Bengal Plain (Subhumid–Humid),#9e0142
Murshidabad,Nabagram,WB,374.1653508722282,0.0,0.0,0.0,0.0,0.0,0.0,0.0,0.0,0.0,0.0,0.0,0.0,Assam & Bengal Plain (Subhumid–Humid),1,False,Assam & Bengal Plain (Subhumid–Humid),#9e0142
Murshidabad,Nawda,WB,282.67687582861026,0.0,0.0,0.0,0.0,0.0,0.0,0.0,0.0,0.0,0.0,0.0,0.0,Assam & Bengal Plain (Subhumid–Humid),1,False,Assam & Bengal Plain (Subhumid–Humid),#9e0142
Murshidabad,Raghunathganj - I,WB,174.65359822816947,0.0,0.0,0.0,0.0,0.0,0.0,0.0,0.0,0.0,0.0,0.0,0.0,Assam & Bengal Plain (Subhumid–Humid),1,False,Assam & Bengal Plain (Subhumid–Humid),#9e0142
Murshidabad,Raghunathganj - II,WB,148.19748162406466,0.0,0.0,0.0,0.0,0.0,0.0,0.0,0.0,0.0,0.0,0.0,0.0,Assam & Bengal Plain (Subhumid–Humid),1,False,Assam & Bengal Plain (Subhumid–Humid),#9e0142
Murshidabad,Raninagar - I,WB,176.126299549977,0.0,0.0,0.0,0.0,0.0,0.0,0.0,0.0,0.0,0.0,0.0,0.0,Assam & Bengal Plain (Subhumid–Humid),1,False,Assam & Bengal Plain (Subhumid–Humid),#9e0142
Murshidabad,Raninagar - II,WB,247.7854973248776,0.0,0.0,0.0,0.0,0.0,0.0,0.0,0.0,0.0,0.0,0.0,0.0,Assam & Bengal Plain (Subhumid–Humid),1,False,Assam & Bengal Plain (Subhumid–Humid),#9e0142
Murshidabad,Sagardighi,WB,416.5681089062567,0.0,0.0,0.0,0.0,0.0,0.0,0.0,0.0,0.0,0.0,0.0,0.0,Assam & Bengal Plain (Subhumid–Humid),1,False,Assam & Bengal Plain (Subhumid–Humid),#9e0142
Murshidabad,Samserganj,WB,95.16387064865668,0.0,0.0,0.0,0.0,0.0,0.0,0.0,0.0,0.0,2.173603581243978,0.0,0.0,Assam & Bengal Plain (Subhumid–Humid); Eastern Plateau (Chhotanagpur) & Eastern Ghats (Subhumid),2,True,Shared: Assam & Bengal Plain (Subhumid–Humid) + Eastern Plateau (Chhotanagpur) & Eastern Ghats (Subhumid),#888888
Murshidabad,Suti - I,WB,170.90258997390973,0.0,0.0,0.0,0.0,0.0,0.0,0.0,0.0,0.0,0.965299148074022,0.0,0.0,Assam & Bengal Plain (Subhumid–Humid); Eastern Plateau (Chhotanagpur) & Eastern Ghats (Subhumid),2,True,Shared: Assam & Bengal Plain (Subhumid–Humid) + Eastern Plateau (Chhotanagpur) & Eastern Ghats (Subhumid),#888888
Murshidabad,Suti - II,WB,132.59724026560477,0.0,0.0,0.0,0.0,0.0,0.0,0.0,0.0,0.0,0.6421746401207038,0.0,0.0,Assam & Bengal Plain (Subhumid–Humid); Eastern Plateau (Chhotanagpur) & Eastern Ghats (Subhumid),2,True,Shared: Assam & Bengal Plain (Subhumid–Humid) + Eastern Plateau (Chhotanagpur) & Eastern Ghats (Subhumid),#888888
Nadia,Chakdah,WB,397.23797883197534,0.0,0.0,0.0,0.0,0.0,0.0,0.0,0.0,0.0,0.0,0.0,0.0,Assam & Bengal Plain (Subhumid–Humid),1,False,Assam & Bengal Plain (Subhumid–Humid),#9e0142
Nadia,Chapra,WB,375.5782253898509,0.0,0.0,0.0,0.0,0.0,0.0,0.0,0.0,0.0,0.0,0.0,0.0,Assam & Bengal Plain (Subhumid–Humid),1,False,Assam & Bengal Plain (Subhumid–Humid),#9e0142
Nadia,Hanskhali,WB,294.0808857108028,0.0,0.0,0.0,0.0,0.0,0.0,0.0,0.0,0.0,0.0,0.0,0.0,Assam & Bengal Plain (Subhumid–Humid),1,False,Assam & Bengal Plain (Subhumid–Humid),#9e0142
Nadia,Haringhata,WB,202.11190089582567,0.0,0.0,0.0,0.0,0.0,0.0,0.0,0.0,0.0,0.0,0.0,0.0,Assam & Bengal Plain (Subhumid–Humid),1,False,Assam & Bengal Plain (Subhumid–Humid),#9e0142
Nadia,Kaliganj,WB,394.5542068265211,0.0,0.0,0.0,0.0,0.0,0.0,0.0,0.0,0.0,0.0,0.0,0.0,Assam & Bengal Plain (Subhumid–Humid),1,False,Assam & Bengal Plain (Subhumid–Humid),#9e0142
Nadia,Karimpur - I,WB,228.74937229885083,0.0,0.0,0.0,0.0,0.0,0.0,0.0,0.0,0.0,0.0,0.0,0.0,Assam & Bengal Plain (Subhumid–Humid),1,False,Assam & Bengal Plain (Subhumid–Humid),#9e0142
Nadia,Karimpur - II,WB,278.32254332403346,0.0,0.0,0.0,0.0,0.0,0.0,0.0,0.0,0.0,0.0,0.0,0.0,Assam & Bengal Plain (Subhumid–Humid),1,False,Assam & Bengal Plain (Subhumid–Humid),#9e0142
Nadia,Krishnaganj,WB,177.10479895252226,0.0,0.0,0.0,0.0,0.0,0.0,0.0,0.0,0.0,0.0,0.0,0.0,Assam & Bengal Plain (Subhumid–Humid),1,False,Assam & Bengal Plain (Subhumid–Humid),#9e0142
Nadia,Krishnagar - I,WB,327.3462125120725,0.0,0.0,0.0,0.0,0.0,0.0,0.0,0.0,0.0,0.0,0.0,0.0,Assam & Bengal Plain (Subhumid–Humid),1,False,Assam & Bengal Plain (Subhumid–Humid),#9e0142
Nadia,Krishnagar - II,WB,152.89048532823784,0.0,0.0,0.0,0.0,0.0,0.0,0.0,0.0,0.0,0.0,0.0,0.0,Assam & Bengal Plain (Subhumid–Humid),1,False,Assam & Bengal Plain (Subhumid–Humid),#9e0142
Nadia,Nabadwip,WB,129.80358292362837,0.0,0.0,0.0,0.0,0.0,0.0,0.0,0.0,0.0,0.0,0.0,0.0,Assam & Bengal Plain (Subhumid–Humid),1,False,Assam & Bengal Plain (Subhumid–Humid),#9e0142
Nadia,Nakashipara,WB,433.9258733061753,0.0,0.0,0.0,0.0,0.0,0.0,0.0,0.0,0.0,0.0,0.0,0.0,Assam & Bengal Plain (Subhumid–Humid),1,False,Assam & Bengal Plain (Subhumid–Humid),#9e0142
Nadia,Ranaghat - I,WB,203.0145820207105,0.0,0.0,0.0,0.0,0.0,0.0,0.0,0.0,0.0,0.0,0.0,0.0,Assam & Bengal Plain (Subhumid–Humid),1,False,Assam & Bengal Plain (Subhumid–Humid),#9e0142
Nadia,Ranaghat - II,WB,326.2838073954021,0.0,0.0,0.0,0.0,0.0,0.0,0.0,0.0,0.0,0.0,0.0,0.0,Assam & Bengal Plain (Subhumid–Humid),1,False,Assam & Bengal Plain (Subhumid–Humid),#9e0142
Nadia,Santipur,WB,231.6007129249778,0.0,0.0,0.0,0.0,0.0,0.0,0.0,0.0,0.0,0.0,0.0,0.0,Assam & Bengal Plain (Subhumid–Humid),1,False,Assam & Bengal Plain (Subhumid–Humid),#9e0142
Nadia,Tehatta - I,WB,298.5581641719314,0.0,0.0,0.0,0.0,0.0,0.0,0.0,0.0,0.0,0.0,0.0,0.0,Assam & Bengal Plain (Subhumid–Humid),1,False,Assam & Bengal Plain (Subhumid–Humid),#9e0142
Nadia,Tehatta - II,WB,206.0729861072522,0.0,0.0,0.0,0.0,0.0,0.0,0.0,0.0,0.0,0.0,0.0,0.0,Assam & Bengal Plain (Subhumid–Humid),1,False,Assam & Bengal Plain (Subhumid–Humid),#9e0142
Paschim Bardhaman,Barabani,WB,0.0,0.0,0.0,0.0,0.0,0.0,0.0,0.0,0.0,0.0,337.2450453357254,0.0,0.0,Eastern Plateau (Chhotanagpur) & Eastern Ghats (Subhumid),1,False,Eastern Plateau (Chhotanagpur) & Eastern Ghats (Subhumid),#5cb7aa
Paschim Bardhaman,Faridpur Durgapur,WB,70.87424062614502,0.0,0.0,0.0,0.0,0.0,0.0,0.0,0.0,0.0,309.7434493802663,0.0,0.0,Assam & Bengal Plain (Subhumid–Humid); Eastern Plateau (Chhotanagpur) & Eastern Ghats (Subhumid),2,True,Shared: Assam & Bengal Plain (Subhumid–Humid) + Eastern Plateau (Chhotanagpur) & Eastern Ghats (Subhumid),#888888
Paschim Bardhaman,Jamuria,WB,0.0,0.0,0.0,0.0,0.0,0.0,0.0,0.0,0.0,0.0,284.5632970402357,0.0,0.0,Eastern Plateau (Chhotanagpur) & Eastern Ghats (Subhumid),1,False,Eastern Plateau (Chhotanagpur) & Eastern Ghats (Subhumid),#5cb7aa
Paschim Bardhaman,Kanksa,WB,304.13639022087733,0.0,0.0,0.0,0.0,0.0,0.0,0.0,0.0,0.0,17.218353500191512,0.0,0.0,Assam & Bengal Plain (Subhumid–Humid); Eastern Plateau (Chhotanagpur) & Eastern Ghats (Subhumid),2,True,Shared: Assam & Bengal Plain (Subhumid–Humid) + Eastern Plateau (Chhotanagpur) & Eastern Ghats (Subhumid),#888888
Paschim Bardhaman,Ondal,WB,0.0,0.0,0.0,0.0,0.0,0.0,0.0,0.0,0.0,0.0,99.99763652480398,0.0,0.0,Eastern Plateau (Chhotanagpur) & Eastern Ghats (Subhumid),1,False,Eastern Plateau (Chhotanagpur) & Eastern Ghats (Subhumid),#5cb7aa
Paschim Bardhaman,Pandabeswar,WB,0.0,0.0,0.0,0.0,0.0,0.0,0.0,0.0,0.0,0.0,110.72553769746216,0.0,0.0,Eastern Plateau (Chhotanagpur) & Eastern Ghats (Subhumid),1,False,Eastern Plateau (Chhotanagpur) & Eastern Ghats (Subhumid),#5cb7aa
Paschim Bardhaman,Raniganj,WB,0.0,0.0,0.0,0.0,0.0,0.0,0.0,0.0,0.0,0.0,102.62250745344534,0.0,0.0,Eastern Plateau (Chhotanagpur) & Eastern Ghats (Subhumid),1,False,Eastern Plateau (Chhotanagpur) & Eastern Ghats (Subhumid),#5cb7aa
Paschim Bardhaman,Salanpur,WB,0.0,0.0,0.0,0.0,0.0,0.0,0.0,0.0,0.0,0.0,286.426435736973,0.0,0.0,Eastern Plateau (Chhotanagpur) & Eastern Ghats (Subhumid),1,False,Eastern Plateau (Chhotanagpur) & Eastern Ghats (Subhumid),#5cb7aa
Purba Bardhaman,Ausgram - I,WB,283.38706499389946,0.0,0.0,0.0,0.0,0.0,0.0,0.0,0.0,0.0,0.0,0.0,0.0,Assam & Bengal Plain (Subhumid–Humid),1,False,Assam & Bengal Plain (Subhumid–Humid),#9e0142
Purba Bardhaman,Ausgram - II,WB,440.8889633934921,0.0,0.0,0.0,0.0,0.0,0.0,0.0,0.0,0.0,0.0,0.0,0.0,Assam & Bengal Plain (Subhumid–Humid),1,False,Assam & Bengal Plain (Subhumid–Humid),#9e0142
Purba Bardhaman,Bhatar,WB,501.5632541672139,0.0,0.0,0.0,0.0,0.0,0.0,0.0,0.0,0.0,0.0,0.0,0.0,Assam & Bengal Plain (Subhumid–Humid),1,False,Assam & Bengal Plain (Subhumid–Humid),#9e0142
Purba Bardhaman,Burdwan - I,WB,313.8981726974204,0.0,0.0,0.0,0.0,0.0,0.0,0.0,0.0,0.0,0.0,0.0,0.0,Assam & Bengal Plain (Subhumid–Humid),1,False,Assam & Bengal Plain (Subhumid–Humid),#9e0142
Purba Bardhaman,Burdwan - II,WB,218.5554680628444,0.0,0.0,0.0,0.0,0.0,0.0,0.0,0.0,0.0,0.0,0.0,0.0,Assam & Bengal Plain (Subhumid–Humid),1,False,Assam & Bengal Plain (Subhumid–Humid),#9e0142
Purba Bardhaman,Galsi - I,WB,300.93261212978143,0.0,0.0,0.0,0.0,0.0,0.0,0.0,0.0,0.0,0.0,0.0,0.0,Assam & Bengal Plain (Subhumid–Humid),1,False,Assam & Bengal Plain (Subhumid–Humid),#9e0142
Purba Bardhaman,Galsi - II,WB,256.5425163650972,0.0,0.0,0.0,0.0,0.0,0.0,0.0,0.0,0.0,0.0,0.0,0.0,Assam & Bengal Plain (Subhumid–Humid),1,False,Assam & Bengal Plain (Subhumid–Humid),#9e0142
Purba Bardhaman,Jamalpur,WB,314.6673321206756,0.0,0.0,0.0,0.0,0.0,0.0,0.0,0.0,0.0,0.0,0.0,0.0,Assam & Bengal Plain (Subhumid–Humid),1,False,Assam & Bengal Plain (Subhumid–Humid),#9e0142
Purba Bardhaman,Kalna - I,WB,200.4155058343308,0.0,0.0,0.0,0.0,0.0,0.0,0.0,0.0,0.0,0.0,0.0,0.0,Assam & Bengal Plain (Subhumid–Humid),1,False,Assam & Bengal Plain (Subhumid–Humid),#9e0142
Purba Bardhaman,Kalna - II,WB,205.48895739877435,0.0,0.0,0.0,0.0,0.0,0.0,0.0,0.0,0.0,0.0,0.0,0.0,Assam & Bengal Plain (Subhumid–Humid),1,False,Assam & Bengal Plain (Subhumid–Humid),#9e0142
Purba Bardhaman,Katwa - I,WB,204.41424193528687,0.0,0.0,0.0,0.0,0.0,0.0,0.0,0.0,0.0,0.0,0.0,0.0,Assam & Bengal Plain (Subhumid–Humid),1,False,Assam & Bengal Plain (Subhumid–Humid),#9e0142
Purba Bardhaman,Katwa - II,WB,217.12668506039395,0.0,0.0,0.0,0.0,0.0,0.0,0.0,0.0,0.0,0.0,0.0,0.0,Assam & Bengal Plain (Subhumid–Humid),1,False,Assam & Bengal Plain (Subhumid–Humid),#9e0142
Purba Bardhaman,Ketugram - I,WB,238.8234812828506,0.0,0.0,0.0,0.0,0.0,0.0,0.0,0.0,0.0,0.0,0.0,0.0,Assam & Bengal Plain (Subhumid–Humid),1,False,Assam & Bengal Plain (Subhumid–Humid),#9e0142
Purba Bardhaman,Ketugram - II,WB,194.1887095586074,0.0,0.0,0.0,0.0,0.0,0.0,0.0,0.0,0.0,0.0,0.0,0.0,Assam & Bengal Plain (Subhumid–Humid),1,False,Assam & Bengal Plain (Subhumid–Humid),#9e0142
Purba Bardhaman,Khandaghosh,WB,313.95807079830007,0.0,0.0,0.0,0.0,0.0,0.0,0.0,0.0,0.0,0.0,0.0,0.0,Assam & Bengal Plain (Subhumid–Humid),1,False,Assam & Bengal Plain (Subhumid–Humid),#9e0142
Purba Bardhaman,Mangolkote,WB,443.0365627054133,0.0,0.0,0.0,0.0,0.0,0.0,0.0,0.0,0.0,0.0,0.0,0.0,Assam & Bengal Plain (Subhumid–Humid),1,False,Assam & Bengal Plain (Subhumid–Humid),#9e0142
Purba Bardhaman,Manteswar,WB,361.8101689010372,0.0,0.0,0.0,0.0,0.0,0.0,0.0,0.0,0.0,0.0,0.0,0.0,Assam & Bengal Plain (Subhumid–Humid),1,False,Assam & Bengal Plain (Subhumid–Humid),#9e0142
Purba Bardhaman,Memari - I,WB,241.1613291378868,0.0,0.0,0.0,0.0,0.0,0.0,0.0,0.0,0.0,0.0,0.0,0.0,Assam & Bengal Plain (Subhumid–Humid),1,False,Assam & Bengal Plain (Subhumid–Humid),#9e0142
Purba Bardhaman,Memari - II,WB,217.79038474914464,0.0,0.0,0.0,0.0,0.0,0.0,0.0,0.0,0.0,0.0,0.0,0.0,Assam & Bengal Plain (Subhumid–Humid),1,False,Assam & Bengal Plain (Subhumid–Humid),#9e0142
Purba Bardhaman,Purbasthali - I,WB,165.54389670030082,0.0,0.0,0.0,0.0,0.0,0.0,0.0,0.0,0.0,0.0,0.0,0.0,Assam & Bengal Plain (Subhumid–Humid),1,False,Assam & Bengal Plain (Subhumid–Humid),#9e0142
Purba Bardhaman,Purbasthali - II,WB,236.57836285353508,0.0,0.0,0.0,0.0,0.0,0.0,0.0,0.0,0.0,0.0,0.0,0.0,Assam & Bengal Plain (Subhumid–Humid),1,False,Assam & Bengal Plain (Subhumid–Humid),#9e0142
Purba Bardhaman,Raina - I,WB,303.0263326767255,0.0,0.0,0.0,0.0,0.0,0.0,0.0,0.0,0.0,0.0,0.0,0.0,Assam & Bengal Plain (Subhumid–Humid),1,False,Assam & Bengal Plain (Subhumid–Humid),#9e0142
Purba Bardhaman,Raina - II,WB,270.40232058788433,0.0,0.0,0.0,0.0,0.0,0.0,0.0,0.0,0.0,0.0,0.0,0.0,Assam & Bengal Plain (Subhumid–Humid),1,False,Assam & Bengal Plain (Subhumid–Humid),#9e0142
Purulia,Arsha,WB,0.0,0.0,0.0,0.0,0.0,0.0,0.0,0.0,0.0,0.0,442.87925093111926,0.0,0.0,Eastern Plateau (Chhotanagpur) & Eastern Ghats (Subhumid),1,False,Eastern Plateau (Chhotanagpur) & Eastern Ghats (Subhumid),#5cb7aa
Purulia,Bagmundi,WB,0.0,0.0,0.0,0.0,0.0,0.0,0.0,0.0,0.0,0.0,541.6850118813267,0.0,0.0,Eastern Plateau (Chhotanagpur) & Eastern Ghats (Subhumid),1,False,Eastern Plateau (Chhotanagpur) & Eastern Ghats (Subhumid),#5cb7aa
Purulia,Balarampur,WB,0.0,0.0,0.0,0.0,0.0,0.0,0.0,0.0,0.0,0.0,357.2855082694944,0.0,0.0,Eastern Plateau (Chhotanagpur) & Eastern Ghats (Subhumid),1,False,Eastern Plateau (Chhotanagpur) & Eastern Ghats (Subhumid),#5cb7aa
Purulia,Barabazar,WB,0.0,0.0,0.0,0.0,0.0,0.0,0.0,0.0,0.0,0.0,491.4096829134456,0.0,0.0,Eastern Plateau (Chhotanagpur) & Eastern Ghats (Subhumid),1,False,Eastern Plateau (Chhotanagpur) & Eastern Ghats (Subhumid),#5cb7aa
Purulia,Bundwan,WB,0.0,0.0,0.0,0.0,0.0,0.0,0.0,0.0,0.0,0.0,423.4818216876253,0.0,0.0,Eastern Plateau (Chhotanagpur) & Eastern Ghats (Subhumid),1,False,Eastern Plateau (Chhotanagpur) & Eastern Ghats (Subhumid),#5cb7aa
Purulia,Hura,WB,0.0,0.0,0.0,0.0,0.0,0.0,0.0,0.0,0.0,0.0,477.2035690386578,0.0,0.0,Eastern Plateau (Chhotanagpur) & Eastern Ghats (Subhumid),1,False,Eastern Plateau (Chhotanagpur) & Eastern Ghats (Subhumid),#5cb7aa
Purulia,Jaipur,WB,0.0,0.0,0.0,0.0,0.0,0.0,0.0,0.0,0.0,0.0,276.8505681492158,0.0,0.0,Eastern Plateau (Chhotanagpur) & Eastern Ghats (Subhumid),1,False,Eastern Plateau (Chhotanagpur) & Eastern Ghats (Subhumid),#5cb7aa
Purulia,Jhalda - I,WB,0.0,0.0,0.0,0.0,0.0,0.0,0.0,0.0,0.0,0.0,377.3745005577359,0.0,0.0,Eastern Plateau (Chhotanagpur) & Eastern Ghats (Subhumid),1,False,Eastern Plateau (Chhotanagpur) & Eastern Ghats (Subhumid),#5cb7aa
Purulia,Jhalda - II,WB,0.0,0.0,0.0,0.0,0.0,0.0,0.0,0.0,0.0,0.0,305.7979454676703,0.0,0.0,Eastern Plateau (Chhotanagpur) & Eastern Ghats (Subhumid),1,False,Eastern Plateau (Chhotanagpur) & Eastern Ghats (Subhumid),#5cb7aa
Purulia,Kashipur,WB,0.0,0.0,0.0,0.0,0.0,0.0,0.0,0.0,0.0,0.0,529.0109790813145,0.0,0.0,Eastern Plateau (Chhotanagpur) & Eastern Ghats (Subhumid),1,False,Eastern Plateau (Chhotanagpur) & Eastern Ghats (Subhumid),#5cb7aa
Purulia,Manbazar - I,WB,0.0,0.0,0.0,0.0,0.0,0.0,0.0,0.0,0.0,0.0,443.9557420772354,0.0,0.0,Eastern Plateau (Chhotanagpur) & Eastern Ghats (Subhumid),1,False,Eastern Plateau (Chhotanagpur) & Eastern Ghats (Subhumid),#5cb7aa
Purulia,Manbazar - II,WB,0.0,0.0,0.0,0.0,0.0,0.0,0.0,0.0,0.0,0.0,345.3872793139378,0.0,0.0,Eastern Plateau (Chhotanagpur) & Eastern Ghats (Subhumid),1,False,Eastern Plateau (Chhotanagpur) & Eastern Ghats (Subhumid),#5cb7aa
Purulia,Neturia,WB,0.0,0.0,0.0,0.0,0.0,0.0,0.0,0.0,0.0,0.0,244.3018328516688,0.0,0.0,Eastern Plateau (Chhotanagpur) & Eastern Ghats (Subhumid),1,False,Eastern Plateau (Chhotanagpur) & Eastern Ghats (Subhumid),#5cb7aa
Purulia,Para,WB,0.0,0.0,0.0,0.0,0.0,0.0,0.0,0.0,0.0,0.0,373.422738482612,0.0,0.0,Eastern Plateau (Chhotanagpur) & Eastern Ghats (Subhumid),1,False,Eastern Plateau (Chhotanagpur) & Eastern Ghats (Subhumid),#5cb7aa
Purulia,Puncha,WB,0.0,0.0,0.0,0.0,0.0,0.0,0.0,0.0,0.0,0.0,395.04466305644377,0.0,0.0,Eastern Plateau (Chhotanagpur) & Eastern Ghats (Subhumid),1,False,Eastern Plateau (Chhotanagpur) & Eastern Ghats (Subhumid),#5cb7aa
Purulia,Purulia - I,WB,0.0,0.0,0.0,0.0,0.0,0.0,0.0,0.0,0.0,0.0,340.7555011746826,0.0,0.0,Eastern Plateau (Chhotanagpur) & Eastern Ghats (Subhumid),1,False,Eastern Plateau (Chhotanagpur) & Eastern Ghats (Subhumid),#5cb7aa
Purulia,Purulia - II,WB,0.0,0.0,0.0,0.0,0.0,0.0,0.0,0.0,0.0,0.0,382.6027257193642,0.0,0.0,Eastern Plateau (Chhotanagpur) & Eastern Ghats (Subhumid),1,False,Eastern Plateau (Chhotanagpur) & Eastern Ghats (Subhumid),#5cb7aa
Purulia,Raghunathpur - I,WB,0.0,0.0,0.0,0.0,0.0,0.0,0.0,0.0,0.0,0.0,239.0766429666837,0.0,0.0,Eastern Plateau (Chhotanagpur) & Eastern Ghats (Subhumid),1,False,Eastern Plateau (Chhotanagpur) & Eastern Ghats (Subhumid),#5cb7aa
Purulia,Raghunathpur - II,WB,0.0,0.0,0.0,0.0,0.0,0.0,0.0,0.0,0.0,0.0,235.7372670983821,0.0,0.0,Eastern Plateau (Chhotanagpur) & Eastern Ghats (Subhumid),1,False,Eastern Plateau (Chhotanagpur) & Eastern Ghats (Subhumid),#5cb7aa
Purulia,Santuri,WB,0.0,0.0,0.0,0.0,0.0,0.0,0.0,0.0,0.0,0.0,212.90525709685875,0.0,0.0,Eastern Plateau (Chhotanagpur) & Eastern Ghats (Subhumid),1,False,Eastern Plateau (Chhotanagpur) & Eastern Ghats (Subhumid),#5cb7aa
