State,District,Block,zone_count,zone_label,display_color
Andhra Pradesh,Alluri Sitharama Raju,Addateegala,1,Eastern Plateau (Chhotanagpur) & Eastern Ghats (Subhumid),#5cb7aa
Andhra Pradesh,Alluri Sitharama Raju,Ananthagiri,1,Eastern Plateau (Chhotanagpur) & Eastern Ghats (Subhumid),#5cb7aa
Andhra Pradesh,Alluri Sitharama Raju,Araku Valley,1,Eastern Plateau (Chhotanagpur) & Eastern Ghats (Subhumid),#5cb7aa
Andhra Pradesh,Alluri Sitharama Raju,Chintapalle,1,Eastern Plateau (Chhotanagpur) & Eastern Ghats (Subhumid),#5cb7aa
Andhra Pradesh,Alluri Sitharama Raju,Chintur,2,Shared: Deccan Plateau (Telangana) & Eastern Ghats (Semi-Arid) + Eastern Plateau (Chhotanagpur) & Eastern Ghats (Subhumid),#888888
Andhra Pradesh,Alluri Sitharama Raju,Devipatnam,2,Shared: Deccan Plateau (Telangana) & Eastern Ghats (Semi-Arid) + Eastern Plateau (Chhotanagpur) & Eastern Ghats (Subhumid),#888888
Andhra Pradesh,Alluri Sitharama Raju,Dumbriguda,1,Eastern Plateau (Chhotanagpur) & Eastern Ghats (Subhumid),#5cb7aa
Andhra Pradesh,Alluri Sitharama Raju,G.Madugula,1,Eastern Plateau (Chhotanagpur) & Eastern Ghats (Subhumid),#5cb7aa
Andhra Pradesh,Alluri Sitharama Raju,Gangavaram,1,Eastern Plateau (Chhotanagpur) & Eastern Ghats (Subhumid),#5cb7aa
Andhra Pradesh,Alluri Sitharama Raju,Gudem Kotha Veedhi,1,Eastern Plateau (Chhotanagpur) & Eastern Ghats (Subhumid),#5cb7aa
Andhra Pradesh,Alluri Sitharama Raju,Hukumpeta,1,Eastern Plateau (Chhotanagpur) & Eastern Ghats (Subhumid),#5cb7aa
Andhra Pradesh,Alluri Sitharama Raju,Koyyuru,1,Eastern Plateau (Chhotanagpur) & Eastern Ghats (Subhumid),#5cb7aa
Andhra Pradesh,Alluri Sitharama Raju,Kunavaram,2,Shared: Deccan Plateau (Telangana) & Eastern Ghats (Semi-Arid) + Eastern Plateau (Chhotanagpur) & Eastern Ghats (Subhumid),#888888
Andhra Pradesh,Alluri Sitharama Raju,Maredumilli,1,Eastern Plateau (Chhotanagpur) & Eastern Ghats (Subhumid),#5cb7aa
Andhra Pradesh,Alluri Sitharama Raju,Munchingi Puttu,1,Eastern Plateau (Chhotanagpur) & Eastern Ghats (Subhumid),#5cb7aa
Andhra Pradesh,Alluri Sitharama Raju,Nellipaka,1,Deccan Plateau (Telangana) & Eastern Ghats (Semi-Arid),#fece7c
Andhra Pradesh,Alluri Sitharama Raju,Paderu,1,Eastern Plateau (Chhotanagpur) & Eastern Ghats (Subhumid),#5cb7aa
Andhra Pradesh,Alluri Sitharama Raju,Peda Bayalu,1,Eastern Plateau (Chhotanagpur) & Eastern Ghats (Subhumid),#5cb7aa
Andhra Pradesh,Alluri Sitharama Raju,Rajavommangi,1,Eastern Plateau (Chhotanagpur) & Eastern Ghats (Subhumid),#5cb7aa
Andhra Pradesh,Alluri Sitharama Raju,Rampachodavaram,1,Eastern Plateau (Chhotanagpur) & Eastern Ghats (Subhumid),#5cb7aa
Andhra Pradesh,Alluri Sitharama Raju,Vararamachandrapuram,2,Shared: Deccan Plateau (Telangana) & Eastern Ghats (Semi-Arid) + Eastern Plateau (Chhotanagpur) & Eastern Ghats (Subhumid),#888888
Andhra Pradesh,Alluri Sitharama Raju,Y.Ramavaram,1,Eastern Plateau (Chhotanagpur) & Eastern Ghats (Subhumid),#5cb7aa
Andhra Pradesh,Anakapalli,Anakapalle,1,Eastern Coastal Plain (Subhumid–Semi-Arid),#fff1a8
Andhra Pradesh,Anakapalli,Atchutapuram,1,Eastern Coastal Plain (Subhumid–Semi-Arid),#fff1a8
Andhra Pradesh,Anakapalli,Butchayyapeta,2,Shared: Eastern Coastal Plain (Subhumid–Semi-Arid) + Eastern Plateau (Chhotanagpur) & Eastern Ghats (Subhumid),#888888
Andhra Pradesh,Anakapalli,Cheedikada,2,Shared: Eastern Coastal Plain (Subhumid–Semi-Arid) + Eastern Plateau (Chhotanagpur) & Eastern Ghats (Subhumid),#888888
Andhra Pradesh,Anakapalli,Chodavaram,1,Eastern Coastal Plain (Subhumid–Semi-Arid),#fff1a8
Andhra Pradesh,Anakapalli,Devarapalle,2,Shared: Eastern Coastal Plain (Subhumid–Semi-Arid) + Eastern Plateau (Chhotanagpur) & Eastern Ghats (Subhumid),#888888
Andhra Pradesh,Anakapalli,Golugonda,2,Shared: Eastern Coastal Plain (Subhumid–Semi-Arid) + Eastern Plateau (Chhotanagpur) & Eastern Ghats (Subhumid),#888888
Andhra Pradesh,Anakapalli,K.Kotapadu,1,Eastern Coastal Plain (Subhumid–Semi-Arid),#fff1a8
Andhra Pradesh,Anakapalli,Kasimkota,1,Eastern Coastal Plain (Subhumid–Semi-Arid),#fff1a8
Andhra Pradesh,Anakapalli,Kotauratla,1,Eastern Coastal Plain (Subhumid–Semi-Arid),#fff1a8
Andhra Pradesh,Anakapalli,Madugula,2,Shared: Eastern Coastal Plain (Subhumid–Semi-Arid) + Eastern Plateau (Chhotanagpur) & Eastern Ghats (Subhumid),#888888
Andhra Pradesh,Anakapalli,Makavarapalem,1,Eastern Coastal Plain (Subhumid–Semi-Arid),#fff1a8
Andhra Pradesh,Anakapalli,Munagapaka,1,Eastern Coastal Plain (Subhumid–Semi-Arid),#fff1a8
Andhra Pradesh,Anakapalli,Nakkapalle,1,Eastern Coastal Plain (Subhumid–Semi-Arid),#fff1a8
Andhra Pradesh,Anakapalli,Narsipatnam,2,Shared: Eastern Coastal Plain (Subhumid–Semi-Arid) + Eastern Plateau (Chhotanagpur) & Eastern Ghats (Subhumid),#888888
Andhra Pradesh,Anakapalli,Nathavaram,2,Shared: Eastern Coastal Plain (Subhumid–Semi-Arid) + Eastern Plateau (Chhotanagpur) & Eastern Ghats (Subhumid),#888888
Andhra Pradesh,Anakapalli,Paravada,1,Eastern Coastal Plain (Subhumid–Semi-Arid),#fff1a8
Andhra Pradesh,Anakapalli,Payakaraopeta,1,Eastern Coastal Plain (Subhumid–Semi-Arid),#fff1a8
Andhra Pradesh,Anakapalli,Rambilli,1,Eastern Coastal Plain (Subhumid–Semi-Arid),#fff1a8
Andhra Pradesh,Anakapalli,Ravikamatham,2,Shared: Eastern Coastal Plain (Subhumid–Semi-Arid) + Eastern Plateau (Chhotanagpur) & Eastern Ghats (Subhumid),#888888
Andhra Pradesh,Anakapalli,Rolugunta,2,Shared: Eastern Coastal Plain (Subhumid–Semi-Arid) + Eastern Plateau (Chhotanagpur) & Eastern Ghats (Subhumid),#888888
Andhra Pradesh,Anakapalli,S.Rayavaram,1,Eastern Coastal Plain (Subhumid–Semi-Arid),#fff1a8
Andhra Pradesh,Anakapalli,Sabbavaram,1,Eastern Coastal Plain (Subhumid–Semi-Arid),#fff1a8
Andhra Pradesh,Anakapalli,Yelamanchili,1,Eastern Coastal Plain (Subhumid–Semi-Arid),#fff1a8
Andhra Pradesh,Anantapuramu,Anantapuramu,1,Karnataka Plateau (incl. Rayalaseema),#3682ba
Andhra Pradesh,Anantapuramu,Atmakur,1,Karnataka Plateau (incl. Rayalaseema),#3682ba
Andhra Pradesh,Anantapuramu,Beluguppa,1,Karnataka Plateau (incl. Rayalaseema),#3682ba
Andhra Pradesh,Anantapuramu,Bommanahal,1,Karnataka Plateau (incl. Rayalaseema),#3682ba
Andhra Pradesh,Anantapuramu,Brahmasamudram,1,Karnataka Plateau (incl. Rayalaseema),#3682ba
Andhra Pradesh,Anantapuramu,Bukkaraya  Samudram,1,Karnataka Plateau (incl. Rayalaseema),#3682ba
Andhra Pradesh,Anantapuramu,D.Hirehal,1,Karnataka Plateau (incl. Rayalaseema),#3682ba
Andhra Pradesh,Anantapuramu,Garladinne,1,Karnataka Plateau (incl. Rayalaseema),#3682ba
Andhra Pradesh,Anantapuramu,Gooty,2,Shared: Deccan Plateau (Telangana) & Eastern Ghats (Semi-Arid) + Karnataka Plateau (incl. Rayalaseema),#888888
Andhra Pradesh,Anantapuramu,Gummagatta,1,Karnataka Plateau (incl. Rayalaseema),#3682ba
Andhra Pradesh,Anantapuramu,Guntakal,2,Shared: Deccan Plateau (Telangana) & Eastern Ghats (Semi-Arid) + Karnataka Plateau (incl. Rayalaseema),#888888
Andhra Pradesh,Anantapuramu,Kalyandurg,1,Karnataka Plateau (incl. Rayalaseema),#3682ba
Andhra Pradesh,Anantapuramu,Kambadur,1,Karnataka Plateau (incl. Rayalaseema),#3682ba
Andhra Pradesh,Anantapuramu,Kanekal,1,Karnataka Plateau (incl. Rayalaseema),#3682ba
Andhra Pradesh,Anantapuramu,Kudair,1,Karnataka Plateau (incl. Rayalaseema),#3682ba
Andhra Pradesh,Anantapuramu,Kundurpi,1,Karnataka Plateau (incl. Rayalaseema),#3682ba
Andhra Pradesh,Anantapuramu,Narpala,1,Karnataka Plateau (incl. Rayalaseema),#3682ba
Andhra Pradesh,Anantapuramu,Pamidi,1,Karnataka Plateau (incl. Rayalaseema),#3682ba
Andhra Pradesh,Anantapuramu,Peddapappur,1,Karnataka Plateau (incl. Rayalaseema),#3682ba
Andhra Pradesh,Anantapuramu,Peddavadugur,1,Karnataka Plateau (incl. Rayalaseema),#3682ba
Andhra Pradesh,Anantapuramu,Putlur,1,Karnataka Plateau (incl. Rayalaseema),#3682ba
Andhra Pradesh,Anantapuramu,Raptadu,1,Karnataka Plateau (incl. Rayalaseema),#3682ba
Andhra Pradesh,Anantapuramu,Rayadurg,1,Karnataka Plateau (incl. Rayalaseema),#3682ba
Andhra Pradesh,Anantapuramu,Settur,1,Karnataka Plateau (incl. Rayalaseema),#3682ba
Andhra Pradesh,Anantapuramu,Singanamala,1,Karnataka Plateau (incl. Rayalaseema),#3682ba
Andhra Pradesh,Anantapuramu,Tadpatri,2,Shared: Deccan Plateau (Telangana) & Eastern Ghats (Semi-Arid) + Karnataka Plateau (incl. Rayalaseema),#888888
Andhra Pradesh,Anantapuramu,Uravakonda,1,Karnataka Plateau (incl. Rayalaseema),#3682ba
Andhra Pradesh,Anantapuramu,Vajrakarur,1,Karnataka Plateau (incl. Rayalaseema),#3682ba
Andhra Pradesh,Anantapuramu,Vidapanakal,1,Karnataka Plateau (incl. Rayalaseema),#3682ba
Andhra Pradesh,Anantapuramu,Yadiki,2,Shared: Deccan Plateau (Telangana) & Eastern Ghats (Semi-Arid) + Karnataka Plateau (incl. Rayalaseema),#888888
Andhra Pradesh,Anantapuramu,Yellanur,2,Shared: Deccan Plateau (Telangana) & Eastern Ghats (Semi-Arid) + Karnataka Plateau (incl. Rayalaseema),#888888
Andhra Pradesh,Annamayya,B.Kothakota,1,"Eastern Ghats, TN Uplands & Deccan (Karnataka) Plateau (Semi-Arid)",#f4faad
Andhra Pradesh,Annamayya,Chinnamandem,2,"Shared: Deccan Plateau (Telangana) & Eastern Ghats (Semi-Arid) + Eastern Ghats, TN Uplands & Deccan (Karnataka) Plateau (Semi-Arid)",#888888
Andhra Pradesh,Annamayya,Chitvel,2,"Shared: Deccan Plateau (Telangana) & Eastern Ghats (Semi-Arid) + Eastern Ghats, TN Uplands & Deccan (Karnataka) Plateau (Semi-Arid)",#888888
Andhra Pradesh,Annamayya,Galiveedu,3,"Shared: Deccan Plateau (Telangana) & Eastern Ghats (Semi-Arid) + Eastern Ghats, TN Uplands & Deccan (Karnataka) Plateau (Semi-Arid) + Karnataka Plateau (incl. Rayalaseema)",#888888
Andhra Pradesh,Annamayya,Gurramkonda,2,"Shared: Deccan Plateau (Telangana) & Eastern Ghats (Semi-Arid) + Eastern Ghats, TN Uplands & Deccan (Karnataka) Plateau (Semi-Arid)",#888888
Andhra Pradesh,Annamayya,Kalakada,2,"Shared: Deccan Plateau (Telangana) & Eastern Ghats (Semi-Arid) + Eastern Ghats, TN Uplands & Deccan (Karnataka) Plateau (Semi-Arid)",#888888
Andhra Pradesh,Annamayya,Kalikiri,1,"Eastern Ghats, TN Uplands & Deccan (Karnataka) Plateau (Semi-Arid)",#f4faad
Andhra Pradesh,Annamayya,Kambhamvaripalle,2,"Shared: Deccan Plateau (Telangana) & Eastern Ghats (Semi-Arid) + Eastern Ghats, TN Uplands & Deccan (Karnataka) Plateau (Semi-Arid)",#888888
Andhra Pradesh,Annamayya,Kodur,1,Deccan Plateau (Telangana) & Eastern Ghats (Semi-Arid),#fece7c
Andhra Pradesh,Annamayya,Kurabalakota,1,"Eastern Ghats, TN Uplands & Deccan (Karnataka) Plateau (Semi-Arid)",#f4faad
Andhra Pradesh,Annamayya,Lakkireddipalle,1,Deccan Plateau (Telangana) & Eastern Ghats (Semi-Arid),#fece7c
Andhra Pradesh,Annamayya,Madanapalle,1,"Eastern Ghats, TN Uplands & Deccan (Karnataka) Plateau (Semi-Arid)",#f4faad
Andhra Pradesh,Annamayya,Mulakalacheruvu,2,"Shared: Eastern Ghats, TN Uplands & Deccan (Karnataka) Plateau (Semi-Arid) + Karnataka Plateau (incl. Rayalaseema)",#888888
Andhra Pradesh,Annamayya,Nandalur,1,Deccan Plateau (Telangana) & Eastern Ghats (Semi-Arid),#fece7c
Andhra Pradesh,Annamayya,Nimmanapalle,1,"Eastern Ghats, TN Uplands & Deccan (Karnataka) Plateau (Semi-Arid)",#f4faad
Andhra Pradesh,Annamayya,Obulavaripalle,2,"Shared: Deccan Plateau (Telangana) & Eastern Ghats (Semi-Arid) + Eastern Ghats, TN Uplands & Deccan (Karnataka) Plateau (Semi-Arid)",#888888
Andhra Pradesh,Annamayya,Pedda Thippasamudram,2,"Shared: Eastern Ghats, TN Uplands & Deccan (Karnataka) Plateau (Semi-Arid) + Karnataka Plateau (incl. Rayalaseema)",#888888
Andhra Pradesh,Annamayya,Peddamandyam,2,"Shared: Deccan Plateau (Telangana) & Eastern Ghats (Semi-Arid) + Eastern Ghats, TN Uplands & Deccan (Karnataka) Plateau (Semi-Arid)",#888888
Andhra Pradesh,Annamayya,Penagalur,1,Deccan Plateau (Telangana) & Eastern Ghats (Semi-Arid),#fece7c
Andhra Pradesh,Annamayya,Pileru,1,"Eastern Ghats, TN Uplands & Deccan (Karnataka) Plateau (Semi-Arid)",#f4faad
Andhra Pradesh,Annamayya,Pullampeta,1,Deccan Plateau (Telangana) & Eastern Ghats (Semi-Arid),#fece7c
Andhra Pradesh,Annamayya,Rajampet,1,Deccan Plateau (Telangana) & Eastern Ghats (Semi-Arid),#fece7c
Andhra Pradesh,Annamayya,Ramapuram,1,Deccan Plateau (Telangana) & Eastern Ghats (Semi-Arid),#fece7c
Andhra Pradesh,Annamayya,Ramasamudram,1,"Eastern Ghats, TN Uplands & Deccan (Karnataka) Plateau (Semi-Arid)",#f4faad
Andhra Pradesh,Annamayya,Rayachoti,1,Deccan Plateau (Telangana) & Eastern Ghats (Semi-Arid),#fece7c
Andhra Pradesh,Annamayya,Sambepalle,2,"Shared: Deccan Plateau (Telangana) & Eastern Ghats (Semi-Arid) + Eastern Ghats, TN Uplands & Deccan (Karnataka) Plateau (Semi-Arid)",#888888
Andhra Pradesh,Annamayya,T Sundupalle,2,"Shared: Deccan Plateau (Telangana) & Eastern Ghats (Semi-Arid) + Eastern Ghats, TN Uplands & Deccan (Karnataka) Plateau (Semi-Arid)",#888888
Andhra Pradesh,Annamayya,Thamballapalle,2,"Shared: Eastern Ghats, TN Uplands & Deccan (Karnataka) Plateau (Semi-Arid) + Karnataka Plateau (incl. Rayalaseema)",#888888
Andhra Pradesh,Annamayya,Vayalpad,1,"Eastern Ghats, TN Uplands & Deccan (Karnataka) Plateau (Semi-Arid)",#f4faad
Andhra Pradesh,Annamayya,Veeraballe,1,Deccan Plateau (Telangana) & Eastern Ghats (Semi-Arid),#fece7c
Andhra Pradesh,Bapatla,Addanki,1,Eastern Coastal Plain (Subhumid–Semi-Arid),#fff1a8
Andhra Pradesh,Bapatla,Amruthalur,1,Eastern Coastal Plain (Subhumid–Semi-Arid),#fff1a8
Andhra Pradesh,Bapatla,Ballikurava,1,Eastern Coastal Plain (Subhumid–Semi-Arid),#fff1a8
Andhra Pradesh,Bapatla,Bapatla,1,Eastern Coastal Plain (Subhumid–Semi-Arid),#fff1a8
Andhra Pradesh,Bapatla,Bhattiprolu,1,Eastern Coastal Plain (Subhumid–Semi-Arid),#fff1a8
Andhra Pradesh,Bapatla,Cherukupalle,1,Eastern Coastal Plain (Subhumid–Semi-Arid),#fff1a8
Andhra Pradesh,Bapatla,Chinaganjam,1,Eastern Coastal Plain (Subhumid–Semi-Arid),#fff1a8
Andhra Pradesh,Bapatla,Chirala,1,Eastern Coastal Plain (Subhumid–Semi-Arid),#fff1a8
Andhra Pradesh,Bapatla,Inkollu,1,Eastern Coastal Plain (Subhumid–Semi-Arid),#fff1a8
Andhra Pradesh,Bapatla,Janakavarampanguluru,1,Eastern Coastal Plain (Subhumid–Semi-Arid),#fff1a8
Andhra Pradesh,Bapatla,Karamchedu,1,Eastern Coastal Plain (Subhumid–Semi-Arid),#fff1a8
Andhra Pradesh,Bapatla,Karlapalem,1,Eastern Coastal Plain (Subhumid–Semi-Arid),#fff1a8
Andhra Pradesh,Bapatla,Kollur,1,Eastern Coastal Plain (Subhumid–Semi-Arid),#fff1a8
Andhra Pradesh,Bapatla,Korisapadu,1,Eastern Coastal Plain (Subhumid–Semi-Arid),#fff1a8
Andhra Pradesh,Bapatla,Martur,1,Eastern Coastal Plain (Subhumid–Semi-Arid),#fff1a8
Andhra Pradesh,Bapatla,Nagaram,1,Eastern Coastal Plain (Subhumid–Semi-Arid),#fff1a8
Andhra Pradesh,Bapatla,Nizampatnam,1,Eastern Coastal Plain (Subhumid–Semi-Arid),#fff1a8
Andhra Pradesh,Bapatla,Parchur,1,Eastern Coastal Plain (Subhumid–Semi-Arid),#fff1a8
Andhra Pradesh,Bapatla,Pittalavanipalem,1,Eastern Coastal Plain (Subhumid–Semi-Arid),#fff1a8
Andhra Pradesh,Bapatla,Repalle,1,Eastern Coastal Plain (Subhumid–Semi-Arid),#fff1a8
Andhra Pradesh,Bapatla,Santhamaguluru,2,Shared: Deccan Plateau (Telangana) & Eastern Ghats (Semi-Arid) + Eastern Coastal Plain (Subhumid–Semi-Arid),#888888
Andhra Pradesh,Bapatla,Tsundur,1,Eastern Coastal Plain (Subhumid–Semi-Arid),#fff1a8
Andhra Pradesh,Bapatla,Vemuru,1,Eastern Coastal Plain (Subhumid–Semi-Arid),#fff1a8
Andhra Pradesh,Bapatla,Vetapalem,1,Eastern Coastal Plain (Subhumid–Semi-Arid),#fff1a8
Andhra Pradesh,Bapatla,Yeddanapudi,1,Eastern Coastal Plain (Subhumid–Semi-Arid),#fff1a8
Andhra Pradesh,Chittoor,Baireddipalle,1,"Eastern Ghats, TN Uplands & Deccan (Karnataka) Plateau (Semi-Arid)",#f4faad
Andhra Pradesh,Chittoor,Bangarupalem,1,"Eastern Ghats, TN Uplands & Deccan (Karnataka) Plateau (Semi-Arid)",#f4faad
Andhra Pradesh,Chittoor,Chittoor,1,"Eastern Ghats, TN Uplands & Deccan (Karnataka) Plateau (Semi-Arid)",#f4faad
Andhra Pradesh,Chittoor,Chowdepalle,1,"Eastern Ghats, TN Uplands & Deccan (Karnataka) Plateau (Semi-Arid)",#f4faad
Andhra Pradesh,Chittoor,Gangadharanellore,1,"Eastern Ghats, TN Uplands & Deccan (Karnataka) Plateau (Semi-Arid)",#f4faad
Andhra Pradesh,Chittoor,Gangavaram,1,"Eastern Ghats, TN Uplands & Deccan (Karnataka) Plateau (Semi-Arid)",#f4faad
Andhra Pradesh,Chittoor,Gudipala,1,"Eastern Ghats, TN Uplands & Deccan (Karnataka) Plateau (Semi-Arid)",#f4faad
Andhra Pradesh,Chittoor,Gudupalle,1,"Eastern Ghats, TN Uplands & Deccan (Karnataka) Plateau (Semi-Arid)",#f4faad
Andhra Pradesh,Chittoor,Irala,1,"Eastern Ghats, TN Uplands & Deccan (Karnataka) Plateau (Semi-Arid)",#f4faad
Andhra Pradesh,Chittoor,Karvetinagar,1,"Eastern Ghats, TN Uplands & Deccan (Karnataka) Plateau (Semi-Arid)",#f4faad
Andhra Pradesh,Chittoor,Kuppam,1,"Eastern Ghats, TN Uplands & Deccan (Karnataka) Plateau (Semi-Arid)",#f4faad
Andhra Pradesh,Chittoor,Nagari,1,"Eastern Ghats, TN Uplands & Deccan (Karnataka) Plateau (Semi-Arid)",#f4faad
Andhra Pradesh,Chittoor,Nindra,1,"Eastern Ghats, TN Uplands & Deccan (Karnataka) Plateau (Semi-Arid)",#f4faad
Andhra Pradesh,Chittoor,Palamaner,1,"Eastern Ghats, TN Uplands & Deccan (Karnataka) Plateau (Semi-Arid)",#f4faad
Andhra Pradesh,Chittoor,Palasamudram,1,"Eastern Ghats, TN Uplands & Deccan (Karnataka) Plateau (Semi-Arid)",#f4faad
Andhra Pradesh,Chittoor,Peddapanjani,1,"Eastern Ghats, TN Uplands & Deccan (Karnataka) Plateau (Semi-Arid)",#f4faad
Andhra Pradesh,Chittoor,Penumuru,1,"Eastern Ghats, TN Uplands & Deccan (Karnataka) Plateau (Semi-Arid)",#f4faad
Andhra Pradesh,Chittoor,Pulicherla,1,"Eastern Ghats, TN Uplands & Deccan (Karnataka) Plateau (Semi-Arid)",#f4faad
Andhra Pradesh,Chittoor,Punganur,1,"Eastern Ghats, TN Uplands & Deccan (Karnataka) Plateau (Semi-Arid)",#f4faad
Andhra Pradesh,Chittoor,Puthalapattu,1,"Eastern Ghats, TN Uplands & Deccan (Karnataka) Plateau (Semi-Arid)",#f4faad
Andhra Pradesh,Chittoor,Ramakuppam,1,"Eastern Ghats, TN Uplands & Deccan (Karnataka) Plateau (Semi-Arid)",#f4faad
Andhra Pradesh,Chittoor,Rompicherla,1,"Eastern Ghats, TN Uplands & Deccan (Karnataka) Plateau (Semi-Arid)",#f4faad
Andhra Pradesh,Chittoor,Santhipuram,1,"Eastern Ghats, TN Uplands & Deccan (Karnataka) Plateau (Semi-Arid)",#f4faad
Andhra Pradesh,Chittoor,Sodam,1,"Eastern Ghats, TN Uplands & Deccan (Karnataka) Plateau (Semi-Arid)",#f4faad
Andhra Pradesh,Chittoor,Somala,1,"Eastern Ghats, TN Uplands & Deccan (Karnataka) Plateau (Semi-Arid)",#f4faad
Andhra Pradesh,Chittoor,Srirangarajapuram,1,"Eastern Ghats, TN Uplands & Deccan (Karnataka) Plateau (Semi-Arid)",#f4faad
Andhra Pradesh,Chittoor,Thavanampalle,1,"Eastern Ghats, TN Uplands & Deccan (Karnataka) Plateau (Semi-Arid)",#f4faad
Andhra Pradesh,Chittoor,Vedurukuppam,1,"Eastern Ghats, TN Uplands & Deccan (Karnataka) Plateau (Semi-Arid)",#f4faad
Andhra Pradesh,Chittoor,Venkatagirikota,1,"Eastern Ghats, TN Uplands & Deccan (Karnataka) Plateau (Semi-Arid)",#f4faad
Andhra Pradesh,Chittoor,Vijayapuram,1,"Eastern Ghats, TN Uplands & Deccan (Karnataka) Plateau (Semi-Arid)",#f4faad
Andhra Pradesh,Chittoor,Yadamarri,1,"Eastern Ghats, TN Uplands & Deccan (Karnataka) Plateau (Semi-Arid)",#f4faad
Andhra Pradesh,East Godavari,Anaparthy,1,Eastern Coastal Plain (Subhumid–Semi-Arid),#fff1a8
Andhra Pradesh,East Godavari,Biccavolu,1,Eastern Coastal Plain (Subhumid–Semi-Arid),#fff1a8
Andhra Pradesh,East Godavari,Chagallu,1,Deccan Plateau (Telangana) & Eastern Ghats (Semi-Arid),#fece7c
Andhra Pradesh,East Godavari,Devarapalle,1,Deccan Plateau (Telangana) & Eastern Ghats (Semi-Arid),#fece7c
Andhra Pradesh,East Godavari,Gokavaram,1,Eastern Plateau (Chhotanagpur) & Eastern Ghats (Subhumid),#5cb7aa
Andhra Pradesh,East Godavari,Gopalapuram,1,Deccan Plateau (Telangana) & Eastern Ghats (Semi-Arid),#fece7c
Andhra Pradesh,East Godavari,Kadiam,1,Eastern Coastal Plain (Subhumid–Semi-Arid),#fff1a8
Andhra Pradesh,East Godavari,Korukonda,1,Eastern Plateau (Chhotanagpur) & Eastern Ghats (Subhumid),#5cb7aa
Andhra Pradesh,East Godavari,Kovvur,2,Shared: Deccan Plateau (Telangana) & Eastern Ghats (Semi-Arid) + Eastern Plateau (Chhotanagpur) & Eastern Ghats (Subhumid),#888888
Andhra Pradesh,East Godavari,Nallajerla,1,Deccan Plateau (Telangana) & Eastern Ghats (Semi-Arid),#fece7c
Andhra Pradesh,East Godavari,Nidadavole,2,Shared: Deccan Plateau (Telangana) & Eastern Ghats (Semi-Arid) + Eastern Coastal Plain (Subhumid–Semi-Arid),#888888
Andhra Pradesh,East Godavari,Peravali,1,Eastern Coastal Plain (Subhumid–Semi-Arid),#fff1a8
Andhra Pradesh,East Godavari,Rajahmundry (Rural),3,Shared: Deccan Plateau (Telangana) & Eastern Ghats (Semi-Arid) + Eastern Coastal Plain (Subhumid–Semi-Arid) + Eastern Plateau (Chhotanagpur) & Eastern Ghats (Subhumid),#888888
Andhra Pradesh,East Godavari,Rajahmundry (Urban),1,Eastern Plateau (Chhotanagpur) & Eastern Ghats (Subhumid),#5cb7aa
Andhra Pradesh,East Godavari,Rajanagaram,2,Shared: Eastern Coastal Plain (Subhumid–Semi-Arid) + Eastern Plateau (Chhotanagpur) & Eastern Ghats (Subhumid),#888888
Andhra Pradesh,East Godavari,Rangampeta,2,Shared: Eastern Coastal Plain (Subhumid–Semi-Arid) + Eastern Plateau (Chhotanagpur) & Eastern Ghats (Subhumid),#888888
Andhra Pradesh,East Godavari,Seethanagaram,2,Shared: Deccan Plateau (Telangana) & Eastern Ghats (Semi-Arid) + Eastern Plateau (Chhotanagpur) & Eastern Ghats (Subhumid),#888888
Andhra Pradesh,East Godavari,Tallapudi,1,Deccan Plateau (Telangana) & Eastern Ghats (Semi-Arid),#fece7c
Andhra Pradesh,East Godavari,Undrajavaram,2,Shared: Deccan Plateau (Telangana) & Eastern Ghats (Semi-Arid) + Eastern Coastal Plain (Subhumid–Semi-Arid),#888888
Andhra Pradesh,Eluru,Agiripalle,1,Deccan Plateau (Telangana) & Eastern Ghats (Semi-Arid),#fece7c
Andhra Pradesh,Eluru,Bhimadole,1,Deccan Plateau (Telangana) & Eastern Ghats (Semi-Arid),#fece7c
Andhra Pradesh,Eluru,Buttayagudem,1,Deccan Plateau (Telangana) & Eastern Ghats (Semi-Arid),#fece7c
Andhra Pradesh,Eluru,Chatrai,1,Deccan Plateau (Telangana) & Eastern Ghats (Semi-Arid),#fece7c
Andhra Pradesh,Eluru,Chintalapudi,1,Deccan Plateau (Telangana) & Eastern Ghats (Semi-Arid),#fece7c
Andhra Pradesh,Eluru,Denduluru,1,Deccan Plateau (Telangana) & Eastern Ghats (Semi-Arid),#fece7c
Andhra Pradesh,Eluru,Dwaraka Tirumala,1,Deccan Plateau (Telangana) & Eastern Ghats (Semi-Arid),#fece7c
Andhra Pradesh,Eluru,Eluru,2,Shared: Deccan Plateau (Telangana) & Eastern Ghats (Semi-Arid) + Eastern Coastal Plain (Subhumid–Semi-Arid),#888888
Andhra Pradesh,Eluru,Ganapavaram,2,Shared: Deccan Plateau (Telangana) & Eastern Ghats (Semi-Arid) + Eastern Coastal Plain (Subhumid–Semi-Arid),#888888
Andhra Pradesh,Eluru,Jangareddigudem,1,Deccan Plateau (Telangana) & Eastern Ghats (Semi-Arid),#fece7c
Andhra Pradesh,Eluru,Jeelugu Milli,1,Deccan Plateau (Telangana) & Eastern Ghats (Semi-Arid),#fece7c
Andhra Pradesh,Eluru,Kaikalur,2,Shared: Deccan Plateau (Telangana) & Eastern Ghats (Semi-Arid) + Eastern Coastal Plain (Subhumid–Semi-Arid),#888888
Andhra Pradesh,Eluru,Kalidindi,1,Eastern Coastal Plain (Subhumid–Semi-Arid),#fff1a8
Andhra Pradesh,Eluru,Kamavarapukota,1,Deccan Plateau (Telangana) & Eastern Ghats (Semi-Arid),#fece7c
Andhra Pradesh,Eluru,Koyyalagudem,1,Deccan Plateau (Telangana) & Eastern Ghats (Semi-Arid),#fece7c
Andhra Pradesh,Eluru,Kukunoor,1,Deccan Plateau (Telangana) & Eastern Ghats (Semi-Arid),#fece7c
Andhra Pradesh,Eluru,Lingapalem,1,Deccan Plateau (Telangana) & Eastern Ghats (Semi-Arid),#fece7c
Andhra Pradesh,Eluru,Mandavalli,2,Shared: Deccan Plateau (Telangana) & Eastern Ghats (Semi-Arid) + Eastern Coastal Plain (Subhumid–Semi-Arid),#888888
Andhra Pradesh,Eluru,Mudinepalle,1,Eastern Coastal Plain (Subhumid–Semi-Arid),#fff1a8
Andhra Pradesh,Eluru,Musunuru,1,Deccan Plateau (Telangana) & Eastern Ghats (Semi-Arid),#fece7c
Andhra Pradesh,Eluru,Nidamarru,2,Shared: Deccan Plateau (Telangana) & Eastern Ghats (Semi-Arid) + Eastern Coastal Plain (Subhumid–Semi-Arid),#888888
Andhra Pradesh,Eluru,Nuzvid,1,Deccan Plateau (Telangana) & Eastern Ghats (Semi-Arid),#fece7c
Andhra Pradesh,Eluru,Pedapadu,2,Shared: Deccan Plateau (Telangana) & Eastern Ghats (Semi-Arid) + Eastern Coastal Plain (Subhumid–Semi-Arid),#888888
Andhra Pradesh,Eluru,Pedavegi,1,Deccan Plateau (Telangana) & Eastern Ghats (Semi-Arid),#fece7c
Andhra Pradesh,Eluru,Polavaram,2,Shared: Deccan Plateau (Telangana) & Eastern Ghats (Semi-Arid) + Eastern Plateau (Chhotanagpur) & Eastern Ghats (Subhumid),#888888
Andhra Pradesh,Eluru,T.Narasapuram,1,Deccan Plateau (Telangana) & Eastern Ghats (Semi-Arid),#fece7c
Andhra Pradesh,Eluru,Ungutur,1,Deccan Plateau (Telangana) & Eastern Ghats (Semi-Arid),#fece7c
Andhra Pradesh,Eluru,Velairpadu,1,Deccan Plateau (Telangana) & Eastern Ghats (Semi-Arid),#fece7c
Andhra Pradesh,Guntur,Chebrolu,1,Eastern Coastal Plain (Subhumid–Semi-Arid),#fff1a8
Andhra Pradesh,Guntur,Duggirala,2,Shared: Deccan Plateau (Telangana) & Eastern Ghats (Semi-Arid) + Eastern Coastal Plain (Subhumid–Semi-Arid),#888888
Andhra Pradesh,Guntur,Guntur Rural,2,Shared: Deccan Plateau (Telangana) & Eastern Ghats (Semi-Arid) + Eastern Coastal Plain (Subhumid–Semi-Arid),#888888
Andhra Pradesh,Guntur,Guntur Urban,2,Shared: Deccan Plateau (Telangana) & Eastern Ghats (Semi-Arid) + Eastern Coastal Plain (Subhumid–Semi-Arid),#888888
Andhra Pradesh,Guntur,Kakumanu,1,Eastern Coastal Plain (Subhumid–Semi-Arid),#fff1a8
Andhra Pradesh,Guntur,Kollipara,1,Eastern Coastal Plain (Subhumid–Semi-Arid),#fff1a8
Andhra Pradesh,Guntur,Mangalagiri,2,Shared: Deccan Plateau (Telangana) & Eastern Ghats (Semi-Arid) + Eastern Coastal Plain (Subhumid–Semi-Arid),#888888
Andhra Pradesh,Guntur,Medikonduru,2,Shared: Deccan Plateau (Telangana) & Eastern Ghats (Semi-Arid) + Eastern Coastal Plain (Subhumid–Semi-Arid),#888888
Andhra Pradesh,Guntur,Pedakakani,2,Shared: Deccan Plateau (Telangana) & Eastern Ghats (Semi-Arid) + Eastern Coastal Plain (Subhumid–Semi-Arid),#888888
Andhra Pradesh,Guntur,Pedanandipadu,1,Eastern Coastal Plain (Subhumid–Semi-Arid),#fff1a8
Andhra Pradesh,Guntur,Phirangipuram,2,Shared: Deccan Plateau (Telangana) & Eastern Ghats (Semi-Arid) + Eastern Coastal Plain (Subhumid–Semi-Arid),#888888
Andhra Pradesh,Guntur,Ponnur,1,Eastern Coastal Plain (Subhumid–Semi-Arid),#fff1a8
Andhra Pradesh,Guntur,Prathipadu,1,Eastern Coastal Plain (Subhumid–Semi-Arid),#fff1a8
Andhra Pradesh,Guntur,Tadepalle,2,Shared: Deccan Plateau (Telangana) & Eastern Ghats (Semi-Arid) + Eastern Coastal Plain (Subhumid–Semi-Arid),#888888
Andhra Pradesh,Guntur,Tadikonda,1,Deccan Plateau (Telangana) & Eastern Ghats (Semi-Arid),#fece7c
Andhra Pradesh,Guntur,Tenali,1,Eastern Coastal Plain (Subhumid–Semi-Arid),#fff1a8
Andhra Pradesh,Guntur,Thullur,1,Deccan Plateau (Telangana) & Eastern Ghats (Semi-Arid),#fece7c
Andhra Pradesh,Guntur,Vatticherukuru,1,Eastern Coastal Plain (Subhumid–Semi-Arid),#fff1a8
Andhra Pradesh,Kakinada,Gandepalle,2,Shared: Eastern Coastal Plain (Subhumid–Semi-Arid) + Eastern Plateau (Chhotanagpur) & Eastern Ghats (Subhumid),#888888
Andhra Pradesh,Kakinada,Gollaprolu,1,Eastern Coastal Plain (Subhumid–Semi-Arid),#fff1a8
Andhra Pradesh,Kakinada,Jaggampeta,2,Shared: Eastern Coastal Plain (Subhumid–Semi-Arid) + Eastern Plateau (Chhotanagpur) & Eastern Ghats (Subhumid),#888888
Andhra Pradesh,Kakinada,Kajuluru,1,Eastern Coastal Plain (Subhumid–Semi-Arid),#fff1a8
Andhra Pradesh,Kakinada,Kakinada (Rural),1,Eastern Coastal Plain (Subhumid–Semi-Arid),#fff1a8
Andhra Pradesh,Kakinada,Kakinada (Urban),1,Eastern Coastal Plain (Subhumid–Semi-Arid),#fff1a8
Andhra Pradesh,Kakinada,Karapa,1,Eastern Coastal Plain (Subhumid–Semi-Arid),#fff1a8
Andhra Pradesh,Kakinada,Kirlampudi,2,Shared: Eastern Coastal Plain (Subhumid–Semi-Arid) + Eastern Plateau (Chhotanagpur) & Eastern Ghats (Subhumid),#888888
Andhra Pradesh,Kakinada,Kotananduru,1,Eastern Coastal Plain (Subhumid–Semi-Arid),#fff1a8
Andhra Pradesh,Kakinada,Kothapalle,1,Eastern Coastal Plain (Subhumid–Semi-Arid),#fff1a8
Andhra Pradesh,Kakinada,Pedapudi,1,Eastern Coastal Plain (Subhumid–Semi-Arid),#fff1a8
Andhra Pradesh,Kakinada,Peddapuram,1,Eastern Coastal Plain (Subhumid–Semi-Arid),#fff1a8
Andhra Pradesh,Kakinada,Pithapuram,1,Eastern Coastal Plain (Subhumid–Semi-Arid),#fff1a8
Andhra Pradesh,Kakinada,Prathipadu,2,Shared: Eastern Coastal Plain (Subhumid–Semi-Arid) + Eastern Plateau (Chhotanagpur) & Eastern Ghats (Subhumid),#888888
Andhra Pradesh,Kakinada,Rowthulapudi,2,Shared: Eastern Coastal Plain (Subhumid–Semi-Arid) + Eastern Plateau (Chhotanagpur) & Eastern Ghats (Subhumid),#888888
Andhra Pradesh,Kakinada,Samalkota,1,Eastern Coastal Plain (Subhumid–Semi-Arid),#fff1a8
Andhra Pradesh,Kakinada,Sankhavaram,2,Shared: Eastern Coastal Plain (Subhumid–Semi-Arid) + Eastern Plateau (Chhotanagpur) & Eastern Ghats (Subhumid),#888888
Andhra Pradesh,Kakinada,Thallarevu,1,Eastern Coastal Plain (Subhumid–Semi-Arid),#fff1a8
Andhra Pradesh,Kakinada,Thondangi,1,Eastern Coastal Plain (Subhumid–Semi-Arid),#fff1a8
Andhra Pradesh,Kakinada,Tuni,1,Eastern Coastal Plain (Subhumid–Semi-Arid),#fff1a8
Andhra Pradesh,Kakinada,Yeleswaram,2,Shared: Eastern Coastal Plain (Subhumid–Semi-Arid) + Eastern Plateau (Chhotanagpur) & Eastern Ghats (Subhumid),#888888
Andhra Pradesh,Kona Seema,Ainavilli,1,Eastern Coastal Plain (Subhumid–Semi-Arid),#fff1a8
Andhra Pradesh,Kona Seema,Alamuru,1,Eastern Coastal Plain (Subhumid–Semi-Arid),#fff1a8
Andhra Pradesh,Kona Seema,Allavaram,1,Eastern Coastal Plain (Subhumid–Semi-Arid),#fff1a8
Andhra Pradesh,Kona Seema,Amalapuram,1,Eastern Coastal Plain (Subhumid–Semi-Arid),#fff1a8
Andhra Pradesh,Kona Seema,Ambajipeta,1,Eastern Coastal Plain (Subhumid–Semi-Arid),#fff1a8
Andhra Pradesh,Kona Seema,Atreyapuram,3,Shared: Deccan Plateau (Telangana) & Eastern Ghats (Semi-Arid) + Eastern Coastal Plain (Subhumid–Semi-Arid) + Eastern Plateau (Chhotanagpur) & Eastern Ghats (Subhumid),#888888
Andhra Pradesh,Kona Seema,I. Polavaram,1,Eastern Coastal Plain (Subhumid–Semi-Arid),#fff1a8
Andhra Pradesh,Kona Seema,Kapileswarapuram,1,Eastern Coastal Plain (Subhumid–Semi-Arid),#fff1a8
Andhra Pradesh,Kona Seema,Katrenikona,1,Eastern Coastal Plain (Subhumid–Semi-Arid),#fff1a8
Andhra Pradesh,Kona Seema,Kothapeta,1,Eastern Coastal Plain (Subhumid–Semi-Arid),#fff1a8
Andhra Pradesh,Kona Seema,Malikipuram,1,Eastern Coastal Plain (Subhumid–Semi-Arid),#fff1a8
Andhra Pradesh,Kona Seema,Mamidikuduru,1,Eastern Coastal Plain (Subhumid–Semi-Arid),#fff1a8
Andhra Pradesh,Kona Seema,Mandapeta,1,Eastern Coastal Plain (Subhumid–Semi-Arid),#fff1a8
Andhra Pradesh,Kona Seema,Mummidivaram,1,Eastern Coastal Plain (Subhumid–Semi-Arid),#fff1a8
Andhra Pradesh,Kona Seema,P.Gannavaram,1,Eastern Coastal Plain (Subhumid–Semi-Arid),#fff1a8
Andhra Pradesh,Kona Seema,Pamarru,1,Eastern Coastal Plain (Subhumid–Semi-Arid),#fff1a8
Andhra Pradesh,Kona Seema,Ramachandrapuram,1,Eastern Coastal Plain (Subhumid–Semi-Arid),#fff1a8
Andhra Pradesh,Kona Seema,Ravulapalem,1,Eastern Coastal Plain (Subhumid–Semi-Arid),#fff1a8
Andhra Pradesh,Kona Seema,Rayavaram,1,Eastern Coastal Plain (Subhumid–Semi-Arid),#fff1a8
Andhra Pradesh,Kona Seema,Razole,1,Eastern Coastal Plain (Subhumid–Semi-Arid),#fff1a8
Andhra Pradesh,Kona Seema,Sakhinetipalle,1,Eastern Coastal Plain (Subhumid–Semi-Arid),#fff1a8
Andhra Pradesh,Kona Seema,Uppalaguptam,1,Eastern Coastal Plain (Subhumid–Semi-Arid),#fff1a8
Andhra Pradesh,Krishna,Avanigadda,1,Eastern Coastal Plain (Subhumid–Semi-Arid),#fff1a8
Andhra Pradesh,Krishna,Bantumilli,1,Eastern Coastal Plain (Subhumid–Semi-Arid),#fff1a8
Andhra Pradesh,Krishna,Bapulapadu,2,Shared: Deccan Plateau (Telangana) & Eastern Ghats (Semi-Arid) + Eastern Coastal Plain (Subhumid–Semi-Arid),#888888
Andhra Pradesh,Krishna,Challapalle,1,Eastern Coastal Plain (Subhumid–Semi-Arid),#fff1a8
Andhra Pradesh,Krishna,Gannavaram,1,Deccan Plateau (Telangana) & Eastern Ghats (Semi-Arid),#fece7c
Andhra Pradesh,Krishna,Ghantasala,1,Eastern Coastal Plain (Subhumid–Semi-Arid),#fff1a8
Andhra Pradesh,Krishna,Gudivada,1,Eastern Coastal Plain (Subhumid–Semi-Arid),#fff1a8
Andhra Pradesh,Krishna,Gudlavalleru,1,Eastern Coastal Plain (Subhumid–Semi-Arid),#fff1a8
Andhra Pradesh,Krishna,Guduru,1,Eastern Coastal Plain (Subhumid–Semi-Arid),#fff1a8
Andhra Pradesh,Krishna,Kankipadu,2,Shared: Deccan Plateau (Telangana) & Eastern Ghats (Semi-Arid) + Eastern Coastal Plain (Subhumid–Semi-Arid),#888888
Andhra Pradesh,Krishna,Koduru,1,Eastern Coastal Plain (Subhumid–Semi-Arid),#fff1a8
Andhra Pradesh,Krishna,Kruthivennu,1,Eastern Coastal Plain (Subhumid–Semi-Arid),#fff1a8
Andhra Pradesh,Krishna,Machilipatnam,1,Eastern Coastal Plain (Subhumid–Semi-Arid),#fff1a8
Andhra Pradesh,Krishna,Mopidevi,1,Eastern Coastal Plain (Subhumid–Semi-Arid),#fff1a8
Andhra Pradesh,Krishna,Movva,1,Eastern Coastal Plain (Subhumid–Semi-Arid),#fff1a8
Andhra Pradesh,Krishna,Nagayalanka,1,Eastern Coastal Plain (Subhumid–Semi-Arid),#fff1a8
Andhra Pradesh,Krishna,Nandivada,2,Shared: Deccan Plateau (Telangana) & Eastern Ghats (Semi-Arid) + Eastern Coastal Plain (Subhumid–Semi-Arid),#888888
Andhra Pradesh,Krishna,Pamarru,1,Eastern Coastal Plain (Subhumid–Semi-Arid),#fff1a8
Andhra Pradesh,Krishna,Pamidimukkala,1,Eastern Coastal Plain (Subhumid–Semi-Arid),#fff1a8
Andhra Pradesh,Krishna,Pedana,1,Eastern Coastal Plain (Subhumid–Semi-Arid),#fff1a8
Andhra Pradesh,Krishna,Pedaparupudi,1,Eastern Coastal Plain (Subhumid–Semi-Arid),#fff1a8
Andhra Pradesh,Krishna,Penamaluru,2,Shared: Deccan Plateau (Telangana) & Eastern Ghats (Semi-Arid) + Eastern Coastal Plain (Subhumid–Semi-Arid),#888888
Andhra Pradesh,Krishna,Thotlavalluru,1,Eastern Coastal Plain (Subhumid–Semi-Arid),#fff1a8
Andhra Pradesh,Krishna,Unguturu,2,Shared: Deccan Plateau (Telangana) & Eastern Ghats (Semi-Arid) + Eastern Coastal Plain (Subhumid–Semi-Arid),#888888
Andhra Pradesh,Krishna,Vuyyuru,1,Eastern Coastal Plain (Subhumid–Semi-Arid),#fff1a8
Andhra Pradesh,Kurnool,Adoni,2,Shared: Deccan Plateau (Telangana) & Eastern Ghats (Semi-Arid) + Deccan Plateau (Semi-Arid),#888888
Andhra Pradesh,Kurnool,Alur,1,Deccan Plateau (Telangana) & Eastern Ghats (Semi-Arid),#fece7c
Andhra Pradesh,Kurnool,Aspari,1,Deccan Plateau (Telangana) & Eastern Ghats (Semi-Arid),#fece7c
Andhra Pradesh,Kurnool,C.Belagal,1,Deccan Plateau (Telangana) & Eastern Ghats (Semi-Arid),#fece7c
Andhra Pradesh,Kurnool,Chippagiri,2,Shared: Deccan Plateau (Telangana) & Eastern Ghats (Semi-Arid) + Karnataka Plateau (incl. Rayalaseema),#888888
Andhra Pradesh,Kurnool,Devanakonda,1,Deccan Plateau (Telangana) & Eastern Ghats (Semi-Arid),#fece7c
Andhra Pradesh,Kurnool,Gonegandla,1,Deccan Plateau (Telangana) & Eastern Ghats (Semi-Arid),#fece7c
Andhra Pradesh,Kurnool,Gudur,1,Deccan Plateau (Telangana) & Eastern Ghats (Semi-Arid),#fece7c
Andhra Pradesh,Kurnool,Halaharvi,2,Shared: Deccan Plateau (Telangana) & Eastern Ghats (Semi-Arid) + Karnataka Plateau (incl. Rayalaseema),#888888
Andhra Pradesh,Kurnool,Holagunda,3,Shared: Deccan Plateau (Telangana) & Eastern Ghats (Semi-Arid) + Deccan Plateau (Semi-Arid) + Karnataka Plateau (incl. Rayalaseema),#888888
Andhra Pradesh,Kurnool,Kallur,1,Deccan Plateau (Telangana) & Eastern Ghats (Semi-Arid),#fece7c
Andhra Pradesh,Kurnool,Kodumur,1,Deccan Plateau (Telangana) & Eastern Ghats (Semi-Arid),#fece7c
Andhra Pradesh,Kurnool,Kosigi,1,Deccan Plateau (Telangana) & Eastern Ghats (Semi-Arid),#fece7c
Andhra Pradesh,Kurnool,Kowthalam,2,Shared: Deccan Plateau (Telangana) & Eastern Ghats (Semi-Arid) + Deccan Plateau (Semi-Arid),#888888
Andhra Pradesh,Kurnool,Krishnagiri,1,Deccan Plateau (Telangana) & Eastern Ghats (Semi-Arid),#fece7c
Andhra Pradesh,Kurnool,Kurnool Rural,1,Deccan Plateau (Telangana) & Eastern Ghats (Semi-Arid),#fece7c
Andhra Pradesh,Kurnool,Kurnool Urban,1,Deccan Plateau (Telangana) & Eastern Ghats (Semi-Arid),#fece7c
Andhra Pradesh,Kurnool,Maddikera (East),2,Shared: Deccan Plateau (Telangana) & Eastern Ghats (Semi-Arid) + Karnataka Plateau (incl. Rayalaseema),#888888
Andhra Pradesh,Kurnool,Mantralayam,1,Deccan Plateau (Telangana) & Eastern Ghats (Semi-Arid),#fece7c
Andhra Pradesh,Kurnool,Nandavaram,1,Deccan Plateau (Telangana) & Eastern Ghats (Semi-Arid),#fece7c
Andhra Pradesh,Kurnool,Orvakal,1,Deccan Plateau (Telangana) & Eastern Ghats (Semi-Arid),#fece7c
Andhra Pradesh,Kurnool,Pattikonda,1,Deccan Plateau (Telangana) & Eastern Ghats (Semi-Arid),#fece7c
Andhra Pradesh,Kurnool,Pedda Kadubur,1,Deccan Plateau (Telangana) & Eastern Ghats (Semi-Arid),#fece7c
Andhra Pradesh,Kurnool,Tuggali,2,Shared: Deccan Plateau (Telangana) & Eastern Ghats (Semi-Arid) + Karnataka Plateau (incl. Rayalaseema),#888888
Andhra Pradesh,Kurnool,Veldurthi,1,Deccan Plateau (Telangana) & Eastern Ghats (Semi-Arid),#fece7c
Andhra Pradesh,Kurnool,Yemmiganur,1,Deccan Plateau (Telangana) & Eastern Ghats (Semi-Arid),#fece7c
Andhra Pradesh,Manyam,Balijipeta,2,Shared: Eastern Coastal Plain (Subhumid–Semi-Arid) + Eastern Plateau (Chhotanagpur) & Eastern Ghats (Subhumid),#888888
Andhra Pradesh,Manyam,Bhamini,1,Eastern Plateau (Chhotanagpur) & Eastern Ghats (Subhumid),#5cb7aa
Andhra Pradesh,Manyam,Garugubilli,1,Eastern Plateau (Chhotanagpur) & Eastern Ghats (Subhumid),#5cb7aa
Andhra Pradesh,Manyam,Gummalakshmipuram,1,Eastern Plateau (Chhotanagpur) & Eastern Ghats (Subhumid),#5cb7aa
Andhra Pradesh,Manyam,Jiyyammavalasa,1,Eastern Plateau (Chhotanagpur) & Eastern Ghats (Subhumid),#5cb7aa
Andhra Pradesh,Manyam,Komarada,1,Eastern Plateau (Chhotanagpur) & Eastern Ghats (Subhumid),#5cb7aa
Andhra Pradesh,Manyam,Kurupam,1,Eastern Plateau (Chhotanagpur) & Eastern Ghats (Subhumid),#5cb7aa
Andhra Pradesh,Manyam,Makkuva,1,Eastern Plateau (Chhotanagpur) & Eastern Ghats (Subhumid),#5cb7aa
Andhra Pradesh,Manyam,Pachipenta,1,Eastern Plateau (Chhotanagpur) & Eastern Ghats (Subhumid),#5cb7aa
Andhra Pradesh,Manyam,Palakonda,2,Shared: Eastern Coastal Plain (Subhumid–Semi-Arid) + Eastern Plateau (Chhotanagpur) & Eastern Ghats (Subhumid),#888888
Andhra Pradesh,Manyam,Parvathipuram,1,Eastern Plateau (Chhotanagpur) & Eastern Ghats (Subhumid),#5cb7aa
Andhra Pradesh,Manyam,Salur,1,Eastern Plateau (Chhotanagpur) & Eastern Ghats (Subhumid),#5cb7aa
Andhra Pradesh,Manyam,Seethampeta,2,Shared: Eastern Coastal Plain (Subhumid–Semi-Arid) + Eastern Plateau (Chhotanagpur) & Eastern Ghats (Subhumid),#888888
Andhra Pradesh,Manyam,Seethanagaram,1,Eastern Plateau (Chhotanagpur) & Eastern Ghats (Subhumid),#5cb7aa
Andhra Pradesh,Manyam,Veeraghattam,2,Shared: Eastern Coastal Plain (Subhumid–Semi-Arid) + Eastern Plateau (Chhotanagpur) & Eastern Ghats (Subhumid),#888888
Andhra Pradesh,Nandyal,Allagadda,1,Deccan Plateau (Telangana) & Eastern Ghats (Semi-Arid),#fece7c
Andhra Pradesh,Nandyal,Atmakur,1,Deccan Plateau (Telangana) & Eastern Ghats (Semi-Arid),#fece7c
Andhra Pradesh,Nandyal,Banaganapalle,1,Deccan Plateau (Telangana) & Eastern Ghats (Semi-Arid),#fece7c
Andhra Pradesh,Nandyal,Bandi Atmakur,1,Deccan Plateau (Telangana) & Eastern Ghats (Semi-Arid),#fece7c
Andhra Pradesh,Nandyal,Bethamcherla,1,Deccan Plateau (Telangana) & Eastern Ghats (Semi-Arid),#fece7c
Andhra Pradesh,Nandyal,Chagalamarri,1,Deccan Plateau (Telangana) & Eastern Ghats (Semi-Arid),#fece7c
Andhra Pradesh,Nandyal,Dhone,1,Deccan Plateau (Telangana) & Eastern Ghats (Semi-Arid),#fece7c
Andhra Pradesh,Nandyal,Dornipadu,1,Deccan Plateau (Telangana) & Eastern Ghats (Semi-Arid),#fece7c
Andhra Pradesh,Nandyal,Gadivemula,1,Deccan Plateau (Telangana) & Eastern Ghats (Semi-Arid),#fece7c
Andhra Pradesh,Nandyal,Gospadu,1,Deccan Plateau (Telangana) & Eastern Ghats (Semi-Arid),#fece7c
Andhra Pradesh,Nandyal,Jupadu Bungalow,1,Deccan Plateau (Telangana) & Eastern Ghats (Semi-Arid),#fece7c
Andhra Pradesh,Nandyal,Koilkuntla,1,Deccan Plateau (Telangana) & Eastern Ghats (Semi-Arid),#fece7c
Andhra Pradesh,Nandyal,Kolimigundla,2,Shared: Deccan Plateau (Telangana) & Eastern Ghats (Semi-Arid) + Karnataka Plateau (incl. Rayalaseema),#888888
Andhra Pradesh,Nandyal,Kothapalle,1,Deccan Plateau (Telangana) & Eastern Ghats (Semi-Arid),#fece7c
Andhra Pradesh,Nandyal,Mahanandi,1,Deccan Plateau (Telangana) & Eastern Ghats (Semi-Arid),#fece7c
Andhra Pradesh,Nandyal,Midthur,1,Deccan Plateau (Telangana) & Eastern Ghats (Semi-Arid),#fece7c
Andhra Pradesh,Nandyal,Nandikotkur,1,Deccan Plateau (Telangana) & Eastern Ghats (Semi-Arid),#fece7c
Andhra Pradesh,Nandyal,Nandyal,1,Deccan Plateau (Telangana) & Eastern Ghats (Semi-Arid),#fece7c
Andhra Pradesh,Nandyal,Owk,1,Deccan Plateau (Telangana) & Eastern Ghats (Semi-Arid),#fece7c
Andhra Pradesh,Nandyal,Pagidyala,1,Deccan Plateau (Telangana) & Eastern Ghats (Semi-Arid),#fece7c
Andhra Pradesh,Nandyal,Pamulapadu,1,Deccan Plateau (Telangana) & Eastern Ghats (Semi-Arid),#fece7c
Andhra Pradesh,Nandyal,Panyam,1,Deccan Plateau (Telangana) & Eastern Ghats (Semi-Arid),#fece7c
Andhra Pradesh,Nandyal,Peapally,2,Shared: Deccan Plateau (Telangana) & Eastern Ghats (Semi-Arid) + Karnataka Plateau (incl. Rayalaseema),#888888
Andhra Pradesh,Nandyal,Rudravaram,1,Deccan Plateau (Telangana) & Eastern Ghats (Semi-Arid),#fece7c
Andhra Pradesh,Nandyal,Sanjamala,1,Deccan Plateau (Telangana) & Eastern Ghats (Semi-Arid),#fece7c
Andhra Pradesh,Nandyal,Sirvel,1,Deccan Plateau (Telangana) & Eastern Ghats (Semi-Arid),#fece7c
Andhra Pradesh,Nandyal,Srisailam,1,Deccan Plateau (Telangana) & Eastern Ghats (Semi-Arid),#fece7c
Andhra Pradesh,Nandyal,Uyyalawada,1,Deccan Plateau (Telangana) & Eastern Ghats (Semi-Arid),#fece7c
Andhra Pradesh,Nandyal,Velgode,1,Deccan Plateau (Telangana) & Eastern Ghats (Semi-Arid),#fece7c
Andhra Pradesh,NTR,A.Konduru,1,Deccan Plateau (Telangana) & Eastern Ghats (Semi-Arid),#fece7c
Andhra Pradesh,NTR,Chandarlapadu,1,Deccan Plateau (Telangana) & Eastern Ghats (Semi-Arid),#fece7c
Andhra Pradesh,NTR,G.Konduru,1,Deccan Plateau (Telangana) & Eastern Ghats (Semi-Arid),#fece7c
Andhra Pradesh,NTR,Gampalagudem,1,Deccan Plateau (Telangana) & Eastern Ghats (Semi-Arid),#fece7c
Andhra Pradesh,NTR,Ibrahimpatnam,1,Deccan Plateau (Telangana) & Eastern Ghats (Semi-Arid),#fece7c
Andhra Pradesh,NTR,Jaggayyapeta,1,Deccan Plateau (Telangana) & Eastern Ghats (Semi-Arid),#fece7c
Andhra Pradesh,NTR,Kanchikacherla,1,Deccan Plateau (Telangana) & Eastern Ghats (Semi-Arid),#fece7c
Andhra Pradesh,NTR,Mylavaram,1,Deccan Plateau (Telangana) & Eastern Ghats (Semi-Arid),#fece7c
Andhra Pradesh,NTR,Nandigama,1,Deccan Plateau (Telangana) & Eastern Ghats (Semi-Arid),#fece7c
Andhra Pradesh,NTR,Penuganchiprolu,1,Deccan Plateau (Telangana) & Eastern Ghats (Semi-Arid),#fece7c
Andhra Pradesh,NTR,Reddigudem,1,Deccan Plateau (Telangana) & Eastern Ghats (Semi-Arid),#fece7c
Andhra Pradesh,NTR,Tiruvuru,1,Deccan Plateau (Telangana) & Eastern Ghats (Semi-Arid),#fece7c
Andhra Pradesh,NTR,Vatsavai,1,Deccan Plateau (Telangana) & Eastern Ghats (Semi-Arid),#fece7c
Andhra Pradesh,NTR,Veerullapadu,1,Deccan Plateau (Telangana) & Eastern Ghats (Semi-Arid),#fece7c
Andhra Pradesh,NTR,Vijayawada (Rural),1,Deccan Plateau (Telangana) & Eastern Ghats (Semi-Arid),#fece7c
Andhra Pradesh,NTR,Vijayawada Central,1,Deccan Plateau (Telangana) & Eastern Ghats (Semi-Arid),#fece7c
Andhra Pradesh,NTR,Vijayawada East,1,Deccan Plateau (Telangana) & Eastern Ghats (Semi-Arid),#fece7c
Andhra Pradesh,NTR,Vijayawada North,1,Deccan Plateau (Telangana) & Eastern Ghats (Semi-Arid),#fece7c
Andhra Pradesh,NTR,Vijayawada West,1,Deccan Plateau (Telangana) & Eastern Ghats (Semi-Arid),#fece7c
Andhra Pradesh,NTR,Vissannapet,1,Deccan Plateau (Telangana) & Eastern Ghats (Semi-Arid),#fece7c
Andhra Pradesh,Palnadu,Amaravathi,1,Deccan Plateau (Telangana) & Eastern Ghats (Semi-Arid),#fece7c
Andhra Pradesh,Palnadu,Atchampet,1,Deccan Plateau (Telangana) & Eastern Ghats (Semi-Arid),#fece7c
Andhra Pradesh,Palnadu,Bellamkonda,1,Deccan Plateau (Telangana) & Eastern Ghats (Semi-Arid),#fece7c
Andhra Pradesh,Palnadu,Bollapalle,1,Deccan Plateau (Telangana) & Eastern Ghats (Semi-Arid),#fece7c
Andhra Pradesh,Palnadu,Chilakaluripet,2,Shared: Deccan Plateau (Telangana) & Eastern Ghats (Semi-Arid) + Eastern Coastal Plain (Subhumid–Semi-Arid),#888888
Andhra Pradesh,Palnadu,Dachepalle,1,Deccan Plateau (Telangana) & Eastern Ghats (Semi-Arid),#fece7c
Andhra Pradesh,Palnadu,Durgi,1,Deccan Plateau (Telangana) & Eastern Ghats (Semi-Arid),#fece7c
Andhra Pradesh,Palnadu,Edlapadu,2,Shared: Deccan Plateau (Telangana) & Eastern Ghats (Semi-Arid) + Eastern Coastal Plain (Subhumid–Semi-Arid),#888888
Andhra Pradesh,Palnadu,Gurazala,1,Deccan Plateau (Telangana) & Eastern Ghats (Semi-Arid),#fece7c
Andhra Pradesh,Palnadu,Ipur,1,Deccan Plateau (Telangana) & Eastern Ghats (Semi-Arid),#fece7c
Andhra Pradesh,Palnadu,Karempudi,1,Deccan Plateau (Telangana) & Eastern Ghats (Semi-Arid),#fece7c
Andhra Pradesh,Palnadu,Krosuru,1,Deccan Plateau (Telangana) & Eastern Ghats (Semi-Arid),#fece7c
Andhra Pradesh,Palnadu,Machavaram,1,Deccan Plateau (Telangana) & Eastern Ghats (Semi-Arid),#fece7c
Andhra Pradesh,Palnadu,Macherla,1,Deccan Plateau (Telangana) & Eastern Ghats (Semi-Arid),#fece7c
Andhra Pradesh,Palnadu,Muppalla,1,Deccan Plateau (Telangana) & Eastern Ghats (Semi-Arid),#fece7c
Andhra Pradesh,Palnadu,Nadendla,2,Shared: Deccan Plateau (Telangana) & Eastern Ghats (Semi-Arid) + Eastern Coastal Plain (Subhumid–Semi-Arid),#888888
Andhra Pradesh,Palnadu,Narasaraopet,2,Shared: Deccan Plateau (Telangana) & Eastern Ghats (Semi-Arid) + Eastern Coastal Plain (Subhumid–Semi-Arid),#888888
Andhra Pradesh,Palnadu,Nekarikallu,1,Deccan Plateau (Telangana) & Eastern Ghats (Semi-Arid),#fece7c
Andhra Pradesh,Palnadu,Nuzendla,2,Shared: Deccan Plateau (Telangana) & Eastern Ghats (Semi-Arid) + Eastern Coastal Plain (Subhumid–Semi-Arid),#888888
Andhra Pradesh,Palnadu,Pedakurapadu,1,Deccan Plateau (Telangana) & Eastern Ghats (Semi-Arid),#fece7c
Andhra Pradesh,Palnadu,Piduguralla,1,Deccan Plateau (Telangana) & Eastern Ghats (Semi-Arid),#fece7c
Andhra Pradesh,Palnadu,Rajupalem,1,Deccan Plateau (Telangana) & Eastern Ghats (Semi-Arid),#fece7c
Andhra Pradesh,Palnadu,Rentachintala,1,Deccan Plateau (Telangana) & Eastern Ghats (Semi-Arid),#fece7c
Andhra Pradesh,Palnadu,Rompicherla,1,Deccan Plateau (Telangana) & Eastern Ghats (Semi-Arid),#fece7c
Andhra Pradesh,Palnadu,Sattenapalle,1,Deccan Plateau (Telangana) & Eastern Ghats (Semi-Arid),#fece7c
Andhra Pradesh,Palnadu,Savalyapuram,1,Deccan Plateau (Telangana) & Eastern Ghats (Semi-Arid),#fece7c
Andhra Pradesh,Palnadu,Veldurthi,1,Deccan Plateau (Telangana) & Eastern Ghats (Semi-Arid),#fece7c
Andhra Pradesh,Palnadu,Vinukonda,2,Shared: Deccan Plateau (Telangana) & Eastern Ghats (Semi-Arid) + Eastern Coastal Plain (Subhumid–Semi-Arid),#888888
Andhra Pradesh,Prakasam,Ardhaveedu,1,Deccan Plateau (Telangana) & Eastern Ghats (Semi-Arid),#fece7c
Andhra Pradesh,Prakasam,Bestawaripeta,1,Deccan Plateau (Telangana) & Eastern Ghats (Semi-Arid),#fece7c
Andhra Pradesh,Prakasam,Chandrasekhara Puram,1,Deccan Plateau (Telangana) & Eastern Ghats (Semi-Arid),#fece7c
Andhra Pradesh,Prakasam,Chimakurthi,1,Eastern Coastal Plain (Subhumid–Semi-Arid),#fff1a8
Andhra Pradesh,Prakasam,Cumbum,1,Deccan Plateau (Telangana) & Eastern Ghats (Semi-Arid),#fece7c
Andhra Pradesh,Prakasam,Darsi,2,Shared: Deccan Plateau (Telangana) & Eastern Ghats (Semi-Arid) + Eastern Coastal Plain (Subhumid–Semi-Arid),#888888
Andhra Pradesh,Prakasam,Donakonda,1,Deccan Plateau (Telangana) & Eastern Ghats (Semi-Arid),#fece7c
Andhra Pradesh,Prakasam,Dornala,1,Deccan Plateau (Telangana) & Eastern Ghats (Semi-Arid),#fece7c
Andhra Pradesh,Prakasam,Giddalur,1,Deccan Plateau (Telangana) & Eastern Ghats (Semi-Arid),#fece7c
Andhra Pradesh,Prakasam,Hanumanthunipadu,1,Deccan Plateau (Telangana) & Eastern Ghats (Semi-Arid),#fece7c
Andhra Pradesh,Prakasam,Kanigiri,1,Deccan Plateau (Telangana) & Eastern Ghats (Semi-Arid),#fece7c
Andhra Pradesh,Prakasam,Komarolu,1,Deccan Plateau (Telangana) & Eastern Ghats (Semi-Arid),#fece7c
Andhra Pradesh,Prakasam,Konakanamitla,1,Deccan Plateau (Telangana) & Eastern Ghats (Semi-Arid),#fece7c
Andhra Pradesh,Prakasam,Kondapi,1,Eastern Coastal Plain (Subhumid–Semi-Arid),#fff1a8
Andhra Pradesh,Prakasam,Kotha Patnam,1,Eastern Coastal Plain (Subhumid–Semi-Arid),#fff1a8
Andhra Pradesh,Prakasam,Kurichedu,1,Deccan Plateau (Telangana) & Eastern Ghats (Semi-Arid),#fece7c
Andhra Pradesh,Prakasam,Maddipadu,1,Eastern Coastal Plain (Subhumid–Semi-Arid),#fff1a8
Andhra Pradesh,Prakasam,Markapur,1,Deccan Plateau (Telangana) & Eastern Ghats (Semi-Arid),#fece7c
Andhra Pradesh,Prakasam,Marripudi,2,Shared: Deccan Plateau (Telangana) & Eastern Ghats (Semi-Arid) + Eastern Coastal Plain (Subhumid–Semi-Arid),#888888
Andhra Pradesh,Prakasam,Mundlamuru,2,Shared: Deccan Plateau (Telangana) & Eastern Ghats (Semi-Arid) + Eastern Coastal Plain (Subhumid–Semi-Arid),#888888
Andhra Pradesh,Prakasam,Naguluppalapadu,1,Eastern Coastal Plain (Subhumid–Semi-Arid),#fff1a8
Andhra Pradesh,Prakasam,Ongole,1,Eastern Coastal Plain (Subhumid–Semi-Arid),#fff1a8
Andhra Pradesh,Prakasam,Pamur,1,Deccan Plateau (Telangana) & Eastern Ghats (Semi-Arid),#fece7c
Andhra Pradesh,Prakasam,Peda  Araveedu,1,Deccan Plateau (Telangana) & Eastern Ghats (Semi-Arid),#fece7c
Andhra Pradesh,Prakasam,Pedacherlo Palle,1,Deccan Plateau (Telangana) & Eastern Ghats (Semi-Arid),#fece7c
Andhra Pradesh,Prakasam,Podili,2,Shared: Deccan Plateau (Telangana) & Eastern Ghats (Semi-Arid) + Eastern Coastal Plain (Subhumid–Semi-Arid),#888888
Andhra Pradesh,Prakasam,Ponnaluru,2,Shared: Deccan Plateau (Telangana) & Eastern Ghats (Semi-Arid) + Eastern Coastal Plain (Subhumid–Semi-Arid),#888888
Andhra Pradesh,Prakasam,Pullalacheruvu,1,Deccan Plateau (Telangana) & Eastern Ghats (Semi-Arid),#fece7c
Andhra Pradesh,Prakasam,Racherla,1,Deccan Plateau (Telangana) & Eastern Ghats (Semi-Arid),#fece7c
Andhra Pradesh,Prakasam,Santhanuthala Padu,1,Eastern Coastal Plain (Subhumid–Semi-Arid),#fff1a8
Andhra Pradesh,Prakasam,Singarayakonda,1,Eastern Coastal Plain (Subhumid–Semi-Arid),#fff1a8
Andhra Pradesh,Prakasam,Tangutur,1,Eastern Coastal Plain (Subhumid–Semi-Arid),#fff1a8
Andhra Pradesh,Prakasam,Tarlupadu,1,Deccan Plateau (Telangana) & Eastern Ghats (Semi-Arid),#fece7c
Andhra Pradesh,Prakasam,Thallur,2,Shared: Deccan Plateau (Telangana) & Eastern Ghats (Semi-Arid) + Eastern Coastal Plain (Subhumid–Semi-Arid),#888888
Andhra Pradesh,Prakasam,Tripuranthakam,1,Deccan Plateau (Telangana) & Eastern Ghats (Semi-Arid),#fece7c
Andhra Pradesh,Prakasam,Veligandla,1,Deccan Plateau (Telangana) & Eastern Ghats (Semi-Arid),#fece7c
Andhra Pradesh,Prakasam,Yerragondapalem,1,Deccan Plateau (Telangana) & Eastern Ghats (Semi-Arid),#fece7c
Andhra Pradesh,Prakasam,Zarugumilli,1,Eastern Coastal Plain (Subhumid–Semi-Arid),#fff1a8
Andhra Pradesh,S.P.S.Nellore,Allur,1,Eastern Coastal Plain (Subhumid–Semi-Arid),#fff1a8
Andhra Pradesh,S.P.S.Nellore,Ananthasagaram,1,Deccan Plateau (Telangana) & Eastern Ghats (Semi-Arid),#fece7c
Andhra Pradesh,S.P.S.Nellore,Anumasamudrampeta,2,Shared: Deccan Plateau (Telangana) & Eastern Ghats (Semi-Arid) + Eastern Coastal Plain (Subhumid–Semi-Arid),#888888
Andhra Pradesh,S.P.S.Nellore,Atmakur,1,Deccan Plateau (Telangana) & Eastern Ghats (Semi-Arid),#fece7c
Andhra Pradesh,S.P.S.Nellore,Bogole,1,Eastern Coastal Plain (Subhumid–Semi-Arid),#fff1a8
Andhra Pradesh,S.P.S.Nellore,Buchireddipalem,1,Eastern Coastal Plain (Subhumid–Semi-Arid),#fff1a8
Andhra Pradesh,S.P.S.Nellore,Chejerla,1,Deccan Plateau (Telangana) & Eastern Ghats (Semi-Arid),#fece7c
Andhra Pradesh,S.P.S.Nellore,Dagadarthi,1,Eastern Coastal Plain (Subhumid–Semi-Arid),#fff1a8
Andhra Pradesh,S.P.S.Nellore,Duttalur,1,Deccan Plateau (Telangana) & Eastern Ghats (Semi-Arid),#fece7c
Andhra Pradesh,S.P.S.Nellore,Gudluru,1,Eastern Coastal Plain (Subhumid–Semi-Arid),#fff1a8
Andhra Pradesh,S.P.S.Nellore,Indukurpet,1,Eastern Coastal Plain (Subhumid–Semi-Arid),#fff1a8
Andhra Pradesh,S.P.S.Nellore,Jaladanki,1,Eastern Coastal Plain (Subhumid–Semi-Arid),#fff1a8
Andhra Pradesh,S.P.S.Nellore,Kaligiri,2,Shared: Deccan Plateau (Telangana) & Eastern Ghats (Semi-Arid) + Eastern Coastal Plain (Subhumid–Semi-Arid),#888888
Andhra Pradesh,S.P.S.Nellore,Kaluvoya,1,Deccan Plateau (Telangana) & Eastern Ghats (Semi-Arid),#fece7c
Andhra Pradesh,S.P.S.Nellore,Kandukur,1,Eastern Coastal Plain (Subhumid–Semi-Arid),#fff1a8
Andhra Pradesh,S.P.S.Nellore,Kavali,1,Eastern Coastal Plain (Subhumid–Semi-Arid),#fff1a8
Andhra Pradesh,S.P.S.Nellore,Kodavalur,1,Eastern Coastal Plain (Subhumid–Semi-Arid),#fff1a8
Andhra Pradesh,S.P.S.Nellore,Kondapuram,2,Shared: Deccan Plateau (Telangana) & Eastern Ghats (Semi-Arid) + Eastern Coastal Plain (Subhumid–Semi-Arid),#888888
Andhra Pradesh,S.P.S.Nellore,Kovur,1,Eastern Coastal Plain (Subhumid–Semi-Arid),#fff1a8
Andhra Pradesh,S.P.S.Nellore,Lingasamudram,2,Shared: Deccan Plateau (Telangana) & Eastern Ghats (Semi-Arid) + Eastern Coastal Plain (Subhumid–Semi-Arid),#888888
Andhra Pradesh,S.P.S.Nellore,Manubolu,2,Shared: Deccan Plateau (Telangana) & Eastern Ghats (Semi-Arid) + Eastern Coastal Plain (Subhumid–Semi-Arid),#888888
Andhra Pradesh,S.P.S.Nellore,Marripadu,1,Deccan Plateau (Telangana) & Eastern Ghats (Semi-Arid),#fece7c
Andhra Pradesh,S.P.S.Nellore,Muthukur,1,Eastern Coastal Plain (Subhumid–Semi-Arid),#fff1a8
Andhra Pradesh,S.P.S.Nellore,Nellore Rural,2,Shared: Deccan Plateau (Telangana) & Eastern Ghats (Semi-Arid) + Eastern Coastal Plain (Subhumid–Semi-Arid),#888888
Andhra Pradesh,S.P.S.Nellore,Nellore Urban,1,Eastern Coastal Plain (Subhumid–Semi-Arid),#fff1a8
Andhra Pradesh,S.P.S.Nellore,Podalakur,2,Shared: Deccan Plateau (Telangana) & Eastern Ghats (Semi-Arid) + Eastern Coastal Plain (Subhumid–Semi-Arid),#888888
Andhra Pradesh,S.P.S.Nellore,Rapur,1,Deccan Plateau (Telangana) & Eastern Ghats (Semi-Arid),#fece7c
Andhra Pradesh,S.P.S.Nellore,Sangam,2,Shared: Deccan Plateau (Telangana) & Eastern Ghats (Semi-Arid) + Eastern Coastal Plain (Subhumid–Semi-Arid),#888888
Andhra Pradesh,S.P.S.Nellore,Seetharamapuram,1,Deccan Plateau (Telangana) & Eastern Ghats (Semi-Arid),#fece7c
Andhra Pradesh,S.P.S.Nellore,Sydapuram,1,Deccan Plateau (Telangana) & Eastern Ghats (Semi-Arid),#fece7c
Andhra Pradesh,S.P.S.Nellore,Thotapalligudur,1,Eastern Coastal Plain (Subhumid–Semi-Arid),#fff1a8
Andhra Pradesh,S.P.S.Nellore,Udayagiri,1,Deccan Plateau (Telangana) & Eastern Ghats (Semi-Arid),#fece7c
Andhra Pradesh,S.P.S.Nellore,Ulavapadu,1,Eastern Coastal Plain (Subhumid–Semi-Arid),#fff1a8
Andhra Pradesh,S.P.S.Nellore,Varikuntapadu,1,Deccan Plateau (Telangana) & Eastern Ghats (Semi-Arid),#fece7c
Andhra Pradesh,S.P.S.Nellore,Venkatachalam,1,Eastern Coastal Plain (Subhumid–Semi-Arid),#fff1a8
Andhra Pradesh,S.P.S.Nellore,Vidavalur,1,Eastern Coastal Plain (Subhumid–Semi-Arid),#fff1a8
Andhra Pradesh,S.P.S.Nellore,Vinjamur,1,Deccan Plateau (Telangana) & Eastern Ghats (Semi-Arid),#fece7c
Andhra Pradesh,S.P.S.Nellore,Voletivaripalem,2,Shared: Deccan Plateau (Telangana) & Eastern Ghats (Semi-Arid) + Eastern Coastal Plain (Subhumid–Semi-Arid),#888888
Andhra Pradesh,Sri Satyasai,Agali,2,"Shared: Eastern Ghats, TN Uplands & Deccan (Karnataka) Plateau (Semi-Arid) + Karnataka Plateau (incl. Rayalaseema)",#888888
Andhra Pradesh,Sri Satyasai,Amadagur,2,"Shared: Eastern Ghats, TN Uplands & Deccan (Karnataka) Plateau (Semi-Arid) + Karnataka Plateau (incl. Rayalaseema)",#888888
Andhra Pradesh,Sri Satyasai,Amarapuram,2,"Shared: Eastern Ghats, TN Uplands & Deccan (Karnataka) Plateau (Semi-Arid) + Karnataka Plateau (incl. Rayalaseema)",#888888
Andhra Pradesh,Sri Satyasai,Bathalapalle,1,Karnataka Plateau (incl. Rayalaseema),#3682ba
Andhra Pradesh,Sri Satyasai,Bukkapatnam,1,Karnataka Plateau (incl. Rayalaseema),#3682ba
Andhra Pradesh,Sri Satyasai,Chennekothapalle,1,Karnataka Plateau (incl. Rayalaseema),#3682ba
Andhra Pradesh,Sri Satyasai,Chilamathur,2,"Shared: Eastern Ghats, TN Uplands & Deccan (Karnataka) Plateau (Semi-Arid) + Karnataka Plateau (incl. Rayalaseema)",#888888
Andhra Pradesh,Sri Satyasai,Dharmavaram,1,Karnataka Plateau (incl. Rayalaseema),#3682ba
Andhra Pradesh,Sri Satyasai,Gandlapenta,1,Karnataka Plateau (incl. Rayalaseema),#3682ba
Andhra Pradesh,Sri Satyasai,Gorantla,1,Karnataka Plateau (incl. Rayalaseema),#3682ba
Andhra Pradesh,Sri Satyasai,Gudibanda,2,"Shared: Eastern Ghats, TN Uplands & Deccan (Karnataka) Plateau (Semi-Arid) + Karnataka Plateau (incl. Rayalaseema)",#888888
Andhra Pradesh,Sri Satyasai,Hindupur,2,"Shared: Eastern Ghats, TN Uplands & Deccan (Karnataka) Plateau (Semi-Arid) + Karnataka Plateau (incl. Rayalaseema)",#888888
Andhra Pradesh,Sri Satyasai,Kadiri,1,Karnataka Plateau (incl. Rayalaseema),#3682ba
Andhra Pradesh,Sri Satyasai,Kanaganapalle,1,Karnataka Plateau (incl. Rayalaseema),#3682ba
Andhra Pradesh,Sri Satyasai,Kothacheruvu,1,Karnataka Plateau (incl. Rayalaseema),#3682ba
Andhra Pradesh,Sri Satyasai,Lepakshi,2,"Shared: Eastern Ghats, TN Uplands & Deccan (Karnataka) Plateau (Semi-Arid) + Karnataka Plateau (incl. Rayalaseema)",#888888
Andhra Pradesh,Sri Satyasai,Madakasira,2,"Shared: Eastern Ghats, TN Uplands & Deccan (Karnataka) Plateau (Semi-Arid) + Karnataka Plateau (incl. Rayalaseema)",#888888
Andhra Pradesh,Sri Satyasai,Mudigubba,1,Karnataka Plateau (incl. Rayalaseema),#3682ba
Andhra Pradesh,Sri Satyasai,Nallacheruvu,1,Karnataka Plateau (incl. Rayalaseema),#3682ba
Andhra Pradesh,Sri Satyasai,Nallamada,1,Karnataka Plateau (incl. Rayalaseema),#3682ba
Andhra Pradesh,Sri Satyasai,Nambulipulikunta,3,"Shared: Deccan Plateau (Telangana) & Eastern Ghats (Semi-Arid) + Eastern Ghats, TN Uplands & Deccan (Karnataka) Plateau (Semi-Arid) + Karnataka Plateau (incl. Rayalaseema)",#888888
Andhra Pradesh,Sri Satyasai,Obuladevaracheruvu,2,"Shared: Eastern Ghats, TN Uplands & Deccan (Karnataka) Plateau (Semi-Arid) + Karnataka Plateau (incl. Rayalaseema)",#888888
Andhra Pradesh,Sri Satyasai,Parigi,2,"Shared: Eastern Ghats, TN Uplands & Deccan (Karnataka) Plateau (Semi-Arid) + Karnataka Plateau (incl. Rayalaseema)",#888888
Andhra Pradesh,Sri Satyasai,Penukonda,1,Karnataka Plateau (incl. Rayalaseema),#3682ba
Andhra Pradesh,Sri Satyasai,Puttaparthi,1,Karnataka Plateau (incl. Rayalaseema),#3682ba
Andhra Pradesh,Sri Satyasai,Ramagiri,1,Karnataka Plateau (incl. Rayalaseema),#3682ba
Andhra Pradesh,Sri Satyasai,Roddam,1,Karnataka Plateau (incl. Rayalaseema),#3682ba
Andhra Pradesh,Sri Satyasai,Rolla,2,"Shared: Eastern Ghats, TN Uplands & Deccan (Karnataka) Plateau (Semi-Arid) + Karnataka Plateau (incl. Rayalaseema)",#888888
Andhra Pradesh,Sri Satyasai,Somandepalle,1,Karnataka Plateau (incl. Rayalaseema),#3682ba
Andhra Pradesh,Sri Satyasai,Tadimarri,1,Karnataka Plateau (incl. Rayalaseema),#3682ba
Andhra Pradesh,Sri Satyasai,Talupula,2,Shared: Deccan Plateau (Telangana) & Eastern Ghats (Semi-Arid) + Karnataka Plateau (incl. Rayalaseema),#888888
Andhra Pradesh,Sri Satyasai,Tanakal,2,"Shared: Eastern Ghats, TN Uplands & Deccan (Karnataka) Plateau (Semi-Arid) + Karnataka Plateau (incl. Rayalaseema)",#888888
Andhra Pradesh,Srikakulam,Amadalavalasa,1,Eastern Coastal Plain (Subhumid–Semi-Arid),#fff1a8
Andhra Pradesh,Srikakulam,Burja,1,Eastern Coastal Plain (Subhumid–Semi-Arid),#fff1a8
Andhra Pradesh,Srikakulam,Etcherla,1,Eastern Coastal Plain (Subhumid–Semi-Arid),#fff1a8
Andhra Pradesh,Srikakulam,Ganguvarisigadam,1,Eastern Coastal Plain (Subhumid–Semi-Arid),#fff1a8
Andhra Pradesh,Srikakulam,Gara,1,Eastern Coastal Plain (Subhumid–Semi-Arid),#fff1a8
Andhra Pradesh,Srikakulam,Hiramandalam,1,Eastern Coastal Plain (Subhumid–Semi-Arid),#fff1a8
Andhra Pradesh,Srikakulam,Ichchapuram,1,Eastern Coastal Plain (Subhumid–Semi-Arid),#fff1a8
Andhra Pradesh,Srikakulam,Jalumuru,1,Eastern Coastal Plain (Subhumid–Semi-Arid),#fff1a8
Andhra Pradesh,Srikakulam,Kanchili,1,Eastern Coastal Plain (Subhumid–Semi-Arid),#fff1a8
Andhra Pradesh,Srikakulam,Kaviti,1,Eastern Coastal Plain (Subhumid–Semi-Arid),#fff1a8
Andhra Pradesh,Srikakulam,Kotabommali,1,Eastern Coastal Plain (Subhumid–Semi-Arid),#fff1a8
Andhra Pradesh,Srikakulam,Kothuru,2,Shared: Eastern Coastal Plain (Subhumid–Semi-Arid) + Eastern Plateau (Chhotanagpur) & Eastern Ghats (Subhumid),#888888
Andhra Pradesh,Srikakulam,Lakshminarsupeta,1,Eastern Coastal Plain (Subhumid–Semi-Arid),#fff1a8
Andhra Pradesh,Srikakulam,Laveru,1,Eastern Coastal Plain (Subhumid–Semi-Arid),#fff1a8
Andhra Pradesh,Srikakulam,Mandasa,1,Eastern Coastal Plain (Subhumid–Semi-Arid),#fff1a8
Andhra Pradesh,Srikakulam,Meliaputti,1,Eastern Coastal Plain (Subhumid–Semi-Arid),#fff1a8
Andhra Pradesh,Srikakulam,Nandigam,1,Eastern Coastal Plain (Subhumid–Semi-Arid),#fff1a8
Andhra Pradesh,Srikakulam,Narasannapeta,1,Eastern Coastal Plain (Subhumid–Semi-Arid),#fff1a8
Andhra Pradesh,Srikakulam,Palasa,1,Eastern Coastal Plain (Subhumid–Semi-Arid),#fff1a8
Andhra Pradesh,Srikakulam,Pathapatnam,2,Shared: Eastern Coastal Plain (Subhumid–Semi-Arid) + Eastern Plateau (Chhotanagpur) & Eastern Ghats (Subhumid),#888888
Andhra Pradesh,Srikakulam,Polaki,1,Eastern Coastal Plain (Subhumid–Semi-Arid),#fff1a8
Andhra Pradesh,Srikakulam,Ponduru,1,Eastern Coastal Plain (Subhumid–Semi-Arid),#fff1a8
Andhra Pradesh,Srikakulam,Ranastalam,1,Eastern Coastal Plain (Subhumid–Semi-Arid),#fff1a8
Andhra Pradesh,Srikakulam,Santhabommali,1,Eastern Coastal Plain (Subhumid–Semi-Arid),#fff1a8
Andhra Pradesh,Srikakulam,Saravakota,1,Eastern Coastal Plain (Subhumid–Semi-Arid),#fff1a8
Andhra Pradesh,Srikakulam,Sarubujjili,1,Eastern Coastal Plain (Subhumid–Semi-Arid),#fff1a8
Andhra Pradesh,Srikakulam,Sompeta,1,Eastern Coastal Plain (Subhumid–Semi-Arid),#fff1a8
Andhra Pradesh,Srikakulam,Srikakulam,1,Eastern Coastal Plain (Subhumid–Semi-Arid),#fff1a8
Andhra Pradesh,Srikakulam,Tekkali,1,Eastern Coastal Plain (Subhumid–Semi-Arid),#fff1a8
Andhra Pradesh,Srikakulam,Vajrapukothuru,1,Eastern Coastal Plain (Subhumid–Semi-Arid),#fff1a8
Andhra Pradesh,Tirupati,Balayapalle,2,"Shared: Deccan Plateau (Telangana) & Eastern Ghats (Semi-Arid) + Eastern Ghats, TN Uplands & Deccan (Karnataka) Plateau (Semi-Arid)",#888888
Andhra Pradesh,Tirupati,Buchinaidu  Kandriga,1,"Eastern Ghats, TN Uplands & Deccan (Karnataka) Plateau (Semi-Arid)",#f4faad
Andhra Pradesh,Tirupati,Chandragiri,1,"Eastern Ghats, TN Uplands & Deccan (Karnataka) Plateau (Semi-Arid)",#f4faad
Andhra Pradesh,Tirupati,Chillakur,2,Shared: Deccan Plateau (Telangana) & Eastern Ghats (Semi-Arid) + Eastern Coastal Plain (Subhumid–Semi-Arid),#888888
Andhra Pradesh,Tirupati,Chinnagottigallu,1,"Eastern Ghats, TN Uplands & Deccan (Karnataka) Plateau (Semi-Arid)",#f4faad
Andhra Pradesh,Tirupati,Chittamur,1,Eastern Coastal Plain (Subhumid–Semi-Arid),#fff1a8
Andhra Pradesh,Tirupati,Dakkili,1,Deccan Plateau (Telangana) & Eastern Ghats (Semi-Arid),#fece7c
Andhra Pradesh,Tirupati,Doravarisatram,2,"Shared: Eastern Coastal Plain (Subhumid–Semi-Arid) + Eastern Ghats, TN Uplands & Deccan (Karnataka) Plateau (Semi-Arid)",#888888
Andhra Pradesh,Tirupati,Gudur,2,Shared: Deccan Plateau (Telangana) & Eastern Ghats (Semi-Arid) + Eastern Coastal Plain (Subhumid–Semi-Arid),#888888
Andhra Pradesh,Tirupati,K.V.B.Puram,1,"Eastern Ghats, TN Uplands & Deccan (Karnataka) Plateau (Semi-Arid)",#f4faad
Andhra Pradesh,Tirupati,Kota,1,Eastern Coastal Plain (Subhumid–Semi-Arid),#fff1a8
Andhra Pradesh,Tirupati,Nagalapuram,2,"Shared: Eastern Coastal Plain (Subhumid–Semi-Arid) + Eastern Ghats, TN Uplands & Deccan (Karnataka) Plateau (Semi-Arid)",#888888
Andhra Pradesh,Tirupati,Naidupet,3,"Shared: Deccan Plateau (Telangana) & Eastern Ghats (Semi-Arid) + Eastern Coastal Plain (Subhumid–Semi-Arid) + Eastern Ghats, TN Uplands & Deccan (Karnataka) Plateau (Semi-Arid)",#888888
Andhra Pradesh,Tirupati,Narayanavanam,1,"Eastern Ghats, TN Uplands & Deccan (Karnataka) Plateau (Semi-Arid)",#f4faad
Andhra Pradesh,Tirupati,Ojili,3,"Shared: Deccan Plateau (Telangana) & Eastern Ghats (Semi-Arid) + Eastern Coastal Plain (Subhumid–Semi-Arid) + Eastern Ghats, TN Uplands & Deccan (Karnataka) Plateau (Semi-Arid)",#888888
Andhra Pradesh,Tirupati,Pakala,1,"Eastern Ghats, TN Uplands & Deccan (Karnataka) Plateau (Semi-Arid)",#f4faad
Andhra Pradesh,Tirupati,Pellakur,3,"Shared: Deccan Plateau (Telangana) & Eastern Ghats (Semi-Arid) + Eastern Coastal Plain (Subhumid–Semi-Arid) + Eastern Ghats, TN Uplands & Deccan (Karnataka) Plateau (Semi-Arid)",#888888
Andhra Pradesh,Tirupati,Pichatur,2,"Shared: Eastern Coastal Plain (Subhumid–Semi-Arid) + Eastern Ghats, TN Uplands & Deccan (Karnataka) Plateau (Semi-Arid)",#888888
Andhra Pradesh,Tirupati,Puttur,1,"Eastern Ghats, TN Uplands & Deccan (Karnataka) Plateau (Semi-Arid)",#f4faad
Andhra Pradesh,Tirupati,Ramachandrapuram,1,"Eastern Ghats, TN Uplands & Deccan (Karnataka) Plateau (Semi-Arid)",#f4faad
Andhra Pradesh,Tirupati,Renigunta,2,"Shared: Deccan Plateau (Telangana) & Eastern Ghats (Semi-Arid) + Eastern Ghats, TN Uplands & Deccan (Karnataka) Plateau (Semi-Arid)",#888888
Andhra Pradesh,Tirupati,Satyavedu,2,"Shared: Eastern Coastal Plain (Subhumid–Semi-Arid) + Eastern Ghats, TN Uplands & Deccan (Karnataka) Plateau (Semi-Arid)",#888888
Andhra Pradesh,Tirupati,Srikalahasti,2,"Shared: Deccan Plateau (Telangana) & Eastern Ghats (Semi-Arid) + Eastern Ghats, TN Uplands & Deccan (Karnataka) Plateau (Semi-Arid)",#888888
Andhra Pradesh,Tirupati,Sullurpeta,2,"Shared: Eastern Coastal Plain (Subhumid–Semi-Arid) + Eastern Ghats, TN Uplands & Deccan (Karnataka) Plateau (Semi-Arid)",#888888
Andhra Pradesh,Tirupati,Tada,2,"Shared: Eastern Coastal Plain (Subhumid–Semi-Arid) + Eastern Ghats, TN Uplands & Deccan (Karnataka) Plateau (Semi-Arid)",#888888
Andhra Pradesh,Tirupati,Thottambedu,2,"Shared: Deccan Plateau (Telangana) & Eastern Ghats (Semi-Arid) + Eastern Ghats, TN Uplands & Deccan (Karnataka) Plateau (Semi-Arid)",#888888
Andhra Pradesh,Tirupati,Tirupati (Rural),1,"Eastern Ghats, TN Uplands & Deccan (Karnataka) Plateau (Semi-Arid)",#f4faad
Andhra Pradesh,Tirupati,Tirupati (Urban),2,"Shared: Deccan Plateau (Telangana) & Eastern Ghats (Semi-Arid) + Eastern Ghats, TN Uplands & Deccan (Karnataka) Plateau (Semi-Arid)",#888888
Andhra Pradesh,Tirupati,Vadamalapeta,1,"Eastern Ghats, TN Uplands & Deccan (Karnataka) Plateau (Semi-Arid)",#f4faad
Andhra Pradesh,Tirupati,Vakadu,1,Eastern Coastal Plain (Subhumid–Semi-Arid),#fff1a8
Andhra Pradesh,Tirupati,Varadaiahpalem,1,"Eastern Ghats, TN Uplands & Deccan (Karnataka) Plateau (Semi-Arid)",#f4faad
Andhra Pradesh,Tirupati,Venkatagiri,2,"Shared: Deccan Plateau (Telangana) & Eastern Ghats (Semi-Arid) + Eastern Ghats, TN Uplands & Deccan (Karnataka) Plateau (Semi-Arid)",#888888
Andhra Pradesh,Tirupati,Yerpedu,1,"Eastern Ghats, TN Uplands & Deccan (Karnataka) Plateau (Semi-Arid)",#f4faad
Andhra Pradesh,Tirupati,Yerravaripalem,2,"Shared: Deccan Plateau (Telangana) & Eastern Ghats (Semi-Arid) + Eastern Ghats, TN Uplands & Deccan (Karnataka) Plateau (Semi-Arid)",#888888
Andhra Pradesh,Visakhapatnam,Anandapuram,1,Eastern Coastal Plain (Subhumid–Semi-Arid),#fff1a8
Andhra Pradesh,Visakhapatnam,Bheemunipatnam,1,Eastern Coastal Plain (Subhumid–Semi-Arid),#fff1a8
Andhra Pradesh,Visakhapatnam,Gajuwaka,1,Eastern Coastal Plain (Subhumid–Semi-Arid),#fff1a8
Andhra Pradesh,Visakhapatnam,Gopalapatnam,1,Eastern Coastal Plain (Subhumid–Semi-Arid),#fff1a8
Andhra Pradesh,Visakhapatnam,Maharanipeta,1,Eastern Coastal Plain (Subhumid–Semi-Arid),#fff1a8
Andhra Pradesh,Visakhapatnam,Mulagada,1,Eastern Coastal Plain (Subhumid–Semi-Arid),#fff1a8
Andhra Pradesh,Visakhapatnam,Padmanabham,1,Eastern Coastal Plain (Subhumid–Semi-Arid),#fff1a8
Andhra Pradesh,Visakhapatnam,Pedagantyada,1,Eastern Coastal Plain (Subhumid–Semi-Arid),#fff1a8
Andhra Pradesh,Visakhapatnam,Pendurthi,1,Eastern Coastal Plain (Subhumid–Semi-Arid),#fff1a8
Andhra Pradesh,Visakhapatnam,Seethammadhara,1,Eastern Coastal Plain (Subhumid–Semi-Arid),#fff1a8
Andhra Pradesh,Visakhapatnam,Visakhapatnam (Rural),1,Eastern Coastal Plain (Subhumid–Semi-Arid),#fff1a8
Andhra Pradesh,Vizianagaram,Badangi,1,Eastern Plateau (Chhotanagpur) & Eastern Ghats (Subhumid),#5cb7aa
Andhra Pradesh,Vizianagaram,Bhogapuram,1,Eastern Coastal Plain (Subhumid–Semi-Arid),#fff1a8
Andhra Pradesh,Vizianagaram,Bobbili,1,Eastern Plateau (Chhotanagpur) & Eastern Ghats (Subhumid),#5cb7aa
Andhra Pradesh,Vizianagaram,Bondapalle,2,Shared: Eastern Coastal Plain (Subhumid–Semi-Arid) + Eastern Plateau (Chhotanagpur) & Eastern Ghats (Subhumid),#888888
Andhra Pradesh,Vizianagaram,Cheepurupalle,1,Eastern Coastal Plain (Subhumid–Semi-Arid),#fff1a8
Andhra Pradesh,Vizianagaram,Dattirajeru,2,Shared: Eastern Coastal Plain (Subhumid–Semi-Arid) + Eastern Plateau (Chhotanagpur) & Eastern Ghats (Subhumid),#888888
Andhra Pradesh,Vizianagaram,Denkada,1,Eastern Coastal Plain (Subhumid–Semi-Arid),#fff1a8
Andhra Pradesh,Vizianagaram,Gajapathinagaram,2,Shared: Eastern Coastal Plain (Subhumid–Semi-Arid) + Eastern Plateau (Chhotanagpur) & Eastern Ghats (Subhumid),#888888
Andhra Pradesh,Vizianagaram,Gantyada,2,Shared: Eastern Coastal Plain (Subhumid–Semi-Arid) + Eastern Plateau (Chhotanagpur) & Eastern Ghats (Subhumid),#888888
Andhra Pradesh,Vizianagaram,Garividi,1,Eastern Coastal Plain (Subhumid–Semi-Arid),#fff1a8
Andhra Pradesh,Vizianagaram,Gurla,1,Eastern Coastal Plain (Subhumid–Semi-Arid),#fff1a8
Andhra Pradesh,Vizianagaram,Jami,1,Eastern Coastal Plain (Subhumid–Semi-Arid),#fff1a8
Andhra Pradesh,Vizianagaram,Kothavalasa,1,Eastern Coastal Plain (Subhumid–Semi-Arid),#fff1a8
Andhra Pradesh,Vizianagaram,Lakkavarapukota,1,Eastern Coastal Plain (Subhumid–Semi-Arid),#fff1a8
Andhra Pradesh,Vizianagaram,Mentada,1,Eastern Plateau (Chhotanagpur) & Eastern Ghats (Subhumid),#5cb7aa
Andhra Pradesh,Vizianagaram,Merakamudidam,2,Shared: Eastern Coastal Plain (Subhumid–Semi-Arid) + Eastern Plateau (Chhotanagpur) & Eastern Ghats (Subhumid),#888888
Andhra Pradesh,Vizianagaram,Nellimarla,1,Eastern Coastal Plain (Subhumid–Semi-Arid),#fff1a8
Andhra Pradesh,Vizianagaram,Pusapatirega,1,Eastern Coastal Plain (Subhumid–Semi-Arid),#fff1a8
Andhra Pradesh,Vizianagaram,Rajam,1,Eastern Coastal Plain (Subhumid–Semi-Arid),#fff1a8
Andhra Pradesh,Vizianagaram,Ramabhadrapuram,1,Eastern Plateau (Chhotanagpur) & Eastern Ghats (Subhumid),#5cb7aa
Andhra Pradesh,Vizianagaram,Regidiamadalavalasa,2,Shared: Eastern Coastal Plain (Subhumid–Semi-Arid) + Eastern Plateau (Chhotanagpur) & Eastern Ghats (Subhumid),#888888
Andhra Pradesh,Vizianagaram,Santhakaviti,1,Eastern Coastal Plain (Subhumid–Semi-Arid),#fff1a8
Andhra Pradesh,Vizianagaram,Srungavarapukota,2,Shared: Eastern Coastal Plain (Subhumid–Semi-Arid) + Eastern Plateau (Chhotanagpur) & Eastern Ghats (Subhumid),#888888
Andhra Pradesh,Vizianagaram,Therlam,2,Shared: Eastern Coastal Plain (Subhumid–Semi-Arid) + Eastern Plateau (Chhotanagpur) & Eastern Ghats (Subhumid),#888888
Andhra Pradesh,Vizianagaram,Vangara,2,Shared: Eastern Coastal Plain (Subhumid–Semi-Arid) + Eastern Plateau (Chhotanagpur) & Eastern Ghats (Subhumid),#888888
Andhra Pradesh,Vizianagaram,Vepada,2,Shared: Eastern Coastal Plain (Subhumid–Semi-Arid) + Eastern Plateau (Chhotanagpur) & Eastern Ghats (Subhumid),#888888
Andhra Pradesh,Vizianagaram,Vizianagaram,1,Eastern Coastal Plain (Subhumid–Semi-Arid),#fff1a8
Andhra Pradesh,West Godavari,Achanta,1,Eastern Coastal Plain (Subhumid–Semi-Arid),#fff1a8
Andhra Pradesh,West Godavari,Akividu,2,Shared: Deccan Plateau (Telangana) & Eastern Ghats (Semi-Arid) + Eastern Coastal Plain (Subhumid–Semi-Arid),#888888
Andhra Pradesh,West Godavari,Attili,1,Eastern Coastal Plain (Subhumid–Semi-Arid),#fff1a8
Andhra Pradesh,West Godavari,Bhimavaram,1,Eastern Coastal Plain (Subhumid–Semi-Arid),#fff1a8
Andhra Pradesh,West Godavari,Iragavaram,1,Eastern Coastal Plain (Subhumid–Semi-Arid),#fff1a8
Andhra Pradesh,West Godavari,Kalla,1,Eastern Coastal Plain (Subhumid–Semi-Arid),#fff1a8
Andhra Pradesh,West Godavari,Mogalthur,1,Eastern Coastal Plain (Subhumid–Semi-Arid),#fff1a8
Andhra Pradesh,West Godavari,Narasapuram,1,Eastern Coastal Plain (Subhumid–Semi-Arid),#fff1a8
Andhra Pradesh,West Godavari,Palacoderu,1,Eastern Coastal Plain (Subhumid–Semi-Arid),#fff1a8
Andhra Pradesh,West Godavari,Palacole,1,Eastern Coastal Plain (Subhumid–Semi-Arid),#fff1a8
Andhra Pradesh,West Godavari,Pentapadu,2,Shared: Deccan Plateau (Telangana) & Eastern Ghats (Semi-Arid) + Eastern Coastal Plain (Subhumid–Semi-Arid),#888888
Andhra Pradesh,West Godavari,Penugonda,1,Eastern Coastal Plain (Subhumid–Semi-Arid),#fff1a8
Andhra Pradesh,West Godavari,Penumantra,1,Eastern Coastal Plain (Subhumid–Semi-Arid),#fff1a8
Andhra Pradesh,West Godavari,Poduru,1,Eastern Coastal Plain (Subhumid–Semi-Arid),#fff1a8
Andhra Pradesh,West Godavari,Tadepalligudem,2,Shared: Deccan Plateau (Telangana) & Eastern Ghats (Semi-Arid) + Eastern Coastal Plain (Subhumid–Semi-Arid),#888888
Andhra Pradesh,West Godavari,Tanuku,2,Shared: Deccan Plateau (Telangana) & Eastern Ghats (Semi-Arid) + Eastern Coastal Plain (Subhumid–Semi-Arid),#888888
Andhra Pradesh,West Godavari,Undi,1,Eastern Coastal Plain (Subhumid–Semi-Arid),#fff1a8
Andhra Pradesh,West Godavari,Veeravasaram,1,Eastern Coastal Plain (Subhumid–Semi-Arid),#fff1a8
Andhra Pradesh,West Godavari,Yelamanchili,1,Eastern Coastal Plain (Subhumid–Semi-Arid),#fff1a8
Andhra Pradesh,Y.S.R.Kadapa,Atlur,1,Deccan Plateau (Telangana) & Eastern Ghats (Semi-Arid),#fece7c
Andhra Pradesh,Y.S.R.Kadapa,B.Kodur,1,Deccan Plateau (Telangana) & Eastern Ghats (Semi-Arid),#fece7c
Andhra Pradesh,Y.S.R.Kadapa,Badvel,1,Deccan Plateau (Telangana) & Eastern Ghats (Semi-Arid),#fece7c
Andhra Pradesh,Y.S.R.Kadapa,Brahmamgarimattam,1,Deccan Plateau (Telangana) & Eastern Ghats (Semi-Arid),#fece7c
Andhra Pradesh,Y.S.R.Kadapa,Chakrayapet,2,Shared: Deccan Plateau (Telangana) & Eastern Ghats (Semi-Arid) + Karnataka Plateau (incl. Rayalaseema),#888888
Andhra Pradesh,Y.S.R.Kadapa,Chapad,1,Deccan Plateau (Telangana) & Eastern Ghats (Semi-Arid),#fece7c
Andhra Pradesh,Y.S.R.Kadapa,Chennur,1,Deccan Plateau (Telangana) & Eastern Ghats (Semi-Arid),#fece7c
Andhra Pradesh,Y.S.R.Kadapa,Chinthakommadinne,1,Deccan Plateau (Telangana) & Eastern Ghats (Semi-Arid),#fece7c
Andhra Pradesh,Y.S.R.Kadapa,Duvvur,1,Deccan Plateau (Telangana) & Eastern Ghats (Semi-Arid),#fece7c
Andhra Pradesh,Y.S.R.Kadapa,Gopavaram,1,Deccan Plateau (Telangana) & Eastern Ghats (Semi-Arid),#fece7c
Andhra Pradesh,Y.S.R.Kadapa,Jammalamadugu,1,Deccan Plateau (Telangana) & Eastern Ghats (Semi-Arid),#fece7c
Andhra Pradesh,Y.S.R.Kadapa,Kalasapadu,1,Deccan Plateau (Telangana) & Eastern Ghats (Semi-Arid),#fece7c
Andhra Pradesh,Y.S.R.Kadapa,Kamalapuram,1,Deccan Plateau (Telangana) & Eastern Ghats (Semi-Arid),#fece7c
Andhra Pradesh,Y.S.R.Kadapa,Khajipet,1,Deccan Plateau (Telangana) & Eastern Ghats (Semi-Arid),#fece7c
Andhra Pradesh,Y.S.R.Kadapa,Kondapuram,2,Shared: Deccan Plateau (Telangana) & Eastern Ghats (Semi-Arid) + Karnataka Plateau (incl. Rayalaseema),#888888
Andhra Pradesh,Y.S.R.Kadapa,Lingala,2,Shared: Deccan Plateau (Telangana) & Eastern Ghats (Semi-Arid) + Karnataka Plateau (incl. Rayalaseema),#888888
Andhra Pradesh,Y.S.R.Kadapa,Muddanur,1,Deccan Plateau (Telangana) & Eastern Ghats (Semi-Arid),#fece7c
Andhra Pradesh,Y.S.R.Kadapa,Mylavaram,1,Deccan Plateau (Telangana) & Eastern Ghats (Semi-Arid),#fece7c
Andhra Pradesh,Y.S.R.Kadapa,Peddamudium,1,Deccan Plateau (Telangana) & Eastern Ghats (Semi-Arid),#fece7c
Andhra Pradesh,Y.S.R.Kadapa,Pendlimarri,1,Deccan Plateau (Telangana) & Eastern Ghats (Semi-Arid),#fece7c
Andhra Pradesh,Y.S.R.Kadapa,Porumamilla,1,Deccan Plateau (Telangana) & Eastern Ghats (Semi-Arid),#fece7c
Andhra Pradesh,Y.S.R.Kadapa,Proddatur,1,Deccan Plateau (Telangana) & Eastern Ghats (Semi-Arid),#fece7c
Andhra Pradesh,Y.S.R.Kadapa,Pulivendla,2,Shared: Deccan Plateau (Telangana) & Eastern Ghats (Semi-Arid) + Karnataka Plateau (incl. Rayalaseema),#888888
Andhra Pradesh,Y.S.R.Kadapa,Rajupalem,1,Deccan Plateau (Telangana) & Eastern Ghats (Semi-Arid),#fece7c
Andhra Pradesh,Y.S.R.Kadapa,S.Mydukur,1,Deccan Plateau (Telangana) & Eastern Ghats (Semi-Arid),#fece7c
Andhra Pradesh,Y.S.R.Kadapa,Sidhout,1,Deccan Plateau (Telangana) & Eastern Ghats (Semi-Arid),#fece7c
Andhra Pradesh,Y.S.R.Kadapa,Simhadripuram,1,Deccan Plateau (Telangana) & Eastern Ghats (Semi-Arid),#fece7c
Andhra Pradesh,Y.S.R.Kadapa,Sri Avadhutha Kasinayana,1,Deccan Plateau (Telangana) & Eastern Ghats (Semi-Arid),#fece7c
Andhra Pradesh,Y.S.R.Kadapa,Thondur,1,Deccan Plateau (Telangana) & Eastern Ghats (Semi-Arid),#fece7c
Andhra Pradesh,Y.S.R.Kadapa,Vallur,1,Deccan Plateau (Telangana) & Eastern Ghats (Semi-Arid),#fece7c
Andhra Pradesh,Y.S.R.Kadapa,Veerapunayunipalle,1,Deccan Plateau (Telangana) & Eastern Ghats (Semi-Arid),#fece7c
Andhra Pradesh,Y.S.R.Kadapa,Vempalle,1,Deccan Plateau (Telangana) & Eastern Ghats (Semi-Arid),#fece7c
Andhra Pradesh,Y.S.R.Kadapa,Vemula,2,Shared: Deccan Plateau (Telangana) & Eastern Ghats (Semi-Arid) + Karnataka Plateau (incl. Rayalaseema),#888888
Andhra Pradesh,Y.S.R.Kadapa,Vontimitta,1,Deccan Plateau (Telangana) & Eastern Ghats (Semi-Arid),#fece7c
Andhra Pradesh,Y.S.R.Kadapa,Y.S.R.Kadapa,1,Deccan Plateau (Telangana) & Eastern Ghats (Semi-Arid),#fece7c
Andhra Pradesh,Y.S.R.Kadapa,Yerraguntla,1,Deccan Plateau (Telangana) & Eastern Ghats (Semi-Arid),#fece7c
Andhra Pradesh,Yanam,Yanam,1,Eastern Coastal Plain (Subhumid–Semi-Arid),#fff1a8
CG,Balod,Balod,1,Eastern Plateau (Chhattisgarh),#97d5a4
CG,Balod,Dondi,2,Shared: Eastern Plateau (Chhattisgarh) + Eastern Plateau (Chhotanagpur) & Eastern Ghats (Subhumid),#888888
CG,Balod,Dondi Luhara,1,Eastern Plateau (Chhattisgarh),#97d5a4
CG,Balod,Gunderdehi,1,Eastern Plateau (Chhattisgarh),#97d5a4
CG,Balod,Gurur,1,Eastern Plateau (Chhattisgarh),#97d5a4
CG,Baloda Bazar,Baloda Bazar,1,Eastern Plateau (Chhattisgarh),#97d5a4
CG,Baloda Bazar,Bhatapara,1,Eastern Plateau (Chhattisgarh),#97d5a4
CG,Baloda Bazar,Bilaigarh,1,Eastern Plateau (Chhattisgarh),#97d5a4
CG,Baloda Bazar,Kasdol,1,Eastern Plateau (Chhattisgarh),#97d5a4
CG,Baloda Bazar,Palari,1,Eastern Plateau (Chhattisgarh),#97d5a4
CG,Baloda Bazar,Simga,1,Eastern Plateau (Chhattisgarh),#97d5a4
CG,Balrampur,Balrampur,1,Eastern Plateau (Chhattisgarh),#97d5a4
CG,Balrampur,Rajpur,1,Eastern Plateau (Chhattisgarh),#97d5a4
CG,Balrampur,Ramanujganj,1,Eastern Plateau (Chhattisgarh),#97d5a4
CG,Balrampur,Samri(Kusmi),1,Eastern Plateau (Chhattisgarh),#97d5a4
CG,Balrampur,Shankargarh,1,Eastern Plateau (Chhattisgarh),#97d5a4
CG,Balrampur,Wadrafnagar,2,"Shared: Central Highlands (Malwa–Bundelkhand, Subhumid Dry) + Eastern Plateau (Chhattisgarh)",#888888
CG,Bastar,Bakavand,1,Eastern Plateau (Chhotanagpur) & Eastern Ghats (Subhumid),#5cb7aa
CG,Bastar,Bastanar,1,Eastern Plateau (Chhotanagpur) & Eastern Ghats (Subhumid),#5cb7aa
CG,Bastar,Bastar,1,Eastern Plateau (Chhotanagpur) & Eastern Ghats (Subhumid),#5cb7aa
CG,Bastar,Darbha,1,Eastern Plateau (Chhotanagpur) & Eastern Ghats (Subhumid),#5cb7aa
CG,Bastar,Jagdalpur,1,Eastern Plateau (Chhotanagpur) & Eastern Ghats (Subhumid),#5cb7aa
CG,Bastar,Lohandiguda,1,Eastern Plateau (Chhotanagpur) & Eastern Ghats (Subhumid),#5cb7aa
CG,Bastar,Tokapal,1,Eastern Plateau (Chhotanagpur) & Eastern Ghats (Subhumid),#5cb7aa
CG,Bemetara,Bemetara,1,Eastern Plateau (Chhattisgarh),#97d5a4
CG,Bemetara,Berla,1,Eastern Plateau (Chhattisgarh),#97d5a4
CG,Bemetara,Nawagarh_1,1,Eastern Plateau (Chhattisgarh),#97d5a4
CG,Bemetara,Saja,1,Eastern Plateau (Chhattisgarh),#97d5a4
CG,Bemetara,Thanakhamria,1,Eastern Plateau (Chhattisgarh),#97d5a4
CG,Bijapur,Bhairamgarh,1,Eastern Plateau (Chhotanagpur) & Eastern Ghats (Subhumid),#5cb7aa
CG,Bijapur,Bhopalpattnam,2,Shared: Deccan Plateau (Telangana) & Eastern Ghats (Semi-Arid) + Eastern Plateau (Chhotanagpur) & Eastern Ghats (Subhumid),#888888
CG,Bijapur,Bijapur,1,Eastern Plateau (Chhotanagpur) & Eastern Ghats (Subhumid),#5cb7aa
CG,Bijapur,Usur,2,Shared: Deccan Plateau (Telangana) & Eastern Ghats (Semi-Arid) + Eastern Plateau (Chhotanagpur) & Eastern Ghats (Subhumid),#888888
CG,Bilaspur,Bilaspur,1,Eastern Plateau (Chhattisgarh),#97d5a4
CG,Bilaspur,Bilha,1,Eastern Plateau (Chhattisgarh),#97d5a4
CG,Bilaspur,Kota,1,Eastern Plateau (Chhattisgarh),#97d5a4
CG,Bilaspur,Masturi,1,Eastern Plateau (Chhattisgarh),#97d5a4
CG,Bilaspur,Takhatpur,1,Eastern Plateau (Chhattisgarh),#97d5a4
CG,Dantewada,Bade Bacheli,1,Eastern Plateau (Chhotanagpur) & Eastern Ghats (Subhumid),#5cb7aa
CG,Dantewada,Dantewada,1,Eastern Plateau (Chhotanagpur) & Eastern Ghats (Subhumid),#5cb7aa
CG,Dantewada,Gidam,1,Eastern Plateau (Chhotanagpur) & Eastern Ghats (Subhumid),#5cb7aa
CG,Dantewada,Katekalyan,1,Eastern Plateau (Chhotanagpur) & Eastern Ghats (Subhumid),#5cb7aa
CG,Dantewada,Kuakonda,1,Eastern Plateau (Chhotanagpur) & Eastern Ghats (Subhumid),#5cb7aa
CG,Dhamtari,Dhamtari,2,Shared: Eastern Plateau (Chhattisgarh) + Eastern Plateau (Chhotanagpur) & Eastern Ghats (Subhumid),#888888
CG,Dhamtari,Kurud,1,Eastern Plateau (Chhattisgarh),#97d5a4
CG,Dhamtari,Magarlod,1,Eastern Plateau (Chhattisgarh),#97d5a4
CG,Dhamtari,Nagri,2,Shared: Eastern Plateau (Chhattisgarh) + Eastern Plateau (Chhotanagpur) & Eastern Ghats (Subhumid),#888888
CG,Durg,Dhamdha,1,Eastern Plateau (Chhattisgarh),#97d5a4
CG,Durg,Durg,1,Eastern Plateau (Chhattisgarh),#97d5a4
CG,Durg,Patan,1,Eastern Plateau (Chhattisgarh),#97d5a4
CG,Gariyaband,Bindranavagarh(Gariyaband),2,Shared: Eastern Plateau (Chhattisgarh) + Eastern Plateau (Chhotanagpur) & Eastern Ghats (Subhumid),#888888
CG,Gariyaband,Chhura,2,Shared: Eastern Plateau (Chhattisgarh) + Eastern Plateau (Chhotanagpur) & Eastern Ghats (Subhumid),#888888
CG,Gariyaband,Deobhog,2,Shared: Eastern Plateau (Chhattisgarh) + Eastern Plateau (Chhotanagpur) & Eastern Ghats (Subhumid),#888888
CG,Gariyaband,Mainpur,2,Shared: Eastern Plateau (Chhattisgarh) + Eastern Plateau (Chhotanagpur) & Eastern Ghats (Subhumid),#888888
CG,Gariyaband,Rajim,1,Eastern Plateau (Chhattisgarh),#97d5a4
CG,Gaurella Pendra Marwahi,Marwahi,2,"Shared: Central Highlands (Malwa–Bundelkhand, Subhumid Dry) + Eastern Plateau (Chhattisgarh)",#888888
CG,Gaurella Pendra Marwahi,Pendra,1,Eastern Plateau (Chhattisgarh),#97d5a4
CG,Gaurella Pendra Marwahi,Pendra Road Gorella,2,"Shared: Central Highlands (Malwa–Bundelkhand, Subhumid Dry) + Eastern Plateau (Chhattisgarh)",#888888
CG,Janjgir-Champa,Akaltara,1,Eastern Plateau (Chhattisgarh),#97d5a4
CG,Janjgir-Champa,Baloda,1,Eastern Plateau (Chhattisgarh),#97d5a4
CG,Janjgir-Champa,Champa,1,Eastern Plateau (Chhattisgarh),#97d5a4
CG,Janjgir-Champa,Dabhra,1,Eastern Plateau (Chhattisgarh),#97d5a4
CG,Janjgir-Champa,Jaijaipur,1,Eastern Plateau (Chhattisgarh),#97d5a4
CG,Janjgir-Champa,Janjgir,1,Eastern Plateau (Chhattisgarh),#97d5a4
CG,Janjgir-Champa,Malkharoda,1,Eastern Plateau (Chhattisgarh),#97d5a4
CG,Janjgir-Champa,Nawagarh,1,Eastern Plateau (Chhattisgarh),#97d5a4
CG,Janjgir-Champa,Pamgarh,1,Eastern Plateau (Chhattisgarh),#97d5a4
CG,Janjgir-Champa,Sakti,1,Eastern Plateau (Chhattisgarh),#97d5a4
CG,Jashpur,Bagicha,1,Eastern Plateau (Chhattisgarh),#97d5a4
CG,Jashpur,Duldula,1,Eastern Plateau (Chhattisgarh),#97d5a4
CG,Jashpur,Farsabahar,2,Shared: Eastern Plateau (Chhattisgarh) + Eastern Plateau (Chhotanagpur) & Eastern Ghats (Subhumid),#888888
CG,Jashpur,Jashpur,1,Eastern Plateau (Chhattisgarh),#97d5a4
CG,Jashpur,Kansabel,1,Eastern Plateau (Chhattisgarh),#97d5a4
CG,Jashpur,Kunkuri,1,Eastern Plateau (Chhattisgarh),#97d5a4
CG,Jashpur,Manora,1,Eastern Plateau (Chhattisgarh),#97d5a4
CG,Jashpur,Pathalgaon,1,Eastern Plateau (Chhattisgarh),#97d5a4
CG,Kabirdham,Bodla,2,"Shared: Central Highlands (Malwa–Bundelkhand, Subhumid Dry) + Eastern Plateau (Chhattisgarh)",#888888
CG,Kabirdham,Kawardha,1,Eastern Plateau (Chhattisgarh),#97d5a4
CG,Kabirdham,Pandariya,2,"Shared: Central Highlands (Malwa–Bundelkhand, Subhumid Dry) + Eastern Plateau (Chhattisgarh)",#888888
CG,Kabirdham,Sahaspur Lohara,1,Eastern Plateau (Chhattisgarh),#97d5a4
CG,Kanker,Antagarh,1,Eastern Plateau (Chhotanagpur) & Eastern Ghats (Subhumid),#5cb7aa
CG,Kanker,Bhanupratappur,1,Eastern Plateau (Chhotanagpur) & Eastern Ghats (Subhumid),#5cb7aa
CG,Kanker,Charama,2,Shared: Eastern Plateau (Chhattisgarh) + Eastern Plateau (Chhotanagpur) & Eastern Ghats (Subhumid),#888888
CG,Kanker,Durgkondal,2,Shared: Eastern Plateau (Chhattisgarh) + Eastern Plateau (Chhotanagpur) & Eastern Ghats (Subhumid),#888888
CG,Kanker,Kanker,1,Eastern Plateau (Chhotanagpur) & Eastern Ghats (Subhumid),#5cb7aa
CG,Kanker,Narharpur,2,Shared: Eastern Plateau (Chhattisgarh) + Eastern Plateau (Chhotanagpur) & Eastern Ghats (Subhumid),#888888
CG,Kanker,Pakhanjur,1,Eastern Plateau (Chhotanagpur) & Eastern Ghats (Subhumid),#5cb7aa
CG,Kondagaon,Bade Rajpur,1,Eastern Plateau (Chhotanagpur) & Eastern Ghats (Subhumid),#5cb7aa
CG,Kondagaon,Farasgaon,1,Eastern Plateau (Chhotanagpur) & Eastern Ghats (Subhumid),#5cb7aa
CG,Kondagaon,Keskal,1,Eastern Plateau (Chhotanagpur) & Eastern Ghats (Subhumid),#5cb7aa
CG,Kondagaon,Kondagaon,1,Eastern Plateau (Chhotanagpur) & Eastern Ghats (Subhumid),#5cb7aa
CG,Kondagaon,Makdi,1,Eastern Plateau (Chhotanagpur) & Eastern Ghats (Subhumid),#5cb7aa
CG,Korba,Kartala,1,Eastern Plateau (Chhattisgarh),#97d5a4
CG,Korba,Katghora,1,Eastern Plateau (Chhattisgarh),#97d5a4
CG,Korba,Korba,1,Eastern Plateau (Chhattisgarh),#97d5a4
CG,Korba,Pali,1,Eastern Plateau (Chhattisgarh),#97d5a4
CG,Korba,Poundi-Uproda,1,Eastern Plateau (Chhattisgarh),#97d5a4
CG,Korea,Baikunthpur,1,Eastern Plateau (Chhattisgarh),#97d5a4
CG,Korea,Bharatpur,2,"Shared: Central Highlands (Malwa–Bundelkhand, Subhumid Dry) + Eastern Plateau (Chhattisgarh)",#888888
CG,Korea,Khadganva,1,Eastern Plateau (Chhattisgarh),#97d5a4
CG,Korea,Manendragarh,2,"Shared: Central Highlands (Malwa–Bundelkhand, Subhumid Dry) + Eastern Plateau (Chhattisgarh)",#888888
CG,Korea,Sonhat,2,"Shared: Central Highlands (Malwa–Bundelkhand, Subhumid Dry) + Eastern Plateau (Chhattisgarh)",#888888
CG,Mahasamund,Bagbahra,2,Shared: Eastern Plateau (Chhattisgarh) + Eastern Plateau (Chhotanagpur) & Eastern Ghats (Subhumid),#888888
CG,Mahasamund,Basna,2,Shared: Eastern Plateau (Chhattisgarh) + Eastern Plateau (Chhotanagpur) & Eastern Ghats (Subhumid),#888888
CG,Mahasamund,Mahasamund,1,Eastern Plateau (Chhattisgarh),#97d5a4
CG,Mahasamund,Pithora,2,Shared: Eastern Plateau (Chhattisgarh) + Eastern Plateau (Chhotanagpur) & Eastern Ghats (Subhumid),#888888
CG,Mahasamund,Saraipali,2,Shared: Eastern Plateau (Chhattisgarh) + Eastern Plateau (Chhotanagpur) & Eastern Ghats (Subhumid),#888888
CG,Mungeli,Lormi,2,"Shared: Central Highlands (Malwa–Bundelkhand, Subhumid Dry) + Eastern Plateau (Chhattisgarh)",#888888
CG,Mungeli,Mungeli,1,Eastern Plateau (Chhattisgarh),#97d5a4
CG,Mungeli,Pathariya,1,Eastern Plateau (Chhattisgarh),#97d5a4
CG,Narayanpur,Narayanpur,1,Eastern Plateau (Chhotanagpur) & Eastern Ghats (Subhumid),#5cb7aa
CG,Narayanpur,Orchha,1,Eastern Plateau (Chhotanagpur) & Eastern Ghats (Subhumid),#5cb7aa
CG,Raigarh,Baramkela,2,Shared: Eastern Plateau (Chhattisgarh) + Eastern Plateau (Chhotanagpur) & Eastern Ghats (Subhumid),#888888
CG,Raigarh,Gharghoda,1,Eastern Plateau (Chhattisgarh),#97d5a4
CG,Raigarh,Kharsia,1,Eastern Plateau (Chhattisgarh),#97d5a4
CG,Raigarh,Lailunga,2,Shared: Eastern Plateau (Chhattisgarh) + Eastern Plateau (Chhotanagpur) & Eastern Ghats (Subhumid),#888888
CG,Raigarh,Pusour,2,Shared: Eastern Plateau (Chhattisgarh) + Eastern Plateau (Chhotanagpur) & Eastern Ghats (Subhumid),#888888
CG,Raigarh,Raigarh,2,Shared: Eastern Plateau (Chhattisgarh) + Eastern Plateau (Chhotanagpur) & Eastern Ghats (Subhumid),#888888
CG,Raigarh,Sarangarh,1,Eastern Plateau (Chhattisgarh),#97d5a4
CG,Raigarh,Tamnar,2,Shared: Eastern Plateau (Chhattisgarh) + Eastern Plateau (Chhotanagpur) & Eastern Ghats (Subhumid),#888888
CG,Raigarh,Udaipur (Dharamjaigarh),1,Eastern Plateau (Chhattisgarh),#97d5a4
CG,Raipur,Abhanpur,1,Eastern Plateau (Chhattisgarh),#97d5a4
CG,Raipur,Arang,1,Eastern Plateau (Chhattisgarh),#97d5a4
CG,Raipur,Raipur,1,Eastern Plateau (Chhattisgarh),#97d5a4
CG,Raipur,Tilda,1,Eastern Plateau (Chhattisgarh),#97d5a4
CG,Rajnandgaon,Ambagarh,3,"Shared: Central Highlands (Malwa–Bundelkhand, Subhumid Dry) + Eastern Plateau (Chhattisgarh) + Eastern Plateau (Chhotanagpur) & Eastern Ghats (Subhumid)",#888888
CG,Rajnandgaon,Chhuikhadan,2,"Shared: Central Highlands (Malwa–Bundelkhand, Subhumid Dry) + Eastern Plateau (Chhattisgarh)",#888888
CG,Rajnandgaon,Chhuriya,2,"Shared: Central Highlands (Malwa–Bundelkhand, Subhumid Dry) + Eastern Plateau (Chhattisgarh)",#888888
CG,Rajnandgaon,Dongargaon,1,Eastern Plateau (Chhattisgarh),#97d5a4
CG,Rajnandgaon,Dongargarh,2,"Shared: Central Highlands (Malwa–Bundelkhand, Subhumid Dry) + Eastern Plateau (Chhattisgarh)",#888888
CG,Rajnandgaon,Khairagarh,2,"Shared: Central Highlands (Malwa–Bundelkhand, Subhumid Dry) + Eastern Plateau (Chhattisgarh)",#888888
CG,Rajnandgaon,Manpur,2,Shared: Eastern Plateau (Chhattisgarh) + Eastern Plateau (Chhotanagpur) & Eastern Ghats (Subhumid),#888888
CG,Rajnandgaon,Mohla,2,Shared: Eastern Plateau (Chhattisgarh) + Eastern Plateau (Chhotanagpur) & Eastern Ghats (Subhumid),#888888
CG,Rajnandgaon,Rajnandgaon,1,Eastern Plateau (Chhattisgarh),#97d5a4
CG,Sukma,Chhindgarh,1,Eastern Plateau (Chhotanagpur) & Eastern Ghats (Subhumid),#5cb7aa
CG,Sukma,Konta,2,Shared: Deccan Plateau (Telangana) & Eastern Ghats (Semi-Arid) + Eastern Plateau (Chhotanagpur) & Eastern Ghats (Subhumid),#888888
CG,Sukma,Sukma,1,Eastern Plateau (Chhotanagpur) & Eastern Ghats (Subhumid),#5cb7aa
CG,Surajpur,Bhaiyathan,1,Eastern Plateau (Chhattisgarh),#97d5a4
CG,Surajpur,Oudgi,2,"Shared: Central Highlands (Malwa–Bundelkhand, Subhumid Dry) + Eastern Plateau (Chhattisgarh)",#888888
CG,Surajpur,Pratappur,1,Eastern Plateau (Chhattisgarh),#97d5a4
CG,Surajpur,Premnagar,1,Eastern Plateau (Chhattisgarh),#97d5a4
CG,Surajpur,Ramanujnagar,1,Eastern Plateau (Chhattisgarh),#97d5a4
CG,Surajpur,Surajpur,1,Eastern Plateau (Chhattisgarh),#97d5a4
CG,Surguja,Ambikapur,1,Eastern Plateau (Chhattisgarh),#97d5a4
CG,Surguja,Batouli,1,Eastern Plateau (Chhattisgarh),#97d5a4
CG,Surguja,Lakhanpur,1,Eastern Plateau (Chhattisgarh),#97d5a4
CG,Surguja,Lundra,1,Eastern Plateau (Chhattisgarh),#97d5a4
CG,Surguja,Mainpat,1,Eastern Plateau (Chhattisgarh),#97d5a4
CG,Surguja,Sitapur,1,Eastern Plateau (Chhattisgarh),#97d5a4
CG,Surguja,Udaypur,1,Eastern Plateau (Chhattisgarh),#97d5a4
KA,Bagalkote,Badami,2,Shared: Deccan Plateau (Semi-Arid) + Karnataka Plateau (incl. Rayalaseema),#888888
KA,Bagalkote,Bagalkot,1,Karnataka Plateau (incl. Rayalaseema),#3682ba
KA,Bagalkote,Bilgi,1,Karnataka Plateau (incl. Rayalaseema),#3682ba
KA,Bagalkote,Guledgudda,1,Karnataka Plateau (incl. Rayalaseema),#3682ba
KA,Bagalkote,Hungund,1,Karnataka Plateau (incl. Rayalaseema),#3682ba
KA,Bagalkote,Ilkal,2,Shared: Deccan Plateau (Semi-Arid) + Karnataka Plateau (incl. Rayalaseema),#888888
KA,Bagalkote,Jamkhandi,2,Shared: Deccan Plateau (Semi-Arid) + Karnataka Plateau (incl. Rayalaseema),#888888
KA,Bagalkote,Mudhol,2,Shared: Deccan Plateau (Semi-Arid) + Karnataka Plateau (incl. Rayalaseema),#888888
KA,Bagalkote,Rabakavi Banahatti,2,Shared: Deccan Plateau (Semi-Arid) + Karnataka Plateau (incl. Rayalaseema),#888888
KA,Ballari,Ballari,2,Shared: Deccan Plateau (Telangana) & Eastern Ghats (Semi-Arid) + Karnataka Plateau (incl. Rayalaseema),#888888
KA,Ballari,Hadagalli,2,Shared: Deccan Plateau (Semi-Arid) + Karnataka Plateau (incl. Rayalaseema),#888888
KA,Ballari,Hagaribommanahalli,1,Karnataka Plateau (incl. Rayalaseema),#3682ba
KA,Ballari,Hosapete,1,Karnataka Plateau (incl. Rayalaseema),#3682ba
KA,Ballari,Kampli,1,Karnataka Plateau (incl. Rayalaseema),#3682ba
KA,Ballari,Kotturu,1,Karnataka Plateau (incl. Rayalaseema),#3682ba
KA,Ballari,Kudligi,1,Karnataka Plateau (incl. Rayalaseema),#3682ba
KA,Ballari,Kurugodu,1,Karnataka Plateau (incl. Rayalaseema),#3682ba
KA,Ballari,Sandur,1,Karnataka Plateau (incl. Rayalaseema),#3682ba
KA,Ballari,Siruguppa,3,Shared: Deccan Plateau (Telangana) & Eastern Ghats (Semi-Arid) + Deccan Plateau (Semi-Arid) + Karnataka Plateau (incl. Rayalaseema),#888888
KA,Belagavi,Athni,2,Shared: Deccan Plateau (Semi-Arid) + Karnataka Plateau (incl. Rayalaseema),#888888
KA,Belagavi,Bailahongala,1,Deccan Plateau (Semi-Arid),#fa9b58
KA,Belagavi,Belagavi,2,Shared: Deccan Plateau (Semi-Arid) + Western Ghats & Coastal Plain (Humid–Perhumid),#888888
KA,Belagavi,Chikodi,1,Deccan Plateau (Semi-Arid),#fa9b58
KA,Belagavi,Gokak,1,Deccan Plateau (Semi-Arid),#fa9b58
KA,Belagavi,Hukeri,1,Deccan Plateau (Semi-Arid),#fa9b58
KA,Belagavi,Kagwad,1,Deccan Plateau (Semi-Arid),#fa9b58
KA,Belagavi,Khanapur,2,Shared: Deccan Plateau (Semi-Arid) + Western Ghats & Coastal Plain (Humid–Perhumid),#888888
KA,Belagavi,Kittur,1,Deccan Plateau (Semi-Arid),#fa9b58
KA,Belagavi,Mudalgi,2,Shared: Deccan Plateau (Semi-Arid) + Karnataka Plateau (incl. Rayalaseema),#888888
KA,Belagavi,Nippani,1,Deccan Plateau (Semi-Arid),#fa9b58
KA,Belagavi,Ramdurg,2,Shared: Deccan Plateau (Semi-Arid) + Karnataka Plateau (incl. Rayalaseema),#888888
KA,Belagavi,Raybag,2,Shared: Deccan Plateau (Semi-Arid) + Karnataka Plateau (incl. Rayalaseema),#888888
KA,Belagavi,Savadatti,1,Deccan Plateau (Semi-Arid),#fa9b58
KA,Bengaluru Rural,Devanahalli,1,"Eastern Ghats, TN Uplands & Deccan (Karnataka) Plateau (Semi-Arid)",#f4faad
KA,Bengaluru Rural,Dodda Ballapur,1,"Eastern Ghats, TN Uplands & Deccan (Karnataka) Plateau (Semi-Arid)",#f4faad
KA,Bengaluru Rural,Hosakote,1,"Eastern Ghats, TN Uplands & Deccan (Karnataka) Plateau (Semi-Arid)",#f4faad
KA,Bengaluru Rural,Nelamangala,1,"Eastern Ghats, TN Uplands & Deccan (Karnataka) Plateau (Semi-Arid)",#f4faad
KA,Bengaluru Urban,Anekal,1,"Eastern Ghats, TN Uplands & Deccan (Karnataka) Plateau (Semi-Arid)",#f4faad
KA,Bengaluru Urban,Area Not Under Any Sub-district,1,"Eastern Ghats, TN Uplands & Deccan (Karnataka) Plateau (Semi-Arid)",#f4faad
KA,Bengaluru Urban,Bengaluru East,1,"Eastern Ghats, TN Uplands & Deccan (Karnataka) Plateau (Semi-Arid)",#f4faad
KA,Bengaluru Urban,Bengaluru North,1,"Eastern Ghats, TN Uplands & Deccan (Karnataka) Plateau (Semi-Arid)",#f4faad
KA,Bengaluru Urban,Bengaluru South,1,"Eastern Ghats, TN Uplands & Deccan (Karnataka) Plateau (Semi-Arid)",#f4faad
KA,Bengaluru Urban,Yelahanka,1,"Eastern Ghats, TN Uplands & Deccan (Karnataka) Plateau (Semi-Arid)",#f4faad
KA,Bidar,Aurad,2,Shared: Deccan Plateau (Telangana) & Eastern Ghats (Semi-Arid) + Deccan Plateau (Semi-Arid),#888888
KA,Bidar,Basavakalyan,1,Deccan Plateau (Semi-Arid),#fa9b58
KA,Bidar,Bhalki,1,Deccan Plateau (Semi-Arid),#fa9b58
KA,Bidar,Bidar,2,Shared: Deccan Plateau (Telangana) & Eastern Ghats (Semi-Arid) + Deccan Plateau (Semi-Arid),#888888
KA,Bidar,Chitaguppa,2,Shared: Deccan Plateau (Telangana) & Eastern Ghats (Semi-Arid) + Deccan Plateau (Semi-Arid),#888888
KA,Bidar,Homnabad,1,Deccan Plateau (Semi-Arid),#fa9b58
KA,Bidar,Hulsoor,1,Deccan Plateau (Semi-Arid),#fa9b58
KA,Bidar,Kamalnagar,1,Deccan Plateau (Semi-Arid),#fa9b58
KA,Chamarajanagara,Chamarajanagar,1,"Eastern Ghats, TN Uplands & Deccan (Karnataka) Plateau (Semi-Arid)",#f4faad
KA,Chamarajanagara,Gundlupet,2,"Shared: Eastern Ghats, TN Uplands & Deccan (Karnataka) Plateau (Semi-Arid) + Western Ghats & Coastal Plain (Humid–Perhumid)",#888888
KA,Chamarajanagara,Hanur,1,"Eastern Ghats, TN Uplands & Deccan (Karnataka) Plateau (Semi-Arid)",#f4faad
KA,Chamarajanagara,Kollegal,1,"Eastern Ghats, TN Uplands & Deccan (Karnataka) Plateau (Semi-Arid)",#f4faad
KA,Chamarajanagara,Yelandur,1,"Eastern Ghats, TN Uplands & Deccan (Karnataka) Plateau (Semi-Arid)",#f4faad
KA,Chikkaballapura,Bagepalli,2,"Shared: Eastern Ghats, TN Uplands & Deccan (Karnataka) Plateau (Semi-Arid) + Karnataka Plateau (incl. Rayalaseema)",#888888
KA,Chikkaballapura,Chikkaballapura,1,"Eastern Ghats, TN Uplands & Deccan (Karnataka) Plateau (Semi-Arid)",#f4faad
KA,Chikkaballapura,Chintamani,1,"Eastern Ghats, TN Uplands & Deccan (Karnataka) Plateau (Semi-Arid)",#f4faad
KA,Chikkaballapura,Gauribidanur,2,"Shared: Eastern Ghats, TN Uplands & Deccan (Karnataka) Plateau (Semi-Arid) + Karnataka Plateau (incl. Rayalaseema)",#888888
KA,Chikkaballapura,Gudibanda,2,"Shared: Eastern Ghats, TN Uplands & Deccan (Karnataka) Plateau (Semi-Arid) + Karnataka Plateau (incl. Rayalaseema)",#888888
KA,Chikkaballapura,Sidlaghatta,1,"Eastern Ghats, TN Uplands & Deccan (Karnataka) Plateau (Semi-Arid)",#f4faad
KA,Chikkamagaluru,Ajjampura,1,"Eastern Ghats, TN Uplands & Deccan (Karnataka) Plateau (Semi-Arid)",#f4faad
KA,Chikkamagaluru,Chikkamagaluru,2,"Shared: Eastern Ghats, TN Uplands & Deccan (Karnataka) Plateau (Semi-Arid) + Western Ghats & Coastal Plain (Humid–Perhumid)",#888888
KA,Chikkamagaluru,Kadur,1,"Eastern Ghats, TN Uplands & Deccan (Karnataka) Plateau (Semi-Arid)",#f4faad
KA,Chikkamagaluru,Koppa,1,Western Ghats & Coastal Plain (Humid–Perhumid),#5e4fa2
KA,Chikkamagaluru,Mudigere,1,Western Ghats & Coastal Plain (Humid–Perhumid),#5e4fa2
KA,Chikkamagaluru,Narasimharajapura,2,"Shared: Eastern Ghats, TN Uplands & Deccan (Karnataka) Plateau (Semi-Arid) + Western Ghats & Coastal Plain (Humid–Perhumid)",#888888
KA,Chikkamagaluru,Sringeri,1,Western Ghats & Coastal Plain (Humid–Perhumid),#5e4fa2
KA,Chikkamagaluru,Tarikere,2,"Shared: Eastern Ghats, TN Uplands & Deccan (Karnataka) Plateau (Semi-Arid) + Western Ghats & Coastal Plain (Humid–Perhumid)",#888888
KA,Chitradurga,Challakere,2,"Shared: Eastern Ghats, TN Uplands & Deccan (Karnataka) Plateau (Semi-Arid) + Karnataka Plateau (incl. Rayalaseema)",#888888
KA,Chitradurga,Chitradurga,2,"Shared: Eastern Ghats, TN Uplands & Deccan (Karnataka) Plateau (Semi-Arid) + Karnataka Plateau (incl. Rayalaseema)",#888888
KA,Chitradurga,Hiriyur,2,"Shared: Eastern Ghats, TN Uplands & Deccan (Karnataka) Plateau (Semi-Arid) + Karnataka Plateau (incl. Rayalaseema)",#888888
KA,Chitradurga,Holalkere,1,"Eastern Ghats, TN Uplands & Deccan (Karnataka) Plateau (Semi-Arid)",#f4faad
KA,Chitradurga,Hosdurga,1,"Eastern Ghats, TN Uplands & Deccan (Karnataka) Plateau (Semi-Arid)",#f4faad
KA,Chitradurga,Molakalmuru,1,Karnataka Plateau (incl. Rayalaseema),#3682ba
KA,Dakshina Kannada,Bantval,1,Western Ghats & Coastal Plain (Humid–Perhumid),#5e4fa2
KA,Dakshina Kannada,Beltangadi,1,Western Ghats & Coastal Plain (Humid–Perhumid),#5e4fa2
KA,Dakshina Kannada,Kadaba,1,Western Ghats & Coastal Plain (Humid–Perhumid),#5e4fa2
KA,Dakshina Kannada,Mangaluru,1,Western Ghats & Coastal Plain (Humid–Perhumid),#5e4fa2
KA,Dakshina Kannada,Moodubidire,1,Western Ghats & Coastal Plain (Humid–Perhumid),#5e4fa2
KA,Dakshina Kannada,Puttur,1,Western Ghats & Coastal Plain (Humid–Perhumid),#5e4fa2
KA,Dakshina Kannada,Sulya,1,Western Ghats & Coastal Plain (Humid–Perhumid),#5e4fa2
KA,Davangere,Channagiri,1,"Eastern Ghats, TN Uplands & Deccan (Karnataka) Plateau (Semi-Arid)",#f4faad
KA,Davangere,Davanagere,1,"Eastern Ghats, TN Uplands & Deccan (Karnataka) Plateau (Semi-Arid)",#f4faad
KA,Davangere,Harapanahalli,3,"Shared: Deccan Plateau (Semi-Arid) + Eastern Ghats, TN Uplands & Deccan (Karnataka) Plateau (Semi-Arid) + Karnataka Plateau (incl. Rayalaseema)",#888888
KA,Davangere,Harihar,2,"Shared: Deccan Plateau (Semi-Arid) + Eastern Ghats, TN Uplands & Deccan (Karnataka) Plateau (Semi-Arid)",#888888
KA,Davangere,Honnali,1,"Eastern Ghats, TN Uplands & Deccan (Karnataka) Plateau (Semi-Arid)",#f4faad
KA,Davangere,Jagalur,2,"Shared: Eastern Ghats, TN Uplands & Deccan (Karnataka) Plateau (Semi-Arid) + Karnataka Plateau (incl. Rayalaseema)",#888888
KA,Davangere,Nyamathi,2,"Shared: Eastern Ghats, TN Uplands & Deccan (Karnataka) Plateau (Semi-Arid) + Western Ghats & Coastal Plain (Humid–Perhumid)",#888888
KA,Dharwad,Alnavar,1,Deccan Plateau (Semi-Arid),#fa9b58
KA,Dharwad,Annigeri,1,Deccan Plateau (Semi-Arid),#fa9b58
KA,Dharwad,Dharwad,1,Deccan Plateau (Semi-Arid),#fa9b58
KA,Dharwad,Hubballi,1,Deccan Plateau (Semi-Arid),#fa9b58
KA,Dharwad,Hubballi Urban,1,Deccan Plateau (Semi-Arid),#fa9b58
KA,Dharwad,Kalghatgi,1,Deccan Plateau (Semi-Arid),#fa9b58
KA,Dharwad,Kundgol,1,Deccan Plateau (Semi-Arid),#fa9b58
KA,Dharwad,Navalgund,1,Deccan Plateau (Semi-Arid),#fa9b58
KA,Gadag,Gadag,2,Shared: Deccan Plateau (Semi-Arid) + Karnataka Plateau (incl. Rayalaseema),#888888
KA,Gadag,Gajendragad,1,Karnataka Plateau (incl. Rayalaseema),#3682ba
KA,Gadag,Laxmeshwar,1,Deccan Plateau (Semi-Arid),#fa9b58
KA,Gadag,Mundargi,2,Shared: Deccan Plateau (Semi-Arid) + Karnataka Plateau (incl. Rayalaseema),#888888
KA,Gadag,Nargund,1,Deccan Plateau (Semi-Arid),#fa9b58
KA,Gadag,Ron,2,Shared: Deccan Plateau (Semi-Arid) + Karnataka Plateau (incl. Rayalaseema),#888888
KA,Gadag,Shirhatti,1,Deccan Plateau (Semi-Arid),#fa9b58
KA,Hassan,Alur,2,"Shared: Eastern Ghats, TN Uplands & Deccan (Karnataka) Plateau (Semi-Arid) + Western Ghats & Coastal Plain (Humid–Perhumid)",#888888
KA,Hassan,Arkalgud,2,"Shared: Eastern Ghats, TN Uplands & Deccan (Karnataka) Plateau (Semi-Arid) + Western Ghats & Coastal Plain (Humid–Perhumid)",#888888
KA,Hassan,Arsikere,1,"Eastern Ghats, TN Uplands & Deccan (Karnataka) Plateau (Semi-Arid)",#f4faad
KA,Hassan,Belur,2,"Shared: Eastern Ghats, TN Uplands & Deccan (Karnataka) Plateau (Semi-Arid) + Western Ghats & Coastal Plain (Humid–Perhumid)",#888888
KA,Hassan,Channarayapatna,1,"Eastern Ghats, TN Uplands & Deccan (Karnataka) Plateau (Semi-Arid)",#f4faad
KA,Hassan,Hassan,1,"Eastern Ghats, TN Uplands & Deccan (Karnataka) Plateau (Semi-Arid)",#f4faad
KA,Hassan,Hole Narsipur,1,"Eastern Ghats, TN Uplands & Deccan (Karnataka) Plateau (Semi-Arid)",#f4faad
KA,Hassan,Sakleshpur,1,Western Ghats & Coastal Plain (Humid–Perhumid),#5e4fa2
KA,Haveri,Byadgi,1,Deccan Plateau (Semi-Arid),#fa9b58
KA,Haveri,Hangal,1,Deccan Plateau (Semi-Arid),#fa9b58
KA,Haveri,Haveri,1,Deccan Plateau (Semi-Arid),#fa9b58
KA,Haveri,Hirekerur,2,"Shared: Deccan Plateau (Semi-Arid) + Eastern Ghats, TN Uplands & Deccan (Karnataka) Plateau (Semi-Arid)",#888888
KA,Haveri,Ranibennur,2,"Shared: Deccan Plateau (Semi-Arid) + Eastern Ghats, TN Uplands & Deccan (Karnataka) Plateau (Semi-Arid)",#888888
KA,Haveri,Rattihalli,2,"Shared: Deccan Plateau (Semi-Arid) + Eastern Ghats, TN Uplands & Deccan (Karnataka) Plateau (Semi-Arid)",#888888
KA,Haveri,Savanur,1,Deccan Plateau (Semi-Arid),#fa9b58
KA,Haveri,Shiggaon,1,Deccan Plateau (Semi-Arid),#fa9b58
KA,Kalaburagi,Afzalpur,1,Deccan Plateau (Semi-Arid),#fa9b58
KA,Kalaburagi,Aland,1,Deccan Plateau (Semi-Arid),#fa9b58
KA,Kalaburagi,Chincholi,2,Shared: Deccan Plateau (Telangana) & Eastern Ghats (Semi-Arid) + Deccan Plateau (Semi-Arid),#888888
KA,Kalaburagi,Chittapur,1,Deccan Plateau (Semi-Arid),#fa9b58
KA,Kalaburagi,Jevargi,1,Deccan Plateau (Semi-Arid),#fa9b58
KA,Kalaburagi,Kalaburagi,1,Deccan Plateau (Semi-Arid),#fa9b58
KA,Kalaburagi,Kalagi,1,Deccan Plateau (Semi-Arid),#fa9b58
KA,Kalaburagi,Kamalapur,1,Deccan Plateau (Semi-Arid),#fa9b58
KA,Kalaburagi,Sedam,2,Shared: Deccan Plateau (Telangana) & Eastern Ghats (Semi-Arid) + Deccan Plateau (Semi-Arid),#888888
KA,Kalaburagi,Shahabad,1,Deccan Plateau (Semi-Arid),#fa9b58
KA,Kalaburagi,Yadrami,1,Deccan Plateau (Semi-Arid),#fa9b58
KA,Kodagu,Madikeri,1,Western Ghats & Coastal Plain (Humid–Perhumid),#5e4fa2
KA,Kodagu,Somvarpet,2,"Shared: Eastern Ghats, TN Uplands & Deccan (Karnataka) Plateau (Semi-Arid) + Western Ghats & Coastal Plain (Humid–Perhumid)",#888888
KA,Kodagu,Virajpet,2,"Shared: Eastern Ghats, TN Uplands & Deccan (Karnataka) Plateau (Semi-Arid) + Western Ghats & Coastal Plain (Humid–Perhumid)",#888888
KA,Kolar,Bangarapet,1,"Eastern Ghats, TN Uplands & Deccan (Karnataka) Plateau (Semi-Arid)",#f4faad
KA,Kolar,Kolar,1,"Eastern Ghats, TN Uplands & Deccan (Karnataka) Plateau (Semi-Arid)",#f4faad
KA,Kolar,Kolar Gold Field,1,"Eastern Ghats, TN Uplands & Deccan (Karnataka) Plateau (Semi-Arid)",#f4faad
KA,Kolar,Malur,1,"Eastern Ghats, TN Uplands & Deccan (Karnataka) Plateau (Semi-Arid)",#f4faad
KA,Kolar,Mulbagal,1,"Eastern Ghats, TN Uplands & Deccan (Karnataka) Plateau (Semi-Arid)",#f4faad
KA,Kolar,Srinivaspur,1,"Eastern Ghats, TN Uplands & Deccan (Karnataka) Plateau (Semi-Arid)",#f4faad
KA,Koppal,Gangawati,1,Karnataka Plateau (incl. Rayalaseema),#3682ba
KA,Koppal,Kanakagiri,2,Shared: Deccan Plateau (Semi-Arid) + Karnataka Plateau (incl. Rayalaseema),#888888
KA,Koppal,Karatagi,2,Shared: Deccan Plateau (Semi-Arid) + Karnataka Plateau (incl. Rayalaseema),#888888
KA,Koppal,Koppal,1,Karnataka Plateau (incl. Rayalaseema),#3682ba
KA,Koppal,Kukunoor,2,Shared: Deccan Plateau (Semi-Arid) + Karnataka Plateau (incl. Rayalaseema),#888888
KA,Koppal,Kushtagi,2,Shared: Deccan Plateau (Semi-Arid) + Karnataka Plateau (incl. Rayalaseema),#888888
KA,Koppal,Yelbarga,1,Karnataka Plateau (incl. Rayalaseema),#3682ba
KA,Mandya,Krishnarajpet,1,"Eastern Ghats, TN Uplands & Deccan (Karnataka) Plateau (Semi-Arid)",#f4faad
KA,Mandya,Maddur,1,"Eastern Ghats, TN Uplands & Deccan (Karnataka) Plateau (Semi-Arid)",#f4faad
KA,Mandya,Malavalli,1,"Eastern Ghats, TN Uplands & Deccan (Karnataka) Plateau (Semi-Arid)",#f4faad
KA,Mandya,Mandya,1,"Eastern Ghats, TN Uplands & Deccan (Karnataka) Plateau (Semi-Arid)",#f4faad
KA,Mandya,Nagamangala,1,"Eastern Ghats, TN Uplands & Deccan (Karnataka) Plateau (Semi-Arid)",#f4faad
KA,Mandya,Pandavapura,1,"Eastern Ghats, TN Uplands & Deccan (Karnataka) Plateau (Semi-Arid)",#f4faad
KA,Mandya,Shrirangapattana,1,"Eastern Ghats, TN Uplands & Deccan (Karnataka) Plateau (Semi-Arid)",#f4faad
KA,Mysuru,Heggadadevankote,2,"Shared: Eastern Ghats, TN Uplands & Deccan (Karnataka) Plateau (Semi-Arid) + Western Ghats & Coastal Plain (Humid–Perhumid)",#888888
KA,Mysuru,Hunsur,1,"Eastern Ghats, TN Uplands & Deccan (Karnataka) Plateau (Semi-Arid)",#f4faad
KA,Mysuru,Krishnarajanagara,1,"Eastern Ghats, TN Uplands & Deccan (Karnataka) Plateau (Semi-Arid)",#f4faad
KA,Mysuru,Mysuru,1,"Eastern Ghats, TN Uplands & Deccan (Karnataka) Plateau (Semi-Arid)",#f4faad
KA,Mysuru,Nanjangud,1,"Eastern Ghats, TN Uplands & Deccan (Karnataka) Plateau (Semi-Arid)",#f4faad
KA,Mysuru,Piriyapatna,2,"Shared: Eastern Ghats, TN Uplands & Deccan (Karnataka) Plateau (Semi-Arid) + Western Ghats & Coastal Plain (Humid–Perhumid)",#888888
KA,Mysuru,Saraguru,1,"Eastern Ghats, TN Uplands & Deccan (Karnataka) Plateau (Semi-Arid)",#f4faad
KA,Mysuru,Tirumakudal - Narsipur,1,"Eastern Ghats, TN Uplands & Deccan (Karnataka) Plateau (Semi-Arid)",#f4faad
KA,Raichur,Devadurga,1,Deccan Plateau (Semi-Arid),#fa9b58
KA,Raichur,Lingsugur,2,Shared: Deccan Plateau (Semi-Arid) + Karnataka Plateau (incl. Rayalaseema),#888888
KA,Raichur,Manvi,2,Shared: Deccan Plateau (Telangana) & Eastern Ghats (Semi-Arid) + Deccan Plateau (Semi-Arid),#888888
KA,Raichur,Maski,1,Deccan Plateau (Semi-Arid),#fa9b58
KA,Raichur,Raichur,2,Shared: Deccan Plateau (Telangana) & Eastern Ghats (Semi-Arid) + Deccan Plateau (Semi-Arid),#888888
KA,Raichur,Sindhnur,2,Shared: Deccan Plateau (Semi-Arid) + Karnataka Plateau (incl. Rayalaseema),#888888
KA,Raichur,Sirwar,2,Shared: Deccan Plateau (Telangana) & Eastern Ghats (Semi-Arid) + Deccan Plateau (Semi-Arid),#888888
KA,Ramanagara,Channapatna,1,"Eastern Ghats, TN Uplands & Deccan (Karnataka) Plateau (Semi-Arid)",#f4faad
KA,Ramanagara,Kanakapura,1,"Eastern Ghats, TN Uplands & Deccan (Karnataka) Plateau (Semi-Arid)",#f4faad
KA,Ramanagara,Magadi,1,"Eastern Ghats, TN Uplands & Deccan (Karnataka) Plateau (Semi-Arid)",#f4faad
KA,Ramanagara,Ramanagara,1,"Eastern Ghats, TN Uplands & Deccan (Karnataka) Plateau (Semi-Arid)",#f4faad
KA,Shivamogga,Bhadravati,2,"Shared: Eastern Ghats, TN Uplands & Deccan (Karnataka) Plateau (Semi-Arid) + Western Ghats & Coastal Plain (Humid–Perhumid)",#888888
KA,Shivamogga,Hosanagara,1,Western Ghats & Coastal Plain (Humid–Perhumid),#5e4fa2
KA,Shivamogga,Sagar,1,Western Ghats & Coastal Plain (Humid–Perhumid),#5e4fa2
KA,Shivamogga,Shikarpur,3,"Shared: Deccan Plateau (Semi-Arid) + Eastern Ghats, TN Uplands & Deccan (Karnataka) Plateau (Semi-Arid) + Western Ghats & Coastal Plain (Humid–Perhumid)",#888888
KA,Shivamogga,Shivamogga,2,"Shared: Eastern Ghats, TN Uplands & Deccan (Karnataka) Plateau (Semi-Arid) + Western Ghats & Coastal Plain (Humid–Perhumid)",#888888
KA,Shivamogga,Sorab,3,"Shared: Deccan Plateau (Semi-Arid) + Eastern Ghats, TN Uplands & Deccan (Karnataka) Plateau (Semi-Arid) + Western Ghats & Coastal Plain (Humid–Perhumid)",#888888
KA,Shivamogga,Tirthahalli,1,Western Ghats & Coastal Plain (Humid–Perhumid),#5e4fa2
KA,Tumakuru,Chiknayakanhalli,1,"Eastern Ghats, TN Uplands & Deccan (Karnataka) Plateau (Semi-Arid)",#f4faad
KA,Tumakuru,Gubbi,1,"Eastern Ghats, TN Uplands & Deccan (Karnataka) Plateau (Semi-Arid)",#f4faad
KA,Tumakuru,Koratagere,1,"Eastern Ghats, TN Uplands & Deccan (Karnataka) Plateau (Semi-Arid)",#f4faad
KA,Tumakuru,Kunigal,1,"Eastern Ghats, TN Uplands & Deccan (Karnataka) Plateau (Semi-Arid)",#f4faad
KA,Tumakuru,Madhugiri,2,"Shared: Eastern Ghats, TN Uplands & Deccan (Karnataka) Plateau (Semi-Arid) + Karnataka Plateau (incl. Rayalaseema)",#888888
KA,Tumakuru,Pavagada,1,Karnataka Plateau (incl. Rayalaseema),#3682ba
KA,Tumakuru,Sira,2,"Shared: Eastern Ghats, TN Uplands & Deccan (Karnataka) Plateau (Semi-Arid) + Karnataka Plateau (incl. Rayalaseema)",#888888
KA,Tumakuru,Tiptur,1,"Eastern Ghats, TN Uplands & Deccan (Karnataka) Plateau (Semi-Arid)",#f4faad
KA,Tumakuru,Tumakuru,1,"Eastern Ghats, TN Uplands & Deccan (Karnataka) Plateau (Semi-Arid)",#f4faad
KA,Tumakuru,Turuvekere,1,"Eastern Ghats, TN Uplands & Deccan (Karnataka) Plateau (Semi-Arid)",#f4faad
KA,Udupi,Bainduru,1,Western Ghats & Coastal Plain (Humid–Perhumid),#5e4fa2
KA,Udupi,Brahmavara,1,Western Ghats & Coastal Plain (Humid–Perhumid),#5e4fa2
KA,Udupi,Hebri,1,Western Ghats & Coastal Plain (Humid–Perhumid),#5e4fa2
KA,Udupi,Kapu,1,Western Ghats & Coastal Plain (Humid–Perhumid),#5e4fa2
KA,Udupi,Karkal,1,Western Ghats & Coastal Plain (Humid–Perhumid),#5e4fa2
KA,Udupi,Kundapura,1,Western Ghats & Coastal Plain (Humid–Perhumid),#5e4fa2
KA,Udupi,Udupi,1,Western Ghats & Coastal Plain (Humid–Perhumid),#5e4fa2
KA,Uttara Kannada,Ankola,1,Western Ghats & Coastal Plain (Humid–Perhumid),#5e4fa2
KA,Uttara Kannada,Bhatkal,1,Western Ghats & Coastal Plain (Humid–Perhumid),#5e4fa2
KA,Uttara Kannada,Dandeli,2,Shared: Deccan Plateau (Semi-Arid) + Western Ghats & Coastal Plain (Humid–Perhumid),#888888
KA,Uttara Kannada,Haliyal,1,Deccan Plateau (Semi-Arid),#fa9b58
KA,Uttara Kannada,Honavar,1,Western Ghats & Coastal Plain (Humid–Perhumid),#5e4fa2
KA,Uttara Kannada,Karwar,1,Western Ghats & Coastal Plain (Humid–Perhumid),#5e4fa2
KA,Uttara Kannada,Kumta,1,Western Ghats & Coastal Plain (Humid–Perhumid),#5e4fa2
KA,Uttara Kannada,Mundgod,1,Deccan Plateau (Semi-Arid),#fa9b58
KA,Uttara Kannada,Siddapur,1,Western Ghats & Coastal Plain (Humid–Perhumid),#5e4fa2
KA,Uttara Kannada,Sirsi,2,Shared: Deccan Plateau (Semi-Arid) + Western Ghats & Coastal Plain (Humid–Perhumid),#888888
KA,Uttara Kannada,Supa,2,Shared: Deccan Plateau (Semi-Arid) + Western Ghats & Coastal Plain (Humid–Perhumid),#888888
KA,Uttara Kannada,Yellapur,2,Shared: Deccan Plateau (Semi-Arid) + Western Ghats & Coastal Plain (Humid–Perhumid),#888888
KA,Vijayapura,Babaleshwar,1,Karnataka Plateau (incl. Rayalaseema),#3682ba
KA,Vijayapura,Basavana Bagevadi,2,Shared: Deccan Plateau (Semi-Arid) + Karnataka Plateau (incl. Rayalaseema),#888888
KA,Vijayapura,Chadachan,1,Deccan Plateau (Semi-Arid),#fa9b58
KA,Vijayapura,Devara Hipparagi,1,Deccan Plateau (Semi-Arid),#fa9b58
KA,Vijayapura,Indi,1,Deccan Plateau (Semi-Arid),#fa9b58
KA,Vijayapura,Kolhar,1,Karnataka Plateau (incl. Rayalaseema),#3682ba
KA,Vijayapura,Muddebihal,2,Shared: Deccan Plateau (Semi-Arid) + Karnataka Plateau (incl. Rayalaseema),#888888
KA,Vijayapura,Nidagundi,1,Karnataka Plateau (incl. Rayalaseema),#3682ba
KA,Vijayapura,Sindgi,1,Deccan Plateau (Semi-Arid),#fa9b58
KA,Vijayapura,Talikoti,1,Deccan Plateau (Semi-Arid),#fa9b58
KA,Vijayapura,Tikota,2,Shared: Deccan Plateau (Semi-Arid) + Karnataka Plateau (incl. Rayalaseema),#888888
KA,Vijayapura,Vijayapura,2,Shared: Deccan Plateau (Semi-Arid) + Karnataka Plateau (incl. Rayalaseema),#888888
KA,Yadgir,Gurumitkal,2,Shared: Deccan Plateau (Telangana) & Eastern Ghats (Semi-Arid) + Deccan Plateau (Semi-Arid),#888888
KA,Yadgir,Hunasagi,1,Deccan Plateau (Semi-Arid),#fa9b58
KA,Yadgir,Shahpur,1,Deccan Plateau (Semi-Arid),#fa9b58
KA,Yadgir,Shorapur,1,Deccan Plateau (Semi-Arid),#fa9b58
KA,Yadgir,Wadagera,2,Shared: Deccan Plateau (Telangana) & Eastern Ghats (Semi-Arid) + Deccan Plateau (Semi-Arid),#888888
KA,Yadgir,Yadgir,2,Shared: Deccan Plateau (Telangana) & Eastern Ghats (Semi-Arid) + Deccan Plateau (Semi-Arid),#888888
MH,Ahmednagar,Akola,2,Shared: Deccan Plateau (Semi-Arid) + Western Ghats & Coastal Plain (Humid–Perhumid),#888888
MH,Ahmednagar,Jamkhed,1,Deccan Plateau (Semi-Arid),#fa9b58
MH,Ahmednagar,Karjat,1,Deccan Plateau (Semi-Arid),#fa9b58
MH,Ahmednagar,Kopargaon,1,Deccan Plateau (Semi-Arid),#fa9b58
MH,Ahmednagar,Nagar,1,Deccan Plateau (Semi-Arid),#fa9b58
MH,Ahmednagar,Nevasa,1,Deccan Plateau (Semi-Arid),#fa9b58
MH,Ahmednagar,Parner,1,Deccan Plateau (Semi-Arid),#fa9b58
MH,Ahmednagar,Pathardi,1,Deccan Plateau (Semi-Arid),#fa9b58
MH,Ahmednagar,Rahta,1,Deccan Plateau (Semi-Arid),#fa9b58
MH,Ahmednagar,Rahuri,1,Deccan Plateau (Semi-Arid),#fa9b58
MH,Ahmednagar,Sangamner,1,Deccan Plateau (Semi-Arid),#fa9b58
MH,Ahmednagar,Shevgaon,1,Deccan Plateau (Semi-Arid),#fa9b58
MH,Ahmednagar,Shrigonda,1,Deccan Plateau (Semi-Arid),#fa9b58
MH,Ahmednagar,Shrirampur,1,Deccan Plateau (Semi-Arid),#fa9b58
MH,Akola,Akola,1,Deccan Plateau (Semi-Arid),#fa9b58
MH,Akola,Akot,1,Deccan Plateau (Semi-Arid),#fa9b58
MH,Akola,Balapur,1,Deccan Plateau (Semi-Arid),#fa9b58
MH,Akola,Barshitakli,1,Deccan Plateau (Semi-Arid),#fa9b58
MH,Akola,Murtijapur,1,Deccan Plateau (Semi-Arid),#fa9b58
MH,Akola,Patur,1,Deccan Plateau (Semi-Arid),#fa9b58
MH,Akola,Telhara,1,Deccan Plateau (Semi-Arid),#fa9b58
MH,Amravati,Achalpur,1,Deccan Plateau (Semi-Arid),#fa9b58
MH,Amravati,Amravati,1,Deccan Plateau (Semi-Arid),#fa9b58
MH,Amravati,Anjangaon Surji,1,Deccan Plateau (Semi-Arid),#fa9b58
MH,Amravati,Bhatkuli,1,Deccan Plateau (Semi-Arid),#fa9b58
MH,Amravati,Chandur Railway,1,Deccan Plateau (Semi-Arid),#fa9b58
MH,Amravati,Chandurbazar,1,Deccan Plateau (Semi-Arid),#fa9b58
MH,Amravati,Chikhaldara,2,"Shared: Central Highlands (Malwa–Bundelkhand, Subhumid Dry) + Deccan Plateau (Semi-Arid)",#888888
MH,Amravati,Daryapur,1,Deccan Plateau (Semi-Arid),#fa9b58
MH,Amravati,Dhamangaon Railway,2,"Shared: Central Highlands (Malwa–Bundelkhand, Subhumid Dry) + Deccan Plateau (Semi-Arid)",#888888
MH,Amravati,Dharni,3,"Shared: Central Highlands (Malwa)–Gujarat Plain & Kathiawar (Semi-Arid) + Central Highlands (Malwa–Bundelkhand, Subhumid Dry) + Deccan Plateau (Semi-Arid)",#888888
MH,Amravati,Morshi,2,"Shared: Central Highlands (Malwa–Bundelkhand, Subhumid Dry) + Deccan Plateau (Semi-Arid)",#888888
MH,Amravati,Nandgaon-Khandeshwar,1,Deccan Plateau (Semi-Arid),#fa9b58
MH,Amravati,Teosa,2,"Shared: Central Highlands (Malwa–Bundelkhand, Subhumid Dry) + Deccan Plateau (Semi-Arid)",#888888
MH,Amravati,Warud,1,"Central Highlands (Malwa–Bundelkhand, Subhumid Dry)",#ee6445
MH,Aurangabad,Aurangabad,1,Deccan Plateau (Semi-Arid),#fa9b58
MH,Aurangabad,Gangapur,1,Deccan Plateau (Semi-Arid),#fa9b58
MH,Aurangabad,Kannad,1,Deccan Plateau (Semi-Arid),#fa9b58
MH,Aurangabad,Khuldabad,1,Deccan Plateau (Semi-Arid),#fa9b58
MH,Aurangabad,Paithan,1,Deccan Plateau (Semi-Arid),#fa9b58
MH,Aurangabad,Phulambri,1,Deccan Plateau (Semi-Arid),#fa9b58
MH,Aurangabad,Sillod,1,Deccan Plateau (Semi-Arid),#fa9b58
MH,Aurangabad,Soegaon,1,Deccan Plateau (Semi-Arid),#fa9b58
MH,Aurangabad,Vaijapur,1,Deccan Plateau (Semi-Arid),#fa9b58
MH,Beed,Ambejogai,1,Deccan Plateau (Semi-Arid),#fa9b58
MH,Beed,Ashti,1,Deccan Plateau (Semi-Arid),#fa9b58
MH,Beed,Bid,1,Deccan Plateau (Semi-Arid),#fa9b58
MH,Beed,Dharur,1,Deccan Plateau (Semi-Arid),#fa9b58
MH,Beed,Georai,1,Deccan Plateau (Semi-Arid),#fa9b58
MH,Beed,Kaij,1,Deccan Plateau (Semi-Arid),#fa9b58
MH,Beed,Manjlegaon,1,Deccan Plateau (Semi-Arid),#fa9b58
MH,Beed,Parli,1,Deccan Plateau (Semi-Arid),#fa9b58
MH,Beed,Patoda,1,Deccan Plateau (Semi-Arid),#fa9b58
MH,Beed,Shirur (Kasar),1,Deccan Plateau (Semi-Arid),#fa9b58
MH,Beed,Wadwani,1,Deccan Plateau (Semi-Arid),#fa9b58
MH,Bhandara,Bhandara,1,"Central Highlands (Malwa–Bundelkhand, Subhumid Dry)",#ee6445
MH,Bhandara,Lakhandur,2,"Shared: Central Highlands (Malwa–Bundelkhand, Subhumid Dry) + Eastern Plateau (Chhotanagpur) & Eastern Ghats (Subhumid)",#888888
MH,Bhandara,Lakhani,1,"Central Highlands (Malwa–Bundelkhand, Subhumid Dry)",#ee6445
MH,Bhandara,Mohadi,1,"Central Highlands (Malwa–Bundelkhand, Subhumid Dry)",#ee6445
MH,Bhandara,Pauni,2,"Shared: Central Highlands (Malwa–Bundelkhand, Subhumid Dry) + Eastern Plateau (Chhotanagpur) & Eastern Ghats (Subhumid)",#888888
MH,Bhandara,Sakoli,1,"Central Highlands (Malwa–Bundelkhand, Subhumid Dry)",#ee6445
MH,Bhandara,Tumsar,1,"Central Highlands (Malwa–Bundelkhand, Subhumid Dry)",#ee6445
MH,Buldhana,Buldana,1,Deccan Plateau (Semi-Arid),#fa9b58
MH,Buldhana,Chikhli,1,Deccan Plateau (Semi-Arid),#fa9b58
MH,Buldhana,Deolgaon Raja,1,Deccan Plateau (Semi-Arid),#fa9b58
MH,Buldhana,Jalgaon (Jamod),2,Shared: Central Highlands (Malwa)–Gujarat Plain & Kathiawar (Semi-Arid) + Deccan Plateau (Semi-Arid),#888888
MH,Buldhana,Khamgaon,1,Deccan Plateau (Semi-Arid),#fa9b58
MH,Buldhana,Lonar,1,Deccan Plateau (Semi-Arid),#fa9b58
MH,Buldhana,Malkapur,1,Deccan Plateau (Semi-Arid),#fa9b58
MH,Buldhana,Mehkar,1,Deccan Plateau (Semi-Arid),#fa9b58
MH,Buldhana,Motala,1,Deccan Plateau (Semi-Arid),#fa9b58
MH,Buldhana,Nandura,1,Deccan Plateau (Semi-Arid),#fa9b58
MH,Buldhana,Sangrampur,2,Shared: Central Highlands (Malwa)–Gujarat Plain & Kathiawar (Semi-Arid) + Deccan Plateau (Semi-Arid),#888888
MH,Buldhana,Shegaon,1,Deccan Plateau (Semi-Arid),#fa9b58
MH,Buldhana,Sindkhed Raja,1,Deccan Plateau (Semi-Arid),#fa9b58
MH,Chandrapur,Ballarpur,1,Eastern Plateau (Chhotanagpur) & Eastern Ghats (Subhumid),#5cb7aa
MH,Chandrapur,Bhadravati,1,Eastern Plateau (Chhotanagpur) & Eastern Ghats (Subhumid),#5cb7aa
MH,Chandrapur,Brahmapuri,2,"Shared: Central Highlands (Malwa–Bundelkhand, Subhumid Dry) + Eastern Plateau (Chhotanagpur) & Eastern Ghats (Subhumid)",#888888
MH,Chandrapur,Chandrapur,1,Eastern Plateau (Chhotanagpur) & Eastern Ghats (Subhumid),#5cb7aa
MH,Chandrapur,Chimur,2,"Shared: Central Highlands (Malwa–Bundelkhand, Subhumid Dry) + Eastern Plateau (Chhotanagpur) & Eastern Ghats (Subhumid)",#888888
MH,Chandrapur,Gondpipri,2,Shared: Deccan Plateau (Semi-Arid) + Eastern Plateau (Chhotanagpur) & Eastern Ghats (Subhumid),#888888
MH,Chandrapur,Jiwati,2,Shared: Deccan Plateau (Semi-Arid) + Eastern Plateau (Chhotanagpur) & Eastern Ghats (Subhumid),#888888
MH,Chandrapur,Korpana,2,Shared: Deccan Plateau (Semi-Arid) + Eastern Plateau (Chhotanagpur) & Eastern Ghats (Subhumid),#888888
MH,Chandrapur,Mul,1,Eastern Plateau (Chhotanagpur) & Eastern Ghats (Subhumid),#5cb7aa
MH,Chandrapur,Nagbhir,2,"Shared: Central Highlands (Malwa–Bundelkhand, Subhumid Dry) + Eastern Plateau (Chhotanagpur) & Eastern Ghats (Subhumid)",#888888
MH,Chandrapur,Pombhurna,1,Eastern Plateau (Chhotanagpur) & Eastern Ghats (Subhumid),#5cb7aa
MH,Chandrapur,Rajura,2,Shared: Deccan Plateau (Semi-Arid) + Eastern Plateau (Chhotanagpur) & Eastern Ghats (Subhumid),#888888
MH,Chandrapur,Sawali,1,Eastern Plateau (Chhotanagpur) & Eastern Ghats (Subhumid),#5cb7aa
MH,Chandrapur,Sindewahi,1,Eastern Plateau (Chhotanagpur) & Eastern Ghats (Subhumid),#5cb7aa
MH,Chandrapur,Warora,2,"Shared: Central Highlands (Malwa–Bundelkhand, Subhumid Dry) + Eastern Plateau (Chhotanagpur) & Eastern Ghats (Subhumid)",#888888
MH,Dhule,Dhule,1,Deccan Plateau (Semi-Arid),#fa9b58
MH,Dhule,Sakri,2,Shared: Deccan Plateau (Semi-Arid) + Western Ghats & Coastal Plain (Humid–Perhumid),#888888
MH,Dhule,Shirpur,2,Shared: Central Highlands (Malwa)–Gujarat Plain & Kathiawar (Semi-Arid) + Deccan Plateau (Semi-Arid),#888888
MH,Dhule,Sindkhede,1,Deccan Plateau (Semi-Arid),#fa9b58
MH,Gadchiroli,Aheri,2,Shared: Deccan Plateau (Semi-Arid) + Eastern Plateau (Chhotanagpur) & Eastern Ghats (Subhumid),#888888
MH,Gadchiroli,Armori,1,Eastern Plateau (Chhotanagpur) & Eastern Ghats (Subhumid),#5cb7aa
MH,Gadchiroli,Bhamragad,1,Eastern Plateau (Chhotanagpur) & Eastern Ghats (Subhumid),#5cb7aa
MH,Gadchiroli,Chamorshi,2,Shared: Deccan Plateau (Semi-Arid) + Eastern Plateau (Chhotanagpur) & Eastern Ghats (Subhumid),#888888
MH,Gadchiroli,Desaiganj (Vadasa),2,"Shared: Central Highlands (Malwa–Bundelkhand, Subhumid Dry) + Eastern Plateau (Chhotanagpur) & Eastern Ghats (Subhumid)",#888888
MH,Gadchiroli,Dhanora,2,Shared: Eastern Plateau (Chhattisgarh) + Eastern Plateau (Chhotanagpur) & Eastern Ghats (Subhumid),#888888
MH,Gadchiroli,Etapalli,1,Eastern Plateau (Chhotanagpur) & Eastern Ghats (Subhumid),#5cb7aa
MH,Gadchiroli,Gadchiroli,1,Eastern Plateau (Chhotanagpur) & Eastern Ghats (Subhumid),#5cb7aa
MH,Gadchiroli,Korchi,3,"Shared: Central Highlands (Malwa–Bundelkhand, Subhumid Dry) + Eastern Plateau (Chhattisgarh) + Eastern Plateau (Chhotanagpur) & Eastern Ghats (Subhumid)",#888888
MH,Gadchiroli,Kurkheda,2,"Shared: Central Highlands (Malwa–Bundelkhand, Subhumid Dry) + Eastern Plateau (Chhotanagpur) & Eastern Ghats (Subhumid)",#888888
MH,Gadchiroli,Mulchera,2,Shared: Deccan Plateau (Semi-Arid) + Eastern Plateau (Chhotanagpur) & Eastern Ghats (Subhumid),#888888
MH,Gadchiroli,Sironcha,3,Shared: Deccan Plateau (Telangana) & Eastern Ghats (Semi-Arid) + Deccan Plateau (Semi-Arid) + Eastern Plateau (Chhotanagpur) & Eastern Ghats (Subhumid),#888888
MH,Gondia,Amgaon,1,"Central Highlands (Malwa–Bundelkhand, Subhumid Dry)",#ee6445
MH,Gondia,Arjuni Morgaon,2,"Shared: Central Highlands (Malwa–Bundelkhand, Subhumid Dry) + Eastern Plateau (Chhotanagpur) & Eastern Ghats (Subhumid)",#888888
MH,Gondia,Deori,2,"Shared: Central Highlands (Malwa–Bundelkhand, Subhumid Dry) + Eastern Plateau (Chhattisgarh)",#888888
MH,Gondia,Gondiya,1,"Central Highlands (Malwa–Bundelkhand, Subhumid Dry)",#ee6445
MH,Gondia,Goregaon,1,"Central Highlands (Malwa–Bundelkhand, Subhumid Dry)",#ee6445
MH,Gondia,Sadak-Arjuni,1,"Central Highlands (Malwa–Bundelkhand, Subhumid Dry)",#ee6445
MH,Gondia,Salekasa,2,"Shared: Central Highlands (Malwa–Bundelkhand, Subhumid Dry) + Eastern Plateau (Chhattisgarh)",#888888
MH,Gondia,Tirora,1,"Central Highlands (Malwa–Bundelkhand, Subhumid Dry)",#ee6445
MH,Hingoli,Aundha (Nagnath),1,Deccan Plateau (Semi-Arid),#fa9b58
MH,Hingoli,Basmath,1,Deccan Plateau (Semi-Arid),#fa9b58
MH,Hingoli,Hingoli,1,Deccan Plateau (Semi-Arid),#fa9b58
MH,Hingoli,Kalamnuri,1,Deccan Plateau (Semi-Arid),#fa9b58
MH,Hingoli,Sengaon,1,Deccan Plateau (Semi-Arid),#fa9b58
MH,Jalgaon,Amalner,1,Deccan Plateau (Semi-Arid),#fa9b58
MH,Jalgaon,Bhadgaon,1,Deccan Plateau (Semi-Arid),#fa9b58
MH,Jalgaon,Bhusawal,1,Deccan Plateau (Semi-Arid),#fa9b58
MH,Jalgaon,Bodvad,1,Deccan Plateau (Semi-Arid),#fa9b58
MH,Jalgaon,Chalisgaon,1,Deccan Plateau (Semi-Arid),#fa9b58
MH,Jalgaon,Chopda,2,Shared: Central Highlands (Malwa)–Gujarat Plain & Kathiawar (Semi-Arid) + Deccan Plateau (Semi-Arid),#888888
MH,Jalgaon,Dharangaon,1,Deccan Plateau (Semi-Arid),#fa9b58
MH,Jalgaon,Erandol,1,Deccan Plateau (Semi-Arid),#fa9b58
MH,Jalgaon,Jalgaon,1,Deccan Plateau (Semi-Arid),#fa9b58
MH,Jalgaon,Jamner,1,Deccan Plateau (Semi-Arid),#fa9b58
MH,Jalgaon,Muktainagar (Edlabad),2,Shared: Central Highlands (Malwa)–Gujarat Plain & Kathiawar (Semi-Arid) + Deccan Plateau (Semi-Arid),#888888
MH,Jalgaon,Pachora,1,Deccan Plateau (Semi-Arid),#fa9b58
MH,Jalgaon,Parola,1,Deccan Plateau (Semi-Arid),#fa9b58
MH,Jalgaon,Raver,2,Shared: Central Highlands (Malwa)–Gujarat Plain & Kathiawar (Semi-Arid) + Deccan Plateau (Semi-Arid),#888888
MH,Jalgaon,Yawal,2,Shared: Central Highlands (Malwa)–Gujarat Plain & Kathiawar (Semi-Arid) + Deccan Plateau (Semi-Arid),#888888
MH,Jalna,Ambad,1,Deccan Plateau (Semi-Arid),#fa9b58
MH,Jalna,Badnapur,1,Deccan Plateau (Semi-Arid),#fa9b58
MH,Jalna,Bhokardan,1,Deccan Plateau (Semi-Arid),#fa9b58
MH,Jalna,Ghansawangi,1,Deccan Plateau (Semi-Arid),#fa9b58
MH,Jalna,Jafferabad,1,Deccan Plateau (Semi-Arid),#fa9b58
MH,Jalna,Jalna,1,Deccan Plateau (Semi-Arid),#fa9b58
MH,Jalna,Mantha,1,Deccan Plateau (Semi-Arid),#fa9b58
MH,Jalna,Partur,1,Deccan Plateau (Semi-Arid),#fa9b58
MH,Kolhapur,Ajra,2,Shared: Deccan Plateau (Semi-Arid) + Western Ghats & Coastal Plain (Humid–Perhumid),#888888
MH,Kolhapur,Bavda,2,Shared: Deccan Plateau (Semi-Arid) + Western Ghats & Coastal Plain (Humid–Perhumid),#888888
MH,Kolhapur,Bhudargad,2,Shared: Deccan Plateau (Semi-Arid) + Western Ghats & Coastal Plain (Humid–Perhumid),#888888
MH,Kolhapur,Chandgad,2,Shared: Deccan Plateau (Semi-Arid) + Western Ghats & Coastal Plain (Humid–Perhumid),#888888
MH,Kolhapur,Gadhinglaj,1,Deccan Plateau (Semi-Arid),#fa9b58
MH,Kolhapur,Hatkanangle,1,Deccan Plateau (Semi-Arid),#fa9b58
MH,Kolhapur,Kagal,1,Deccan Plateau (Semi-Arid),#fa9b58
MH,Kolhapur,Karvir,2,Shared: Deccan Plateau (Semi-Arid) + Western Ghats & Coastal Plain (Humid–Perhumid),#888888
MH,Kolhapur,Panhala,2,Shared: Deccan Plateau (Semi-Arid) + Western Ghats & Coastal Plain (Humid–Perhumid),#888888
MH,Kolhapur,Radhanagari,2,Shared: Deccan Plateau (Semi-Arid) + Western Ghats & Coastal Plain (Humid–Perhumid),#888888
MH,Kolhapur,Shahuwadi,2,Shared: Deccan Plateau (Semi-Arid) + Western Ghats & Coastal Plain (Humid–Perhumid),#888888
MH,Kolhapur,Shirol,1,Deccan Plateau (Semi-Arid),#fa9b58
MH,Latur,Ahmadpur,1,Deccan Plateau (Semi-Arid),#fa9b58
MH,Latur,Ausa,1,Deccan Plateau (Semi-Arid),#fa9b58
MH,Latur,Chakur,1,Deccan Plateau (Semi-Arid),#fa9b58
MH,Latur,Deoni,1,Deccan Plateau (Semi-Arid),#fa9b58
MH,Latur,Jalkot,1,Deccan Plateau (Semi-Arid),#fa9b58
MH,Latur,Latur,1,Deccan Plateau (Semi-Arid),#fa9b58
MH,Latur,Nilanga,1,Deccan Plateau (Semi-Arid),#fa9b58
MH,Latur,Renapur,1,Deccan Plateau (Semi-Arid),#fa9b58
MH,Latur,Shirur-Anantpal,1,Deccan Plateau (Semi-Arid),#fa9b58
MH,Latur,Udgir,1,Deccan Plateau (Semi-Arid),#fa9b58
MH,Mumbai Suburban,Mumbai Suburban,1,Western Ghats & Coastal Plain (Humid–Perhumid),#5e4fa2
MH,Nagpur,Bhiwapur,2,"Shared: Central Highlands (Malwa–Bundelkhand, Subhumid Dry) + Eastern Plateau (Chhotanagpur) & Eastern Ghats (Subhumid)",#888888
MH,Nagpur,Hingna,1,"Central Highlands (Malwa–Bundelkhand, Subhumid Dry)",#ee6445
MH,Nagpur,Kalameshwar,1,"Central Highlands (Malwa–Bundelkhand, Subhumid Dry)",#ee6445
MH,Nagpur,Kamptee,1,"Central Highlands (Malwa–Bundelkhand, Subhumid Dry)",#ee6445
MH,Nagpur,Katol,1,"Central Highlands (Malwa–Bundelkhand, Subhumid Dry)",#ee6445
MH,Nagpur,Kuhi,1,"Central Highlands (Malwa–Bundelkhand, Subhumid Dry)",#ee6445
MH,Nagpur,Mauda,1,"Central Highlands (Malwa–Bundelkhand, Subhumid Dry)",#ee6445
MH,Nagpur,Nagpur (Rural),1,"Central Highlands (Malwa–Bundelkhand, Subhumid Dry)",#ee6445
MH,Nagpur,Nagpur (Urban),1,"Central Highlands (Malwa–Bundelkhand, Subhumid Dry)",#ee6445
MH,Nagpur,Narkhed,1,"Central Highlands (Malwa–Bundelkhand, Subhumid Dry)",#ee6445
MH,Nagpur,Parseoni,1,"Central Highlands (Malwa–Bundelkhand, Subhumid Dry)",#ee6445
MH,Nagpur,Ramtek,1,"Central Highlands (Malwa–Bundelkhand, Subhumid Dry)",#ee6445
MH,Nagpur,Savner,1,"Central Highlands (Malwa–Bundelkhand, Subhumid Dry)",#ee6445
MH,Nagpur,Umred,1,"Central Highlands (Malwa–Bundelkhand, Subhumid Dry)",#ee6445
MH,Nanded,Ardhapur,1,Deccan Plateau (Semi-Arid),#fa9b58
MH,Nanded,Bhokar,1,Deccan Plateau (Semi-Arid),#fa9b58
MH,Nanded,Biloli,1,Deccan Plateau (Semi-Arid),#fa9b58
MH,Nanded,Deglur,1,Deccan Plateau (Semi-Arid),#fa9b58
MH,Nanded,Dharmabad,1,Deccan Plateau (Semi-Arid),#fa9b58
MH,Nanded,Hadgaon,1,Deccan Plateau (Semi-Arid),#fa9b58
MH,Nanded,Himayatnagar,1,Deccan Plateau (Semi-Arid),#fa9b58
MH,Nanded,Kandhar,1,Deccan Plateau (Semi-Arid),#fa9b58
MH,Nanded,Kinwat,1,Deccan Plateau (Semi-Arid),#fa9b58
MH,Nanded,Loha,1,Deccan Plateau (Semi-Arid),#fa9b58
MH,Nanded,Mahoor,1,Deccan Plateau (Semi-Arid),#fa9b58
MH,Nanded,Mudkhed,1,Deccan Plateau (Semi-Arid),#fa9b58
MH,Nanded,Mukhed,1,Deccan Plateau (Semi-Arid),#fa9b58
MH,Nanded,Naigaon (Khairgaon),1,Deccan Plateau (Semi-Arid),#fa9b58
MH,Nanded,Nanded,1,Deccan Plateau (Semi-Arid),#fa9b58
MH,Nanded,Umri,1,Deccan Plateau (Semi-Arid),#fa9b58
MH,Nandurbar,Akkalkuwa,1,Central Highlands (Malwa)–Gujarat Plain & Kathiawar (Semi-Arid),#d0384e
MH,Nandurbar,Akrani,1,Central Highlands (Malwa)–Gujarat Plain & Kathiawar (Semi-Arid),#d0384e
MH,Nandurbar,Nandurbar,2,Shared: Central Highlands (Malwa)–Gujarat Plain & Kathiawar (Semi-Arid) + Deccan Plateau (Semi-Arid),#888888
MH,Nandurbar,Nawapur,3,Shared: Central Highlands (Malwa)–Gujarat Plain & Kathiawar (Semi-Arid) + Deccan Plateau (Semi-Arid) + Western Ghats & Coastal Plain (Humid–Perhumid),#888888
MH,Nandurbar,Shahade,2,Shared: Central Highlands (Malwa)–Gujarat Plain & Kathiawar (Semi-Arid) + Deccan Plateau (Semi-Arid),#888888
MH,Nandurbar,Talode,2,Shared: Central Highlands (Malwa)–Gujarat Plain & Kathiawar (Semi-Arid) + Deccan Plateau (Semi-Arid),#888888
MH,Nashik,Baglan,2,Shared: Deccan Plateau (Semi-Arid) + Western Ghats & Coastal Plain (Humid–Perhumid),#888888
MH,Nashik,Chandvad,1,Deccan Plateau (Semi-Arid),#fa9b58
MH,Nashik,Deola,1,Deccan Plateau (Semi-Arid),#fa9b58
MH,Nashik,Dindori,1,Deccan Plateau (Semi-Arid),#fa9b58
MH,Nashik,Igatpuri,2,Shared: Deccan Plateau (Semi-Arid) + Western Ghats & Coastal Plain (Humid–Perhumid),#888888
MH,Nashik,Kalwan,2,Shared: Deccan Plateau (Semi-Arid) + Western Ghats & Coastal Plain (Humid–Perhumid),#888888
MH,Nashik,Malegaon,1,Deccan Plateau (Semi-Arid),#fa9b58
MH,Nashik,Nandgaon,1,Deccan Plateau (Semi-Arid),#fa9b58
MH,Nashik,Nashik,1,Deccan Plateau (Semi-Arid),#fa9b58
MH,Nashik,Niphad,1,Deccan Plateau (Semi-Arid),#fa9b58
MH,Nashik,Peth,2,Shared: Deccan Plateau (Semi-Arid) + Western Ghats & Coastal Plain (Humid–Perhumid),#888888
MH,Nashik,Sinnar,1,Deccan Plateau (Semi-Arid),#fa9b58
MH,Nashik,Surgana,2,Shared: Deccan Plateau (Semi-Arid) + Western Ghats & Coastal Plain (Humid–Perhumid),#888888
MH,Nashik,Trimbakeshwar,2,Shared: Deccan Plateau (Semi-Arid) + Western Ghats & Coastal Plain (Humid–Perhumid),#888888
MH,Nashik,Yevla,1,Deccan Plateau (Semi-Arid),#fa9b58
MH,Osmanabad,Bhum,1,Deccan Plateau (Semi-Arid),#fa9b58
MH,Osmanabad,Kalamb,1,Deccan Plateau (Semi-Arid),#fa9b58
MH,Osmanabad,Lohara,1,Deccan Plateau (Semi-Arid),#fa9b58
MH,Osmanabad,Osmanabad,1,Deccan Plateau (Semi-Arid),#fa9b58
MH,Osmanabad,Paranda,1,Deccan Plateau (Semi-Arid),#fa9b58
MH,Osmanabad,Tuljapur,1,Deccan Plateau (Semi-Arid),#fa9b58
MH,Osmanabad,Umarga,1,Deccan Plateau (Semi-Arid),#fa9b58
MH,Osmanabad,Washi,1,Deccan Plateau (Semi-Arid),#fa9b58
MH,Palghar,Dahanu,1,Western Ghats & Coastal Plain (Humid–Perhumid),#5e4fa2
MH,Palghar,Jawhar,1,Western Ghats & Coastal Plain (Humid–Perhumid),#5e4fa2
MH,Palghar,Mokhada,1,Western Ghats & Coastal Plain (Humid–Perhumid),#5e4fa2
MH,Palghar,Palghar,1,Western Ghats & Coastal Plain (Humid–Perhumid),#5e4fa2
MH,Palghar,Talasari,1,Western Ghats & Coastal Plain (Humid–Perhumid),#5e4fa2
MH,Palghar,Vada,1,Western Ghats & Coastal Plain (Humid–Perhumid),#5e4fa2
MH,Palghar,Vasai,1,Western Ghats & Coastal Plain (Humid–Perhumid),#5e4fa2
MH,Palghar,Vikramgad,1,Western Ghats & Coastal Plain (Humid–Perhumid),#5e4fa2
MH,Parbhani,Gangakhed,1,Deccan Plateau (Semi-Arid),#fa9b58
MH,Parbhani,Jintur,1,Deccan Plateau (Semi-Arid),#fa9b58
MH,Parbhani,Manwath,1,Deccan Plateau (Semi-Arid),#fa9b58
MH,Parbhani,Palam,1,Deccan Plateau (Semi-Arid),#fa9b58
MH,Parbhani,Parbhani,1,Deccan Plateau (Semi-Arid),#fa9b58
MH,Parbhani,Pathri,1,Deccan Plateau (Semi-Arid),#fa9b58
MH,Parbhani,Purna,1,Deccan Plateau (Semi-Arid),#fa9b58
MH,Parbhani,Sailu,1,Deccan Plateau (Semi-Arid),#fa9b58
MH,Parbhani,Sonpeth,1,Deccan Plateau (Semi-Arid),#fa9b58
MH,Pune,Ambegaon,2,Shared: Deccan Plateau (Semi-Arid) + Western Ghats & Coastal Plain (Humid–Perhumid),#888888
MH,Pune,Baramati,1,Deccan Plateau (Semi-Arid),#fa9b58
MH,Pune,Bhor,2,Shared: Deccan Plateau (Semi-Arid) + Western Ghats & Coastal Plain (Humid–Perhumid),#888888
MH,Pune,Daund,1,Deccan Plateau (Semi-Arid),#fa9b58
MH,Pune,Haveli,1,Deccan Plateau (Semi-Arid),#fa9b58
MH,Pune,Indapur,1,Deccan Plateau (Semi-Arid),#fa9b58
MH,Pune,Junnar,1,Deccan Plateau (Semi-Arid),#fa9b58
MH,Pune,Khed,2,Shared: Deccan Plateau (Semi-Arid) + Western Ghats & Coastal Plain (Humid–Perhumid),#888888
MH,Pune,Mawal,2,Shared: Deccan Plateau (Semi-Arid) + Western Ghats & Coastal Plain (Humid–Perhumid),#888888
MH,Pune,Mulshi,2,Shared: Deccan Plateau (Semi-Arid) + Western Ghats & Coastal Plain (Humid–Perhumid),#888888
MH,Pune,Pune City,1,Deccan Plateau (Semi-Arid),#fa9b58
MH,Pune,Purandhar,1,Deccan Plateau (Semi-Arid),#fa9b58
MH,Pune,Shirur,1,Deccan Plateau (Semi-Arid),#fa9b58
MH,Pune,Velhe,2,Shared: Deccan Plateau (Semi-Arid) + Western Ghats & Coastal Plain (Humid–Perhumid),#888888
MH,Raigad,Alibag,1,Western Ghats & Coastal Plain (Humid–Perhumid),#5e4fa2
MH,Raigad,Karjat,1,Western Ghats & Coastal Plain (Humid–Perhumid),#5e4fa2
MH,Raigad,Khalapur,1,Western Ghats & Coastal Plain (Humid–Perhumid),#5e4fa2
MH,Raigad,Mahad,2,Shared: Deccan Plateau (Semi-Arid) + Western Ghats & Coastal Plain (Humid–Perhumid),#888888
MH,Raigad,Mangaon,1,Western Ghats & Coastal Plain (Humid–Perhumid),#5e4fa2
MH,Raigad,Mhasla,1,Western Ghats & Coastal Plain (Humid–Perhumid),#5e4fa2
MH,Raigad,Murud,1,Western Ghats & Coastal Plain (Humid–Perhumid),#5e4fa2
MH,Raigad,Panvel,1,Western Ghats & Coastal Plain (Humid–Perhumid),#5e4fa2
MH,Raigad,Pen,1,Western Ghats & Coastal Plain (Humid–Perhumid),#5e4fa2
MH,Raigad,Poladpur,2,Shared: Deccan Plateau (Semi-Arid) + Western Ghats & Coastal Plain (Humid–Perhumid),#888888
MH,Raigad,Roha,1,Western Ghats & Coastal Plain (Humid–Perhumid),#5e4fa2
MH,Raigad,Shrivardhan,1,Western Ghats & Coastal Plain (Humid–Perhumid),#5e4fa2
MH,Raigad,Sudhagad,1,Western Ghats & Coastal Plain (Humid–Perhumid),#5e4fa2
MH,Raigad,Tala,1,Western Ghats & Coastal Plain (Humid–Perhumid),#5e4fa2
MH,Raigad,Uran,1,Western Ghats & Coastal Plain (Humid–Perhumid),#5e4fa2
MH,Ratnagiri,Chiplun,2,Shared: Deccan Plateau (Semi-Arid) + Western Ghats & Coastal Plain (Humid–Perhumid),#888888
MH,Ratnagiri,Dapoli,1,Western Ghats & Coastal Plain (Humid–Perhumid),#5e4fa2
MH,Ratnagiri,Guhagar,1,Western Ghats & Coastal Plain (Humid–Perhumid),#5e4fa2
MH,Ratnagiri,Khed,2,Shared: Deccan Plateau (Semi-Arid) + Western Ghats & Coastal Plain (Humid–Perhumid),#888888
MH,Ratnagiri,Lanja,1,Western Ghats & Coastal Plain (Humid–Perhumid),#5e4fa2
MH,Ratnagiri,Mandangad,1,Western Ghats & Coastal Plain (Humid–Perhumid),#5e4fa2
MH,Ratnagiri,Rajapur,1,Western Ghats & Coastal Plain (Humid–Perhumid),#5e4fa2
MH,Ratnagiri,Ratnagiri,1,Western Ghats & Coastal Plain (Humid–Perhumid),#5e4fa2
MH,Ratnagiri,Sangameshwar,1,Western Ghats & Coastal Plain (Humid–Perhumid),#5e4fa2
MH,Sangli,Atpadi,1,Deccan Plateau (Semi-Arid),#fa9b58
MH,Sangli,Jat,2,Shared: Deccan Plateau (Semi-Arid) + Karnataka Plateau (incl. Rayalaseema),#888888
MH,Sangli,Kadegaon,1,Deccan Plateau (Semi-Arid),#fa9b58
MH,Sangli,Kavathemahankal,1,Deccan Plateau (Semi-Arid),#fa9b58
MH,Sangli,Khanapur,1,Deccan Plateau (Semi-Arid),#fa9b58
MH,Sangli,Miraj,1,Deccan Plateau (Semi-Arid),#fa9b58
MH,Sangli,Palus,1,Deccan Plateau (Semi-Arid),#fa9b58
MH,Sangli,Shirala,2,Shared: Deccan Plateau (Semi-Arid) + Western Ghats & Coastal Plain (Humid–Perhumid),#888888
MH,Sangli,Tasgaon,1,Deccan Plateau (Semi-Arid),#fa9b58
MH,Sangli,Walwa,1,Deccan Plateau (Semi-Arid),#fa9b58
MH,Satara,Jaoli,2,Shared: Deccan Plateau (Semi-Arid) + Western Ghats & Coastal Plain (Humid–Perhumid),#888888
MH,Satara,Karad,1,Deccan Plateau (Semi-Arid),#fa9b58
MH,Satara,Khandala,1,Deccan Plateau (Semi-Arid),#fa9b58
MH,Satara,Khatav,1,Deccan Plateau (Semi-Arid),#fa9b58
MH,Satara,Koregaon,1,Deccan Plateau (Semi-Arid),#fa9b58
MH,Satara,Mahabaleshwar,2,Shared: Deccan Plateau (Semi-Arid) + Western Ghats & Coastal Plain (Humid–Perhumid),#888888
MH,Satara,Man,1,Deccan Plateau (Semi-Arid),#fa9b58
MH,Satara,Patan,2,Shared: Deccan Plateau (Semi-Arid) + Western Ghats & Coastal Plain (Humid–Perhumid),#888888
MH,Satara,Phaltan,1,Deccan Plateau (Semi-Arid),#fa9b58
MH,Satara,Satara,1,Deccan Plateau (Semi-Arid),#fa9b58
MH,Satara,Wai,1,Deccan Plateau (Semi-Arid),#fa9b58
MH,Sindhudurg,Devgad,1,Western Ghats & Coastal Plain (Humid–Perhumid),#5e4fa2
MH,Sindhudurg,Dodamarg,1,Western Ghats & Coastal Plain (Humid–Perhumid),#5e4fa2
MH,Sindhudurg,Kankavli,1,Western Ghats & Coastal Plain (Humid–Perhumid),#5e4fa2
MH,Sindhudurg,Kudal,1,Western Ghats & Coastal Plain (Humid–Perhumid),#5e4fa2
MH,Sindhudurg,Malwan,1,Western Ghats & Coastal Plain (Humid–Perhumid),#5e4fa2
MH,Sindhudurg,Sawantwadi,1,Western Ghats & Coastal Plain (Humid–Perhumid),#5e4fa2
MH,Sindhudurg,Vaibhavvadi,1,Western Ghats & Coastal Plain (Humid–Perhumid),#5e4fa2
MH,Sindhudurg,Vengurla,1,Western Ghats & Coastal Plain (Humid–Perhumid),#5e4fa2
MH,Solapur,Akkalkot,1,Deccan Plateau (Semi-Arid),#fa9b58
MH,Solapur,Barshi,1,Deccan Plateau (Semi-Arid),#fa9b58
MH,Solapur,Karmala,1,Deccan Plateau (Semi-Arid),#fa9b58
MH,Solapur,Madha,1,Deccan Plateau (Semi-Arid),#fa9b58
MH,Solapur,Malshiras,1,Deccan Plateau (Semi-Arid),#fa9b58
MH,Solapur,Mangalvedhe,1,Deccan Plateau (Semi-Arid),#fa9b58
MH,Solapur,Mohol,1,Deccan Plateau (Semi-Arid),#fa9b58
MH,Solapur,Pandharpur,1,Deccan Plateau (Semi-Arid),#fa9b58
MH,Solapur,Sangole,1,Deccan Plateau (Semi-Arid),#fa9b58
MH,Solapur,Solapur North,1,Deccan Plateau (Semi-Arid),#fa9b58
MH,Solapur,Solapur South,1,Deccan Plateau (Semi-Arid),#fa9b58
MH,Thane,Ambarnath,1,Western Ghats & Coastal Plain (Humid–Perhumid),#5e4fa2
MH,Thane,Bhiwandi,1,Western Ghats & Coastal Plain (Humid–Perhumid),#5e4fa2
MH,Thane,Kalyan,1,Western Ghats & Coastal Plain (Humid–Perhumid),#5e4fa2
MH,Thane,Murbad,2,Shared: Deccan Plateau (Semi-Arid) + Western Ghats & Coastal Plain (Humid–Perhumid),#888888
MH,Thane,Shahapur,2,Shared: Deccan Plateau (Semi-Arid) + Western Ghats & Coastal Plain (Humid–Perhumid),#888888
MH,Thane,Thane,1,Western Ghats & Coastal Plain (Humid–Perhumid),#5e4fa2
MH,Thane,Ulhasnagar,1,Western Ghats & Coastal Plain (Humid–Perhumid),#5e4fa2
MH,Wardha,Arvi,1,"Central Highlands (Malwa–Bundelkhand, Subhumid Dry)",#ee6445
MH,Wardha,Ashti,1,"Central Highlands (Malwa–Bundelkhand, Subhumid Dry)",#ee6445
MH,Wardha,Deoli,2,"Shared: Central Highlands (Malwa–Bundelkhand, Subhumid Dry) + Deccan Plateau (Semi-Arid)",#888888
MH,Wardha,Hinganghat,3,"Shared: Central Highlands (Malwa–Bundelkhand, Subhumid Dry) + Deccan Plateau (Semi-Arid) + Eastern Plateau (Chhotanagpur) & Eastern Ghats (Subhumid)",#888888
MH,Wardha,Karanja,1,"Central Highlands (Malwa–Bundelkhand, Subhumid Dry)",#ee6445
MH,Wardha,Samudrapur,2,"Shared: Central Highlands (Malwa–Bundelkhand, Subhumid Dry) + Eastern Plateau (Chhotanagpur) & Eastern Ghats (Subhumid)",#888888
MH,Wardha,Seloo,1,"Central Highlands (Malwa–Bundelkhand, Subhumid Dry)",#ee6445
MH,Wardha,Wardha,1,"Central Highlands (Malwa–Bundelkhand, Subhumid Dry)",#ee6445
MH,Washim,Karanja,1,Deccan Plateau (Semi-Arid),#fa9b58
MH,Washim,Malegaon,1,Deccan Plateau (Semi-Arid),#fa9b58
MH,Washim,Mangrulpir,1,Deccan Plateau (Semi-Arid),#fa9b58
MH,Washim,Manora,1,Deccan Plateau (Semi-Arid),#fa9b58
MH,Washim,Risod,1,Deccan Plateau (Semi-Arid),#fa9b58
MH,Washim,Washim,1,Deccan Plateau (Semi-Arid),#fa9b58
MH,Yavatmal,Arni,1,Deccan Plateau (Semi-Arid),#fa9b58
MH,Yavatmal,Babulgaon,2,"Shared: Central Highlands (Malwa–Bundelkhand, Subhumid Dry) + Deccan Plateau (Semi-Arid)",#888888
MH,Yavatmal,Darwha,1,Deccan Plateau (Semi-Arid),#fa9b58
MH,Yavatmal,Digras,1,Deccan Plateau (Semi-Arid),#fa9b58
MH,Yavatmal,Ghatanji,1,Deccan Plateau (Semi-Arid),#fa9b58
MH,Yavatmal,Kalamb,2,"Shared: Central Highlands (Malwa–Bundelkhand, Subhumid Dry) + Deccan Plateau (Semi-Arid)",#888888
MH,Yavatmal,Kelapur,1,Deccan Plateau (Semi-Arid),#fa9b58
MH,Yavatmal,Mahagaon,1,Deccan Plateau (Semi-Arid),#fa9b58
MH,Yavatmal,Maregaon,3,"Shared: Central Highlands (Malwa–Bundelkhand, Subhumid Dry) + Deccan Plateau (Semi-Arid) + Eastern Plateau (Chhotanagpur) & Eastern Ghats (Subhumid)",#888888
MH,Yavatmal,Ner,1,Deccan Plateau (Semi-Arid),#fa9b58
MH,Yavatmal,Pusad,1,Deccan Plateau (Semi-Arid),#fa9b58
MH,Yavatmal,Ralegaon,3,"Shared: Central Highlands (Malwa–Bundelkhand, Subhumid Dry) + Deccan Plateau (Semi-Arid) + Eastern Plateau (Chhotanagpur) & Eastern Ghats (Subhumid)",#888888
MH,Yavatmal,Umarkhed,1,Deccan Plateau (Semi-Arid),#fa9b58
MH,Yavatmal,Wani,2,Shared: Deccan Plateau (Semi-Arid) + Eastern Plateau (Chhotanagpur) & Eastern Ghats (Subhumid),#888888
MH,Yavatmal,Yavatmal,1,Deccan Plateau (Semi-Arid),#fa9b58
MH,Yavatmal,Zari-Jamani,2,Shared: Deccan Plateau (Semi-Arid) + Eastern Plateau (Chhotanagpur) & Eastern Ghats (Subhumid),#888888
OD,Anugul,Anugul,1,Eastern Plateau (Chhotanagpur) & Eastern Ghats (Subhumid),#5cb7aa
OD,Anugul,Athmallik,1,Eastern Plateau (Chhotanagpur) & Eastern Ghats (Subhumid),#5cb7aa
OD,Anugul,Banarpal,1,Eastern Plateau (Chhotanagpur) & Eastern Ghats (Subhumid),#5cb7aa
OD,Anugul,Bantala,1,Eastern Plateau (Chhotanagpur) & Eastern Ghats (Subhumid),#5cb7aa
OD,Anugul,Bikrampur,1,Eastern Plateau (Chhotanagpur) & Eastern Ghats (Subhumid),#5cb7aa
OD,Anugul,Chhendipada,1,Eastern Plateau (Chhotanagpur) & Eastern Ghats (Subhumid),#5cb7aa
OD,Anugul,Colliery,1,Eastern Plateau (Chhotanagpur) & Eastern Ghats (Subhumid),#5cb7aa
OD,Anugul,Handapa,1,Eastern Plateau (Chhotanagpur) & Eastern Ghats (Subhumid),#5cb7aa
OD,Anugul,Industrial,1,Eastern Plateau (Chhotanagpur) & Eastern Ghats (Subhumid),#5cb7aa
OD,Anugul,Jarapada,1,Eastern Plateau (Chhotanagpur) & Eastern Ghats (Subhumid),#5cb7aa
OD,Anugul,Kaniha,1,Eastern Plateau (Chhotanagpur) & Eastern Ghats (Subhumid),#5cb7aa
OD,Anugul,Khamar,1,Eastern Plateau (Chhotanagpur) & Eastern Ghats (Subhumid),#5cb7aa
OD,Anugul,Kiakata,1,Eastern Plateau (Chhotanagpur) & Eastern Ghats (Subhumid),#5cb7aa
OD,Anugul,Kishorenagar,1,Eastern Plateau (Chhotanagpur) & Eastern Ghats (Subhumid),#5cb7aa
OD,Anugul,N.T.P.C.,1,Eastern Plateau (Chhotanagpur) & Eastern Ghats (Subhumid),#5cb7aa
OD,Anugul,Nalco,1,Eastern Plateau (Chhotanagpur) & Eastern Ghats (Subhumid),#5cb7aa
OD,Anugul,Palalahada,1,Eastern Plateau (Chhotanagpur) & Eastern Ghats (Subhumid),#5cb7aa
OD,Anugul,Purunakot,1,Eastern Plateau (Chhotanagpur) & Eastern Ghats (Subhumid),#5cb7aa
OD,Anugul,Rengali Damsite,1,Eastern Plateau (Chhotanagpur) & Eastern Ghats (Subhumid),#5cb7aa
OD,Anugul,Samal Barrage,1,Eastern Plateau (Chhotanagpur) & Eastern Ghats (Subhumid),#5cb7aa
OD,Anugul,Talcher Sadar,1,Eastern Plateau (Chhotanagpur) & Eastern Ghats (Subhumid),#5cb7aa
OD,Anugul,Thakurgarh,1,Eastern Plateau (Chhotanagpur) & Eastern Ghats (Subhumid),#5cb7aa
OD,Balangir,Balangir,1,Eastern Plateau (Chhotanagpur) & Eastern Ghats (Subhumid),#5cb7aa
OD,Balangir,Bangomunda,1,Eastern Plateau (Chhotanagpur) & Eastern Ghats (Subhumid),#5cb7aa
OD,Balangir,Belpara,1,Eastern Plateau (Chhotanagpur) & Eastern Ghats (Subhumid),#5cb7aa
OD,Balangir,Kantabanji,1,Eastern Plateau (Chhotanagpur) & Eastern Ghats (Subhumid),#5cb7aa
OD,Balangir,Khaprakhol,1,Eastern Plateau (Chhotanagpur) & Eastern Ghats (Subhumid),#5cb7aa
OD,Balangir,Loisinga,1,Eastern Plateau (Chhotanagpur) & Eastern Ghats (Subhumid),#5cb7aa
OD,Balangir,Patnagarh,1,Eastern Plateau (Chhotanagpur) & Eastern Ghats (Subhumid),#5cb7aa
OD,Balangir,Saintala,1,Eastern Plateau (Chhotanagpur) & Eastern Ghats (Subhumid),#5cb7aa
OD,Balangir,Sindhekela,1,Eastern Plateau (Chhotanagpur) & Eastern Ghats (Subhumid),#5cb7aa
OD,Balangir,Titlagarh,1,Eastern Plateau (Chhotanagpur) & Eastern Ghats (Subhumid),#5cb7aa
OD,Balangir,Turekela,1,Eastern Plateau (Chhotanagpur) & Eastern Ghats (Subhumid),#5cb7aa
OD,Balangir,Tushura,1,Eastern Plateau (Chhotanagpur) & Eastern Ghats (Subhumid),#5cb7aa
OD,Baleshwar,Balaramgadi Marine,1,Eastern Coastal Plain (Subhumid–Semi-Arid),#fff1a8
OD,Baleshwar,Baleshwar (M),1,Eastern Coastal Plain (Subhumid–Semi-Arid),#fff1a8
OD,Baleshwar,Baleshwar Sadar,2,Shared: Eastern Coastal Plain (Subhumid–Semi-Arid) + Eastern Plateau (Chhotanagpur) & Eastern Ghats (Subhumid),#888888
OD,Baleshwar,Baliapal,1,Eastern Coastal Plain (Subhumid–Semi-Arid),#fff1a8
OD,Baleshwar,Bampada,2,Shared: Eastern Coastal Plain (Subhumid–Semi-Arid) + Eastern Plateau (Chhotanagpur) & Eastern Ghats (Subhumid),#888888
OD,Baleshwar,Basta,2,Shared: Eastern Coastal Plain (Subhumid–Semi-Arid) + Eastern Plateau (Chhotanagpur) & Eastern Ghats (Subhumid),#888888
OD,Baleshwar,Berhampur,1,Eastern Plateau (Chhotanagpur) & Eastern Ghats (Subhumid),#5cb7aa
OD,Baleshwar,Bhograi,1,Eastern Coastal Plain (Subhumid–Semi-Arid),#fff1a8
OD,Baleshwar,Chandipur,1,Eastern Coastal Plain (Subhumid–Semi-Arid),#fff1a8
OD,Baleshwar,Jaleswar,2,Shared: Eastern Coastal Plain (Subhumid–Semi-Arid) + Eastern Plateau (Chhotanagpur) & Eastern Ghats (Subhumid),#888888
OD,Baleshwar,Kamarda,1,Eastern Coastal Plain (Subhumid–Semi-Arid),#fff1a8
OD,Baleshwar,Khaira,1,Eastern Plateau (Chhotanagpur) & Eastern Ghats (Subhumid),#5cb7aa
OD,Baleshwar,Nilagiri,2,Shared: Eastern Coastal Plain (Subhumid–Semi-Arid) + Eastern Plateau (Chhotanagpur) & Eastern Ghats (Subhumid),#888888
OD,Baleshwar,Oupada,1,Eastern Plateau (Chhotanagpur) & Eastern Ghats (Subhumid),#5cb7aa
OD,Baleshwar,Raibania,3,Shared: Assam & Bengal Plain (Subhumid–Humid) + Eastern Coastal Plain (Subhumid–Semi-Arid) + Eastern Plateau (Chhotanagpur) & Eastern Ghats (Subhumid),#888888
OD,Baleshwar,Remuna,2,Shared: Eastern Coastal Plain (Subhumid–Semi-Arid) + Eastern Plateau (Chhotanagpur) & Eastern Ghats (Subhumid),#888888
OD,Baleshwar,Rupsa,2,Shared: Eastern Coastal Plain (Subhumid–Semi-Arid) + Eastern Plateau (Chhotanagpur) & Eastern Ghats (Subhumid),#888888
OD,Baleshwar,Sahadevkhunta,1,Eastern Coastal Plain (Subhumid–Semi-Arid),#fff1a8
OD,Baleshwar,Similia,2,Shared: Eastern Coastal Plain (Subhumid–Semi-Arid) + Eastern Plateau (Chhotanagpur) & Eastern Ghats (Subhumid),#888888
OD,Baleshwar,Singla,1,Eastern Coastal Plain (Subhumid–Semi-Arid),#fff1a8
OD,Baleshwar,Soro,2,Shared: Eastern Coastal Plain (Subhumid–Semi-Arid) + Eastern Plateau (Chhotanagpur) & Eastern Ghats (Subhumid),#888888
OD,Bargarh,Ambabhona,2,Shared: Eastern Plateau (Chhattisgarh) + Eastern Plateau (Chhotanagpur) & Eastern Ghats (Subhumid),#888888
OD,Bargarh,Attabira,1,Eastern Plateau (Chhotanagpur) & Eastern Ghats (Subhumid),#5cb7aa
OD,Bargarh,Barapali,1,Eastern Plateau (Chhotanagpur) & Eastern Ghats (Subhumid),#5cb7aa
OD,Bargarh,Bargarh,1,Eastern Plateau (Chhotanagpur) & Eastern Ghats (Subhumid),#5cb7aa
OD,Bargarh,Bargarh Sadar,1,Eastern Plateau (Chhotanagpur) & Eastern Ghats (Subhumid),#5cb7aa
OD,Bargarh,Bhatli,2,Shared: Eastern Plateau (Chhattisgarh) + Eastern Plateau (Chhotanagpur) & Eastern Ghats (Subhumid),#888888
OD,Bargarh,Bheden,1,Eastern Plateau (Chhotanagpur) & Eastern Ghats (Subhumid),#5cb7aa
OD,Bargarh,Bijepur,1,Eastern Plateau (Chhotanagpur) & Eastern Ghats (Subhumid),#5cb7aa
OD,Bargarh,Burdenp.S.,1,Eastern Plateau (Chhotanagpur) & Eastern Ghats (Subhumid),#5cb7aa
OD,Bargarh,Gaisilet,1,Eastern Plateau (Chhotanagpur) & Eastern Ghats (Subhumid),#5cb7aa
OD,Bargarh,Jharbandha,2,Shared: Eastern Plateau (Chhattisgarh) + Eastern Plateau (Chhotanagpur) & Eastern Ghats (Subhumid),#888888
OD,Bargarh,Melchhamunda,2,Shared: Eastern Plateau (Chhattisgarh) + Eastern Plateau (Chhotanagpur) & Eastern Ghats (Subhumid),#888888
OD,Bargarh,Padmapur,2,Shared: Eastern Plateau (Chhattisgarh) + Eastern Plateau (Chhotanagpur) & Eastern Ghats (Subhumid),#888888
OD,Bargarh,Paikamal,1,Eastern Plateau (Chhotanagpur) & Eastern Ghats (Subhumid),#5cb7aa
OD,Bargarh,Sohela,2,Shared: Eastern Plateau (Chhattisgarh) + Eastern Plateau (Chhotanagpur) & Eastern Ghats (Subhumid),#888888
OD,Bhadrak,Agarpada,1,Eastern Plateau (Chhotanagpur) & Eastern Ghats (Subhumid),#5cb7aa
OD,Bhadrak,Bansada,2,Shared: Assam & Bengal Plain (Subhumid–Humid) + Eastern Coastal Plain (Subhumid–Semi-Arid),#888888
OD,Bhadrak,Bant,1,Eastern Plateau (Chhotanagpur) & Eastern Ghats (Subhumid),#5cb7aa
OD,Bhadrak,Basudebpur,1,Eastern Coastal Plain (Subhumid–Semi-Arid),#fff1a8
OD,Bhadrak,Bhadrak Rural,2,Shared: Eastern Coastal Plain (Subhumid–Semi-Arid) + Eastern Plateau (Chhotanagpur) & Eastern Ghats (Subhumid),#888888
OD,Bhadrak,Bhandari Pokhari,1,Eastern Plateau (Chhotanagpur) & Eastern Ghats (Subhumid),#5cb7aa
OD,Bhadrak,Chandabali,1,Eastern Coastal Plain (Subhumid–Semi-Arid),#fff1a8
OD,Bhadrak,Dhamanagar,1,Eastern Plateau (Chhotanagpur) & Eastern Ghats (Subhumid),#5cb7aa
OD,Bhadrak,Dhamara Marine,1,Eastern Coastal Plain (Subhumid–Semi-Arid),#fff1a8
OD,Bhadrak,Dhusuri,2,Shared: Eastern Coastal Plain (Subhumid–Semi-Arid) + Eastern Plateau (Chhotanagpur) & Eastern Ghats (Subhumid),#888888
OD,Bhadrak,Naikanidihi,1,Eastern Coastal Plain (Subhumid–Semi-Arid),#fff1a8
OD,Bhadrak,Tihidi,2,Shared: Eastern Coastal Plain (Subhumid–Semi-Arid) + Eastern Plateau (Chhotanagpur) & Eastern Ghats (Subhumid),#888888
OD,Boudh,Baudh Sadar,1,Eastern Plateau (Chhotanagpur) & Eastern Ghats (Subhumid),#5cb7aa
OD,Boudh,Baunsuni,1,Eastern Plateau (Chhotanagpur) & Eastern Ghats (Subhumid),#5cb7aa
OD,Boudh,Harbhanga,1,Eastern Plateau (Chhotanagpur) & Eastern Ghats (Subhumid),#5cb7aa
OD,Boudh,Kantamal,1,Eastern Plateau (Chhotanagpur) & Eastern Ghats (Subhumid),#5cb7aa
OD,Boudh,Manamunda,1,Eastern Plateau (Chhotanagpur) & Eastern Ghats (Subhumid),#5cb7aa
OD,Boudh,Puruna Katak,1,Eastern Plateau (Chhotanagpur) & Eastern Ghats (Subhumid),#5cb7aa
OD,Cuttack,Athagad,1,Eastern Plateau (Chhotanagpur) & Eastern Ghats (Subhumid),#5cb7aa
OD,Cuttack,Badamba,1,Eastern Plateau (Chhotanagpur) & Eastern Ghats (Subhumid),#5cb7aa
OD,Cuttack,Baidyeswar,1,Eastern Plateau (Chhotanagpur) & Eastern Ghats (Subhumid),#5cb7aa
OD,Cuttack,Banki,1,Eastern Plateau (Chhotanagpur) & Eastern Ghats (Subhumid),#5cb7aa
OD,Cuttack,Barang,1,Eastern Plateau (Chhotanagpur) & Eastern Ghats (Subhumid),#5cb7aa
OD,Cuttack,C.R.R.I.,1,Eastern Plateau (Chhotanagpur) & Eastern Ghats (Subhumid),#5cb7aa
OD,Cuttack,Choudwar,1,Eastern Plateau (Chhotanagpur) & Eastern Ghats (Subhumid),#5cb7aa
OD,Cuttack,Cuttack (M.Corp.) P.S,1,Eastern Plateau (Chhotanagpur) & Eastern Ghats (Subhumid),#5cb7aa
OD,Cuttack,Cuttack Sadar,2,Shared: Eastern Coastal Plain (Subhumid–Semi-Arid) + Eastern Plateau (Chhotanagpur) & Eastern Ghats (Subhumid),#888888
OD,Cuttack,Gobindpur,2,Shared: Eastern Coastal Plain (Subhumid–Semi-Arid) + Eastern Plateau (Chhotanagpur) & Eastern Ghats (Subhumid),#888888
OD,Cuttack,Gurudijhatia,1,Eastern Plateau (Chhotanagpur) & Eastern Ghats (Subhumid),#5cb7aa
OD,Cuttack,Jagatpur,1,Eastern Plateau (Chhotanagpur) & Eastern Ghats (Subhumid),#5cb7aa
OD,Cuttack,Kandarpur,1,Eastern Plateau (Chhotanagpur) & Eastern Ghats (Subhumid),#5cb7aa
OD,Cuttack,Kanpur,1,Eastern Plateau (Chhotanagpur) & Eastern Ghats (Subhumid),#5cb7aa
OD,Cuttack,Khuntuni,1,Eastern Plateau (Chhotanagpur) & Eastern Ghats (Subhumid),#5cb7aa
OD,Cuttack,Kishannagar,2,Shared: Eastern Coastal Plain (Subhumid–Semi-Arid) + Eastern Plateau (Chhotanagpur) & Eastern Ghats (Subhumid),#888888
OD,Cuttack,Mahanga,2,Shared: Eastern Coastal Plain (Subhumid–Semi-Arid) + Eastern Plateau (Chhotanagpur) & Eastern Ghats (Subhumid),#888888
OD,Cuttack,Narasinghpur,1,Eastern Plateau (Chhotanagpur) & Eastern Ghats (Subhumid),#5cb7aa
OD,Cuttack,Nemalo,2,Shared: Eastern Coastal Plain (Subhumid–Semi-Arid) + Eastern Plateau (Chhotanagpur) & Eastern Ghats (Subhumid),#888888
OD,Cuttack,Niali,1,Eastern Coastal Plain (Subhumid–Semi-Arid),#fff1a8
OD,Cuttack,Nischintakoili,2,Shared: Eastern Coastal Plain (Subhumid–Semi-Arid) + Eastern Plateau (Chhotanagpur) & Eastern Ghats (Subhumid),#888888
OD,Cuttack,Olatapur,1,Eastern Coastal Plain (Subhumid–Semi-Arid),#fff1a8
OD,Cuttack,Salepur,1,Eastern Plateau (Chhotanagpur) & Eastern Ghats (Subhumid),#5cb7aa
OD,Cuttack,Tangi,1,Eastern Plateau (Chhotanagpur) & Eastern Ghats (Subhumid),#5cb7aa
OD,Cuttack,Tigiria,1,Eastern Plateau (Chhotanagpur) & Eastern Ghats (Subhumid),#5cb7aa
OD,Deogarh,Barkot,1,Eastern Plateau (Chhotanagpur) & Eastern Ghats (Subhumid),#5cb7aa
OD,Deogarh,Debagarh,1,Eastern Plateau (Chhotanagpur) & Eastern Ghats (Subhumid),#5cb7aa
OD,Deogarh,Kundheigola,1,Eastern Plateau (Chhotanagpur) & Eastern Ghats (Subhumid),#5cb7aa
OD,Deogarh,Reamal,1,Eastern Plateau (Chhotanagpur) & Eastern Ghats (Subhumid),#5cb7aa
OD,Dhenkanal,Balimi,1,Eastern Plateau (Chhotanagpur) & Eastern Ghats (Subhumid),#5cb7aa
OD,Dhenkanal,Bhuban,1,Eastern Plateau (Chhotanagpur) & Eastern Ghats (Subhumid),#5cb7aa
OD,Dhenkanal,Bhusan Steel Limited,1,Eastern Plateau (Chhotanagpur) & Eastern Ghats (Subhumid),#5cb7aa
OD,Dhenkanal,Dhenkanal Sadar,1,Eastern Plateau (Chhotanagpur) & Eastern Ghats (Subhumid),#5cb7aa
OD,Dhenkanal,Gandia,1,Eastern Plateau (Chhotanagpur) & Eastern Ghats (Subhumid),#5cb7aa
OD,Dhenkanal,Hindol,1,Eastern Plateau (Chhotanagpur) & Eastern Ghats (Subhumid),#5cb7aa
OD,Dhenkanal,Kamakshyanagar,1,Eastern Plateau (Chhotanagpur) & Eastern Ghats (Subhumid),#5cb7aa
OD,Dhenkanal,Kankadahad,1,Eastern Plateau (Chhotanagpur) & Eastern Ghats (Subhumid),#5cb7aa
OD,Dhenkanal,Motunga,1,Eastern Plateau (Chhotanagpur) & Eastern Ghats (Subhumid),#5cb7aa
OD,Dhenkanal,Nihalprasad,1,Eastern Plateau (Chhotanagpur) & Eastern Ghats (Subhumid),#5cb7aa
OD,Dhenkanal,Parajang,1,Eastern Plateau (Chhotanagpur) & Eastern Ghats (Subhumid),#5cb7aa
OD,Dhenkanal,Rasol,1,Eastern Plateau (Chhotanagpur) & Eastern Ghats (Subhumid),#5cb7aa
OD,Dhenkanal,Tumusingha,1,Eastern Plateau (Chhotanagpur) & Eastern Ghats (Subhumid),#5cb7aa
OD,Gajapati,Adava,1,Eastern Plateau (Chhotanagpur) & Eastern Ghats (Subhumid),#5cb7aa
OD,Gajapati,Garabandha,1,Eastern Coastal Plain (Subhumid–Semi-Arid),#fff1a8
OD,Gajapati,Gurandi,1,Eastern Coastal Plain (Subhumid–Semi-Arid),#fff1a8
OD,Gajapati,Kasinagar,1,Eastern Plateau (Chhotanagpur) & Eastern Ghats (Subhumid),#5cb7aa
OD,Gajapati,Mohana,1,Eastern Plateau (Chhotanagpur) & Eastern Ghats (Subhumid),#5cb7aa
OD,Gajapati,Paralakhemundi,2,Shared: Eastern Coastal Plain (Subhumid–Semi-Arid) + Eastern Plateau (Chhotanagpur) & Eastern Ghats (Subhumid),#888888
OD,Gajapati,R.Udayagiri,1,Eastern Plateau (Chhotanagpur) & Eastern Ghats (Subhumid),#5cb7aa
OD,Gajapati,Ramagiri,2,Shared: Eastern Coastal Plain (Subhumid–Semi-Arid) + Eastern Plateau (Chhotanagpur) & Eastern Ghats (Subhumid),#888888
OD,Gajapati,Rayagada,2,Shared: Eastern Coastal Plain (Subhumid–Semi-Arid) + Eastern Plateau (Chhotanagpur) & Eastern Ghats (Subhumid),#888888
OD,Gajapati,Serango,2,Shared: Eastern Coastal Plain (Subhumid–Semi-Arid) + Eastern Plateau (Chhotanagpur) & Eastern Ghats (Subhumid),#888888
OD,Ganjam,Arjyapalli Marine,1,Eastern Coastal Plain (Subhumid–Semi-Arid),#fff1a8
OD,Ganjam,Asika,1,Eastern Plateau (Chhotanagpur) & Eastern Ghats (Subhumid),#5cb7aa
OD,Ganjam,Badagada,1,Eastern Plateau (Chhotanagpur) & Eastern Ghats (Subhumid),#5cb7aa
OD,Ganjam,Bhanjanagar,1,Eastern Plateau (Chhotanagpur) & Eastern Ghats (Subhumid),#5cb7aa
OD,Ganjam,Brahmapur (M.Corp.),1,Eastern Coastal Plain (Subhumid–Semi-Arid),#fff1a8
OD,Ganjam,Brahmapur Sadar,2,Shared: Eastern Coastal Plain (Subhumid–Semi-Arid) + Eastern Plateau (Chhotanagpur) & Eastern Ghats (Subhumid),#888888
OD,Ganjam,Buguda,1,Eastern Plateau (Chhotanagpur) & Eastern Ghats (Subhumid),#5cb7aa
OD,Ganjam,Chamakhandi,1,Eastern Coastal Plain (Subhumid–Semi-Arid),#fff1a8
OD,Ganjam,Chhatrapur,1,Eastern Coastal Plain (Subhumid–Semi-Arid),#fff1a8
OD,Ganjam,Dharakote,1,Eastern Plateau (Chhotanagpur) & Eastern Ghats (Subhumid),#5cb7aa
OD,Ganjam,Digapahandi,2,Shared: Eastern Coastal Plain (Subhumid–Semi-Arid) + Eastern Plateau (Chhotanagpur) & Eastern Ghats (Subhumid),#888888
OD,Ganjam,Gangapur,1,Eastern Plateau (Chhotanagpur) & Eastern Ghats (Subhumid),#5cb7aa
OD,Ganjam,Ganjam,1,Eastern Coastal Plain (Subhumid–Semi-Arid),#fff1a8
OD,Ganjam,Golanthara,1,Eastern Coastal Plain (Subhumid–Semi-Arid),#fff1a8
OD,Ganjam,Gopalpur,1,Eastern Coastal Plain (Subhumid–Semi-Arid),#fff1a8
OD,Ganjam,Hinjili,2,Shared: Eastern Coastal Plain (Subhumid–Semi-Arid) + Eastern Plateau (Chhotanagpur) & Eastern Ghats (Subhumid),#888888
OD,Ganjam,Jagannath Prasad,1,Eastern Plateau (Chhotanagpur) & Eastern Ghats (Subhumid),#5cb7aa
OD,Ganjam,Jarada,2,Shared: Eastern Coastal Plain (Subhumid–Semi-Arid) + Eastern Plateau (Chhotanagpur) & Eastern Ghats (Subhumid),#888888
OD,Ganjam,Kabisuryanagar,2,Shared: Eastern Coastal Plain (Subhumid–Semi-Arid) + Eastern Plateau (Chhotanagpur) & Eastern Ghats (Subhumid),#888888
OD,Ganjam,Khalikote,1,Eastern Coastal Plain (Subhumid–Semi-Arid),#fff1a8
OD,Ganjam,Kodala,2,Shared: Eastern Coastal Plain (Subhumid–Semi-Arid) + Eastern Plateau (Chhotanagpur) & Eastern Ghats (Subhumid),#888888
OD,Ganjam,Nuagaon,2,Shared: Eastern Coastal Plain (Subhumid–Semi-Arid) + Eastern Plateau (Chhotanagpur) & Eastern Ghats (Subhumid),#888888
OD,Ganjam,Patapur,2,Shared: Eastern Coastal Plain (Subhumid–Semi-Arid) + Eastern Plateau (Chhotanagpur) & Eastern Ghats (Subhumid),#888888
OD,Ganjam,Polasara,2,Shared: Eastern Coastal Plain (Subhumid–Semi-Arid) + Eastern Plateau (Chhotanagpur) & Eastern Ghats (Subhumid),#888888
OD,Ganjam,Purusottampur,2,Shared: Eastern Coastal Plain (Subhumid–Semi-Arid) + Eastern Plateau (Chhotanagpur) & Eastern Ghats (Subhumid),#888888
OD,Ganjam,Rambha,1,Eastern Coastal Plain (Subhumid–Semi-Arid),#fff1a8
OD,Ganjam,Seragad,2,Shared: Eastern Coastal Plain (Subhumid–Semi-Arid) + Eastern Plateau (Chhotanagpur) & Eastern Ghats (Subhumid),#888888
OD,Ganjam,Surada,1,Eastern Plateau (Chhotanagpur) & Eastern Ghats (Subhumid),#5cb7aa
OD,Ganjam,Tarasingi,1,Eastern Plateau (Chhotanagpur) & Eastern Ghats (Subhumid),#5cb7aa
OD,Jagatsinghapur,Abhyachandpur,1,Eastern Coastal Plain (Subhumid–Semi-Arid),#fff1a8
OD,Jagatsinghapur,Balikuda,1,Eastern Coastal Plain (Subhumid–Semi-Arid),#fff1a8
OD,Jagatsinghapur,Biridi,2,Shared: Eastern Coastal Plain (Subhumid–Semi-Arid) + Eastern Plateau (Chhotanagpur) & Eastern Ghats (Subhumid),#888888
OD,Jagatsinghapur,Ersama,1,Eastern Coastal Plain (Subhumid–Semi-Arid),#fff1a8
OD,Jagatsinghapur,Jagatsinghapur,1,Eastern Coastal Plain (Subhumid–Semi-Arid),#fff1a8
OD,Jagatsinghapur,Kujang,1,Eastern Coastal Plain (Subhumid–Semi-Arid),#fff1a8
OD,Jagatsinghapur,Naugaon,1,Eastern Coastal Plain (Subhumid–Semi-Arid),#fff1a8
OD,Jagatsinghapur,Paradeep Lock,1,Eastern Coastal Plain (Subhumid–Semi-Arid),#fff1a8
OD,Jagatsinghapur,Paradip,1,Eastern Coastal Plain (Subhumid–Semi-Arid),#fff1a8
OD,Jagatsinghapur,Tirtol,1,Eastern Coastal Plain (Subhumid–Semi-Arid),#fff1a8
OD,Jajapur,Badachana,1,Eastern Plateau (Chhotanagpur) & Eastern Ghats (Subhumid),#5cb7aa
OD,Jajapur,Balichandrapur,1,Eastern Plateau (Chhotanagpur) & Eastern Ghats (Subhumid),#5cb7aa
OD,Jajapur,Bari - Ramachandrapur,2,Shared: Eastern Coastal Plain (Subhumid–Semi-Arid) + Eastern Plateau (Chhotanagpur) & Eastern Ghats (Subhumid),#888888
OD,Jajapur,Binjharpur,2,Shared: Eastern Coastal Plain (Subhumid–Semi-Arid) + Eastern Plateau (Chhotanagpur) & Eastern Ghats (Subhumid),#888888
OD,Jajapur,Dharmasala,1,Eastern Plateau (Chhotanagpur) & Eastern Ghats (Subhumid),#5cb7aa
OD,Jajapur,Jajapur,1,Eastern Plateau (Chhotanagpur) & Eastern Ghats (Subhumid),#5cb7aa
OD,Jajapur,Jajapur Road,1,Eastern Plateau (Chhotanagpur) & Eastern Ghats (Subhumid),#5cb7aa
OD,Jajapur,Jajpur Sadar,1,Eastern Plateau (Chhotanagpur) & Eastern Ghats (Subhumid),#5cb7aa
OD,Jajapur,Jakhapura,1,Eastern Plateau (Chhotanagpur) & Eastern Ghats (Subhumid),#5cb7aa
OD,Jajapur,Jenapur,1,Eastern Plateau (Chhotanagpur) & Eastern Ghats (Subhumid),#5cb7aa
OD,Jajapur,Kaliapani,1,Eastern Plateau (Chhotanagpur) & Eastern Ghats (Subhumid),#5cb7aa
OD,Jajapur,Kalinganagar,1,Eastern Plateau (Chhotanagpur) & Eastern Ghats (Subhumid),#5cb7aa
OD,Jajapur,Korai,1,Eastern Plateau (Chhotanagpur) & Eastern Ghats (Subhumid),#5cb7aa
OD,Jajapur,Kuakhia,1,Eastern Plateau (Chhotanagpur) & Eastern Ghats (Subhumid),#5cb7aa
OD,Jajapur,Mangalpur,2,Shared: Eastern Coastal Plain (Subhumid–Semi-Arid) + Eastern Plateau (Chhotanagpur) & Eastern Ghats (Subhumid),#888888
OD,Jajapur,Panikoili,1,Eastern Plateau (Chhotanagpur) & Eastern Ghats (Subhumid),#5cb7aa
OD,Jajapur,Sukinda,1,Eastern Plateau (Chhotanagpur) & Eastern Ghats (Subhumid),#5cb7aa
OD,Jajapur,Tomka,1,Eastern Plateau (Chhotanagpur) & Eastern Ghats (Subhumid),#5cb7aa
OD,Jharsuguda,Badmal,1,Eastern Plateau (Chhotanagpur) & Eastern Ghats (Subhumid),#5cb7aa
OD,Jharsuguda,Banaharapali,1,Eastern Plateau (Chhotanagpur) & Eastern Ghats (Subhumid),#5cb7aa
OD,Jharsuguda,Belpahar,1,Eastern Plateau (Chhotanagpur) & Eastern Ghats (Subhumid),#5cb7aa
OD,Jharsuguda,Brajarajnagar,1,Eastern Plateau (Chhotanagpur) & Eastern Ghats (Subhumid),#5cb7aa
OD,Jharsuguda,Jharsuguda,1,Eastern Plateau (Chhotanagpur) & Eastern Ghats (Subhumid),#5cb7aa
OD,Jharsuguda,Kolabira,1,Eastern Plateau (Chhotanagpur) & Eastern Ghats (Subhumid),#5cb7aa
OD,Jharsuguda,Laikera,1,Eastern Plateau (Chhotanagpur) & Eastern Ghats (Subhumid),#5cb7aa
OD,Jharsuguda,Lakhanpur,1,Eastern Plateau (Chhotanagpur) & Eastern Ghats (Subhumid),#5cb7aa
OD,Jharsuguda,Orient,1,Eastern Plateau (Chhotanagpur) & Eastern Ghats (Subhumid),#5cb7aa
OD,Jharsuguda,Rengali,2,Shared: Eastern Plateau (Chhattisgarh) + Eastern Plateau (Chhotanagpur) & Eastern Ghats (Subhumid),#888888
OD,Kalahandi,Biswanathpur,1,Eastern Plateau (Chhotanagpur) & Eastern Ghats (Subhumid),#5cb7aa
OD,Kalahandi,Dharamgarh,2,Shared: Eastern Plateau (Chhattisgarh) + Eastern Plateau (Chhotanagpur) & Eastern Ghats (Subhumid),#888888
OD,Kalahandi,Golamunda,2,Shared: Eastern Plateau (Chhattisgarh) + Eastern Plateau (Chhotanagpur) & Eastern Ghats (Subhumid),#888888
OD,Kalahandi,Jayapatna,1,Eastern Plateau (Chhotanagpur) & Eastern Ghats (Subhumid),#5cb7aa
OD,Kalahandi,Junagarh,1,Eastern Plateau (Chhotanagpur) & Eastern Ghats (Subhumid),#5cb7aa
OD,Kalahandi,Kegaon,1,Eastern Plateau (Chhotanagpur) & Eastern Ghats (Subhumid),#5cb7aa
OD,Kalahandi,Kesinga,1,Eastern Plateau (Chhotanagpur) & Eastern Ghats (Subhumid),#5cb7aa
OD,Kalahandi,Kokasara,2,Shared: Eastern Plateau (Chhattisgarh) + Eastern Plateau (Chhotanagpur) & Eastern Ghats (Subhumid),#888888
OD,Kalahandi,Lanjigarh,1,Eastern Plateau (Chhotanagpur) & Eastern Ghats (Subhumid),#5cb7aa
OD,Kalahandi,Madanpur Rampur,1,Eastern Plateau (Chhotanagpur) & Eastern Ghats (Subhumid),#5cb7aa
OD,Kalahandi,Narala,1,Eastern Plateau (Chhotanagpur) & Eastern Ghats (Subhumid),#5cb7aa
OD,Kalahandi,Sadar,1,Eastern Plateau (Chhotanagpur) & Eastern Ghats (Subhumid),#5cb7aa
OD,Kalahandi,Thuamul Rampur,1,Eastern Plateau (Chhotanagpur) & Eastern Ghats (Subhumid),#5cb7aa
OD,Kandhamal,Baliguda,1,Eastern Plateau (Chhotanagpur) & Eastern Ghats (Subhumid),#5cb7aa
OD,Kandhamal,Belaghar,1,Eastern Plateau (Chhotanagpur) & Eastern Ghats (Subhumid),#5cb7aa
OD,Kandhamal,Brahmanigaon,1,Eastern Plateau (Chhotanagpur) & Eastern Ghats (Subhumid),#5cb7aa
OD,Kandhamal,Chakapada,1,Eastern Plateau (Chhotanagpur) & Eastern Ghats (Subhumid),#5cb7aa
OD,Kandhamal,Daringbadi,1,Eastern Plateau (Chhotanagpur) & Eastern Ghats (Subhumid),#5cb7aa
OD,Kandhamal,G.Udayagiri,1,Eastern Plateau (Chhotanagpur) & Eastern Ghats (Subhumid),#5cb7aa
OD,Kandhamal,Gochhapada,1,Eastern Plateau (Chhotanagpur) & Eastern Ghats (Subhumid),#5cb7aa
OD,Kandhamal,Khajuripada,1,Eastern Plateau (Chhotanagpur) & Eastern Ghats (Subhumid),#5cb7aa
OD,Kandhamal,Kotagarh,1,Eastern Plateau (Chhotanagpur) & Eastern Ghats (Subhumid),#5cb7aa
OD,Kandhamal,Nuagaon,1,Eastern Plateau (Chhotanagpur) & Eastern Ghats (Subhumid),#5cb7aa
OD,Kandhamal,Phiringia,1,Eastern Plateau (Chhotanagpur) & Eastern Ghats (Subhumid),#5cb7aa
OD,Kandhamal,Phulabani,1,Eastern Plateau (Chhotanagpur) & Eastern Ghats (Subhumid),#5cb7aa
OD,Kandhamal,Phulabani Town,1,Eastern Plateau (Chhotanagpur) & Eastern Ghats (Subhumid),#5cb7aa
OD,Kandhamal,Raikia,1,Eastern Plateau (Chhotanagpur) & Eastern Ghats (Subhumid),#5cb7aa
OD,Kandhamal,Sarangagarh,1,Eastern Plateau (Chhotanagpur) & Eastern Ghats (Subhumid),#5cb7aa
OD,Kandhamal,Tikabali,1,Eastern Plateau (Chhotanagpur) & Eastern Ghats (Subhumid),#5cb7aa
OD,Kandhamal,Tumudibandha,1,Eastern Plateau (Chhotanagpur) & Eastern Ghats (Subhumid),#5cb7aa
OD,Kendrapara,Aali,2,Shared: Eastern Coastal Plain (Subhumid–Semi-Arid) + Eastern Plateau (Chhotanagpur) & Eastern Ghats (Subhumid),#888888
OD,Kendrapara,Derabish,2,Shared: Eastern Coastal Plain (Subhumid–Semi-Arid) + Eastern Plateau (Chhotanagpur) & Eastern Ghats (Subhumid),#888888
OD,Kendrapara,Jamboo Marine,1,Eastern Coastal Plain (Subhumid–Semi-Arid),#fff1a8
OD,Kendrapara,Kendrapara,1,Eastern Coastal Plain (Subhumid–Semi-Arid),#fff1a8
OD,Kendrapara,Kendrapara Sadar,1,Eastern Coastal Plain (Subhumid–Semi-Arid),#fff1a8
OD,Kendrapara,Mahakalapada,1,Eastern Coastal Plain (Subhumid–Semi-Arid),#fff1a8
OD,Kendrapara,Marsaghai,1,Eastern Coastal Plain (Subhumid–Semi-Arid),#fff1a8
OD,Kendrapara,Nikirai,2,Shared: Eastern Coastal Plain (Subhumid–Semi-Arid) + Eastern Plateau (Chhotanagpur) & Eastern Ghats (Subhumid),#888888
OD,Kendrapara,Patkura,1,Eastern Coastal Plain (Subhumid–Semi-Arid),#fff1a8
OD,Kendrapara,Pattamundai,2,Shared: Eastern Coastal Plain (Subhumid–Semi-Arid) + Eastern Plateau (Chhotanagpur) & Eastern Ghats (Subhumid),#888888
OD,Kendrapara,Rajkanika,2,Shared: Eastern Coastal Plain (Subhumid–Semi-Arid) + Eastern Plateau (Chhotanagpur) & Eastern Ghats (Subhumid),#888888
OD,Kendrapara,Rajnagar,2,Shared: Assam & Bengal Plain (Subhumid–Humid) + Eastern Coastal Plain (Subhumid–Semi-Arid),#888888
OD,Kendujhar,Anandapur,1,Eastern Plateau (Chhotanagpur) & Eastern Ghats (Subhumid),#5cb7aa
OD,Kendujhar,Bamebari,1,Eastern Plateau (Chhotanagpur) & Eastern Ghats (Subhumid),#5cb7aa
OD,Kendujhar,Barbil,1,Eastern Plateau (Chhotanagpur) & Eastern Ghats (Subhumid),#5cb7aa
OD,Kendujhar,Baria,1,Eastern Plateau (Chhotanagpur) & Eastern Ghats (Subhumid),#5cb7aa
OD,Kendujhar,Bolani,1,Eastern Plateau (Chhotanagpur) & Eastern Ghats (Subhumid),#5cb7aa
OD,Kendujhar,Champua,1,Eastern Plateau (Chhotanagpur) & Eastern Ghats (Subhumid),#5cb7aa
OD,Kendujhar,Daitari,1,Eastern Plateau (Chhotanagpur) & Eastern Ghats (Subhumid),#5cb7aa
OD,Kendujhar,Ghasipura,1,Eastern Plateau (Chhotanagpur) & Eastern Ghats (Subhumid),#5cb7aa
OD,Kendujhar,Ghatgaon,1,Eastern Plateau (Chhotanagpur) & Eastern Ghats (Subhumid),#5cb7aa
OD,Kendujhar,Harichandanpur,1,Eastern Plateau (Chhotanagpur) & Eastern Ghats (Subhumid),#5cb7aa
OD,Kendujhar,Jhumpura,1,Eastern Plateau (Chhotanagpur) & Eastern Ghats (Subhumid),#5cb7aa
OD,Kendujhar,Joda,1,Eastern Plateau (Chhotanagpur) & Eastern Ghats (Subhumid),#5cb7aa
OD,Kendujhar,Kanjipani,1,Eastern Plateau (Chhotanagpur) & Eastern Ghats (Subhumid),#5cb7aa
OD,Kendujhar,Kendujhar Sadar,1,Eastern Plateau (Chhotanagpur) & Eastern Ghats (Subhumid),#5cb7aa
OD,Kendujhar,Kendujhar Town,1,Eastern Plateau (Chhotanagpur) & Eastern Ghats (Subhumid),#5cb7aa
OD,Kendujhar,Nandipada,1,Eastern Plateau (Chhotanagpur) & Eastern Ghats (Subhumid),#5cb7aa
OD,Kendujhar,Nayakote,1,Eastern Plateau (Chhotanagpur) & Eastern Ghats (Subhumid),#5cb7aa
OD,Kendujhar,Pandapara,1,Eastern Plateau (Chhotanagpur) & Eastern Ghats (Subhumid),#5cb7aa
OD,Kendujhar,Patana,1,Eastern Plateau (Chhotanagpur) & Eastern Ghats (Subhumid),#5cb7aa
OD,Kendujhar,Rugudi,1,Eastern Plateau (Chhotanagpur) & Eastern Ghats (Subhumid),#5cb7aa
OD,Kendujhar,Sainkul,1,Eastern Plateau (Chhotanagpur) & Eastern Ghats (Subhumid),#5cb7aa
OD,Kendujhar,Soso,1,Eastern Plateau (Chhotanagpur) & Eastern Ghats (Subhumid),#5cb7aa
OD,Kendujhar,Telkoi,1,Eastern Plateau (Chhotanagpur) & Eastern Ghats (Subhumid),#5cb7aa
OD,Kendujhar,Turumunga,1,Eastern Plateau (Chhotanagpur) & Eastern Ghats (Subhumid),#5cb7aa
OD,Khordha,Airfield (Kapila Prasad),2,Shared: Eastern Coastal Plain (Subhumid–Semi-Arid) + Eastern Plateau (Chhotanagpur) & Eastern Ghats (Subhumid),#888888
OD,Khordha,Balianta,2,Shared: Eastern Coastal Plain (Subhumid–Semi-Arid) + Eastern Plateau (Chhotanagpur) & Eastern Ghats (Subhumid),#888888
OD,Khordha,Balipatna,1,Eastern Coastal Plain (Subhumid–Semi-Arid),#fff1a8
OD,Khordha,Balugaon,2,Shared: Eastern Coastal Plain (Subhumid–Semi-Arid) + Eastern Plateau (Chhotanagpur) & Eastern Ghats (Subhumid),#888888
OD,Khordha,Banapur,2,Shared: Eastern Coastal Plain (Subhumid–Semi-Arid) + Eastern Plateau (Chhotanagpur) & Eastern Ghats (Subhumid),#888888
OD,Khordha,Begunia,1,Eastern Plateau (Chhotanagpur) & Eastern Ghats (Subhumid),#5cb7aa
OD,Khordha,Bhubaneswar (M.Corp.),2,Shared: Eastern Coastal Plain (Subhumid–Semi-Arid) + Eastern Plateau (Chhotanagpur) & Eastern Ghats (Subhumid),#888888
OD,Khordha,Bolagad,1,Eastern Plateau (Chhotanagpur) & Eastern Ghats (Subhumid),#5cb7aa
OD,Khordha,Chandaka,1,Eastern Plateau (Chhotanagpur) & Eastern Ghats (Subhumid),#5cb7aa
OD,Khordha,Jankia,2,Shared: Eastern Coastal Plain (Subhumid–Semi-Arid) + Eastern Plateau (Chhotanagpur) & Eastern Ghats (Subhumid),#888888
OD,Khordha,Jatani,2,Shared: Eastern Coastal Plain (Subhumid–Semi-Arid) + Eastern Plateau (Chhotanagpur) & Eastern Ghats (Subhumid),#888888
OD,Khordha,Khandagiri,2,Shared: Eastern Coastal Plain (Subhumid–Semi-Arid) + Eastern Plateau (Chhotanagpur) & Eastern Ghats (Subhumid),#888888
OD,Khordha,Khordha,1,Eastern Plateau (Chhotanagpur) & Eastern Ghats (Subhumid),#5cb7aa
OD,Khordha,Khordha Sadar,2,Shared: Eastern Coastal Plain (Subhumid–Semi-Arid) + Eastern Plateau (Chhotanagpur) & Eastern Ghats (Subhumid),#888888
OD,Khordha,Lingaraj,1,Eastern Plateau (Chhotanagpur) & Eastern Ghats (Subhumid),#5cb7aa
OD,Khordha,Mancheswar,1,Eastern Plateau (Chhotanagpur) & Eastern Ghats (Subhumid),#5cb7aa
OD,Khordha,Nandankanan,1,Eastern Plateau (Chhotanagpur) & Eastern Ghats (Subhumid),#5cb7aa
OD,Khordha,Nirakarpur,1,Eastern Coastal Plain (Subhumid–Semi-Arid),#fff1a8
OD,Khordha,Saheednagar,2,Shared: Eastern Coastal Plain (Subhumid–Semi-Arid) + Eastern Plateau (Chhotanagpur) & Eastern Ghats (Subhumid),#888888
OD,Khordha,Tamando,1,Eastern Plateau (Chhotanagpur) & Eastern Ghats (Subhumid),#5cb7aa
OD,Khordha,Tangi,2,Shared: Eastern Coastal Plain (Subhumid–Semi-Arid) + Eastern Plateau (Chhotanagpur) & Eastern Ghats (Subhumid),#888888
OD,Khordha,Uttara P.S,1,Eastern Coastal Plain (Subhumid–Semi-Arid),#fff1a8
OD,Koraput,Bandhugaon,1,Eastern Plateau (Chhotanagpur) & Eastern Ghats (Subhumid),#5cb7aa
OD,Koraput,Bhairabsingipur,1,Eastern Plateau (Chhotanagpur) & Eastern Ghats (Subhumid),#5cb7aa
OD,Koraput,Boipariguda,1,Eastern Plateau (Chhotanagpur) & Eastern Ghats (Subhumid),#5cb7aa
OD,Koraput,Boriguma,1,Eastern Plateau (Chhotanagpur) & Eastern Ghats (Subhumid),#5cb7aa
OD,Koraput,Damonjodi,1,Eastern Plateau (Chhotanagpur) & Eastern Ghats (Subhumid),#5cb7aa
OD,Koraput,Dasamantapur,1,Eastern Plateau (Chhotanagpur) & Eastern Ghats (Subhumid),#5cb7aa
OD,Koraput,Jeypore,1,Eastern Plateau (Chhotanagpur) & Eastern Ghats (Subhumid),#5cb7aa
OD,Koraput,Kakiriguma,1,Eastern Plateau (Chhotanagpur) & Eastern Ghats (Subhumid),#5cb7aa
OD,Koraput,Koraput,1,Eastern Plateau (Chhotanagpur) & Eastern Ghats (Subhumid),#5cb7aa
OD,Koraput,Koraput Town,1,Eastern Plateau (Chhotanagpur) & Eastern Ghats (Subhumid),#5cb7aa
OD,Koraput,Kotiya,1,Eastern Plateau (Chhotanagpur) & Eastern Ghats (Subhumid),#5cb7aa
OD,Koraput,Kotpad,1,Eastern Plateau (Chhotanagpur) & Eastern Ghats (Subhumid),#5cb7aa
OD,Koraput,Kundura,1,Eastern Plateau (Chhotanagpur) & Eastern Ghats (Subhumid),#5cb7aa
OD,Koraput,Lakshmipur,1,Eastern Plateau (Chhotanagpur) & Eastern Ghats (Subhumid),#5cb7aa
OD,Koraput,Machh Kund,1,Eastern Plateau (Chhotanagpur) & Eastern Ghats (Subhumid),#5cb7aa
OD,Koraput,Nandapur,1,Eastern Plateau (Chhotanagpur) & Eastern Ghats (Subhumid),#5cb7aa
OD,Koraput,Narayanpatana,1,Eastern Plateau (Chhotanagpur) & Eastern Ghats (Subhumid),#5cb7aa
OD,Koraput,Padua,1,Eastern Plateau (Chhotanagpur) & Eastern Ghats (Subhumid),#5cb7aa
OD,Koraput,Pottangi,1,Eastern Plateau (Chhotanagpur) & Eastern Ghats (Subhumid),#5cb7aa
OD,Koraput,Similiguda,1,Eastern Plateau (Chhotanagpur) & Eastern Ghats (Subhumid),#5cb7aa
OD,Koraput,Sunabeda,1,Eastern Plateau (Chhotanagpur) & Eastern Ghats (Subhumid),#5cb7aa
OD,Malkangiri,Chitrakonda,1,Eastern Plateau (Chhotanagpur) & Eastern Ghats (Subhumid),#5cb7aa
OD,Malkangiri,Jodamba,1,Eastern Plateau (Chhotanagpur) & Eastern Ghats (Subhumid),#5cb7aa
OD,Malkangiri,Kalimela,1,Eastern Plateau (Chhotanagpur) & Eastern Ghats (Subhumid),#5cb7aa
OD,Malkangiri,M.V. 79,1,Eastern Plateau (Chhotanagpur) & Eastern Ghats (Subhumid),#5cb7aa
OD,Malkangiri,Malkangiri,1,Eastern Plateau (Chhotanagpur) & Eastern Ghats (Subhumid),#5cb7aa
OD,Malkangiri,Mathili,1,Eastern Plateau (Chhotanagpur) & Eastern Ghats (Subhumid),#5cb7aa
OD,Malkangiri,Motu,1,Eastern Plateau (Chhotanagpur) & Eastern Ghats (Subhumid),#5cb7aa
OD,Malkangiri,Mudulipada,1,Eastern Plateau (Chhotanagpur) & Eastern Ghats (Subhumid),#5cb7aa
OD,Malkangiri,Orkel,1,Eastern Plateau (Chhotanagpur) & Eastern Ghats (Subhumid),#5cb7aa
OD,Malkangiri,Paparmetla,1,Eastern Plateau (Chhotanagpur) & Eastern Ghats (Subhumid),#5cb7aa
OD,Malkangiri,Podia,1,Eastern Plateau (Chhotanagpur) & Eastern Ghats (Subhumid),#5cb7aa
OD,Mayurbhanj,Badampahar,1,Eastern Plateau (Chhotanagpur) & Eastern Ghats (Subhumid),#5cb7aa
OD,Mayurbhanj,Bahalda,1,Eastern Plateau (Chhotanagpur) & Eastern Ghats (Subhumid),#5cb7aa
OD,Mayurbhanj,Baisinga,2,Shared: Eastern Coastal Plain (Subhumid–Semi-Arid) + Eastern Plateau (Chhotanagpur) & Eastern Ghats (Subhumid),#888888
OD,Mayurbhanj,Bangiriposi,1,Eastern Plateau (Chhotanagpur) & Eastern Ghats (Subhumid),#5cb7aa
OD,Mayurbhanj,Baripada (M),1,Eastern Plateau (Chhotanagpur) & Eastern Ghats (Subhumid),#5cb7aa
OD,Mayurbhanj,Baripada Sadar,1,Eastern Plateau (Chhotanagpur) & Eastern Ghats (Subhumid),#5cb7aa
OD,Mayurbhanj,Baripada Town,1,Eastern Plateau (Chhotanagpur) & Eastern Ghats (Subhumid),#5cb7aa
OD,Mayurbhanj,Barsahi,1,Eastern Plateau (Chhotanagpur) & Eastern Ghats (Subhumid),#5cb7aa
OD,Mayurbhanj,Betanati,1,Eastern Plateau (Chhotanagpur) & Eastern Ghats (Subhumid),#5cb7aa
OD,Mayurbhanj,Bisoi,1,Eastern Plateau (Chhotanagpur) & Eastern Ghats (Subhumid),#5cb7aa
OD,Mayurbhanj,Chandua,1,Eastern Plateau (Chhotanagpur) & Eastern Ghats (Subhumid),#5cb7aa
OD,Mayurbhanj,Ghagarbeda,1,Eastern Plateau (Chhotanagpur) & Eastern Ghats (Subhumid),#5cb7aa
OD,Mayurbhanj,Gorumahisani,1,Eastern Plateau (Chhotanagpur) & Eastern Ghats (Subhumid),#5cb7aa
OD,Mayurbhanj,Jamda,1,Eastern Plateau (Chhotanagpur) & Eastern Ghats (Subhumid),#5cb7aa
OD,Mayurbhanj,Jashipur,1,Eastern Plateau (Chhotanagpur) & Eastern Ghats (Subhumid),#5cb7aa
OD,Mayurbhanj,Jharpokharia,1,Eastern Plateau (Chhotanagpur) & Eastern Ghats (Subhumid),#5cb7aa
OD,Mayurbhanj,Kaptipada,1,Eastern Plateau (Chhotanagpur) & Eastern Ghats (Subhumid),#5cb7aa
OD,Mayurbhanj,Karanjia,1,Eastern Plateau (Chhotanagpur) & Eastern Ghats (Subhumid),#5cb7aa
OD,Mayurbhanj,Khunta,1,Eastern Plateau (Chhotanagpur) & Eastern Ghats (Subhumid),#5cb7aa
OD,Mayurbhanj,Koliana,1,Eastern Plateau (Chhotanagpur) & Eastern Ghats (Subhumid),#5cb7aa
OD,Mayurbhanj,Mahuldiha,1,Eastern Plateau (Chhotanagpur) & Eastern Ghats (Subhumid),#5cb7aa
OD,Mayurbhanj,Muruda,1,Eastern Plateau (Chhotanagpur) & Eastern Ghats (Subhumid),#5cb7aa
OD,Mayurbhanj,Rairangpur,1,Eastern Plateau (Chhotanagpur) & Eastern Ghats (Subhumid),#5cb7aa
OD,Mayurbhanj,Rairangpur Town,1,Eastern Plateau (Chhotanagpur) & Eastern Ghats (Subhumid),#5cb7aa
OD,Mayurbhanj,Raruan,1,Eastern Plateau (Chhotanagpur) & Eastern Ghats (Subhumid),#5cb7aa
OD,Mayurbhanj,Rasagobindapur,2,Shared: Eastern Coastal Plain (Subhumid–Semi-Arid) + Eastern Plateau (Chhotanagpur) & Eastern Ghats (Subhumid),#888888
OD,Mayurbhanj,Sharata,1,Eastern Plateau (Chhotanagpur) & Eastern Ghats (Subhumid),#5cb7aa
OD,Mayurbhanj,Suliapada,1,Eastern Plateau (Chhotanagpur) & Eastern Ghats (Subhumid),#5cb7aa
OD,Mayurbhanj,Thakurmunda,1,Eastern Plateau (Chhotanagpur) & Eastern Ghats (Subhumid),#5cb7aa
OD,Mayurbhanj,Tiring,1,Eastern Plateau (Chhotanagpur) & Eastern Ghats (Subhumid),#5cb7aa
OD,Mayurbhanj,Udala,1,Eastern Plateau (Chhotanagpur) & Eastern Ghats (Subhumid),#5cb7aa
OD,Nabarangpur,Chandahandi,2,Shared: Eastern Plateau (Chhattisgarh) + Eastern Plateau (Chhotanagpur) & Eastern Ghats (Subhumid),#888888
OD,Nabarangpur,Dabugan,1,Eastern Plateau (Chhotanagpur) & Eastern Ghats (Subhumid),#5cb7aa
OD,Nabarangpur,Jharigan,2,Shared: Eastern Plateau (Chhattisgarh) + Eastern Plateau (Chhotanagpur) & Eastern Ghats (Subhumid),#888888
OD,Nabarangpur,Khatiguda,1,Eastern Plateau (Chhotanagpur) & Eastern Ghats (Subhumid),#5cb7aa
OD,Nabarangpur,Kodinga,1,Eastern Plateau (Chhotanagpur) & Eastern Ghats (Subhumid),#5cb7aa
OD,Nabarangpur,Kosagumuda,1,Eastern Plateau (Chhotanagpur) & Eastern Ghats (Subhumid),#5cb7aa
OD,Nabarangpur,Kundei,2,Shared: Eastern Plateau (Chhattisgarh) + Eastern Plateau (Chhotanagpur) & Eastern Ghats (Subhumid),#888888
OD,Nabarangpur,Nabarangapur P.S,1,Eastern Plateau (Chhotanagpur) & Eastern Ghats (Subhumid),#5cb7aa
OD,Nabarangpur,Paparahandi,1,Eastern Plateau (Chhotanagpur) & Eastern Ghats (Subhumid),#5cb7aa
OD,Nabarangpur,Raighar,2,Shared: Eastern Plateau (Chhattisgarh) + Eastern Plateau (Chhotanagpur) & Eastern Ghats (Subhumid),#888888
OD,Nabarangpur,Tentulikhunti,1,Eastern Plateau (Chhotanagpur) & Eastern Ghats (Subhumid),#5cb7aa
OD,Nabarangpur,Umarkote,2,Shared: Eastern Plateau (Chhattisgarh) + Eastern Plateau (Chhotanagpur) & Eastern Ghats (Subhumid),#888888
OD,Nayagarh,Banigochha,1,Eastern Plateau (Chhotanagpur) & Eastern Ghats (Subhumid),#5cb7aa
OD,Nayagarh,Dasapalla,1,Eastern Plateau (Chhotanagpur) & Eastern Ghats (Subhumid),#5cb7aa
OD,Nayagarh,Fategarh,1,Eastern Plateau (Chhotanagpur) & Eastern Ghats (Subhumid),#5cb7aa
OD,Nayagarh,Gania,1,Eastern Plateau (Chhotanagpur) & Eastern Ghats (Subhumid),#5cb7aa
OD,Nayagarh,Itamati,1,Eastern Plateau (Chhotanagpur) & Eastern Ghats (Subhumid),#5cb7aa
OD,Nayagarh,Khandapada,1,Eastern Plateau (Chhotanagpur) & Eastern Ghats (Subhumid),#5cb7aa
OD,Nayagarh,Nayagarh,1,Eastern Plateau (Chhotanagpur) & Eastern Ghats (Subhumid),#5cb7aa
OD,Nayagarh,Nayagarh Sadar,1,Eastern Plateau (Chhotanagpur) & Eastern Ghats (Subhumid),#5cb7aa
OD,Nayagarh,Nuagaon,1,Eastern Plateau (Chhotanagpur) & Eastern Ghats (Subhumid),#5cb7aa
OD,Nayagarh,Odagaon,1,Eastern Plateau (Chhotanagpur) & Eastern Ghats (Subhumid),#5cb7aa
OD,Nayagarh,Ranapur,2,Shared: Eastern Coastal Plain (Subhumid–Semi-Arid) + Eastern Plateau (Chhotanagpur) & Eastern Ghats (Subhumid),#888888
OD,Nayagarh,Sarankul,1,Eastern Plateau (Chhotanagpur) & Eastern Ghats (Subhumid),#5cb7aa
OD,Nuapada,Boden,2,Shared: Eastern Plateau (Chhattisgarh) + Eastern Plateau (Chhotanagpur) & Eastern Ghats (Subhumid),#888888
OD,Nuapada,Jonk,2,Shared: Eastern Plateau (Chhattisgarh) + Eastern Plateau (Chhotanagpur) & Eastern Ghats (Subhumid),#888888
OD,Nuapada,Khariar,1,Eastern Plateau (Chhotanagpur) & Eastern Ghats (Subhumid),#5cb7aa
OD,Nuapada,Komna,2,Shared: Eastern Plateau (Chhattisgarh) + Eastern Plateau (Chhotanagpur) & Eastern Ghats (Subhumid),#888888
OD,Nuapada,Nuapada,2,Shared: Eastern Plateau (Chhattisgarh) + Eastern Plateau (Chhotanagpur) & Eastern Ghats (Subhumid),#888888
OD,Nuapada,Sinapali,2,Shared: Eastern Plateau (Chhattisgarh) + Eastern Plateau (Chhotanagpur) & Eastern Ghats (Subhumid),#888888
OD,Puri,Astaranga,1,Eastern Coastal Plain (Subhumid–Semi-Arid),#fff1a8
OD,Puri,Brahmagiri,1,Eastern Coastal Plain (Subhumid–Semi-Arid),#fff1a8
OD,Puri,Chandanpur,1,Eastern Coastal Plain (Subhumid–Semi-Arid),#fff1a8
OD,Puri,Delanga,2,Shared: Eastern Coastal Plain (Subhumid–Semi-Arid) + Eastern Plateau (Chhotanagpur) & Eastern Ghats (Subhumid),#888888
OD,Puri,Gadisagada,1,Eastern Coastal Plain (Subhumid–Semi-Arid),#fff1a8
OD,Puri,Gop,1,Eastern Coastal Plain (Subhumid–Semi-Arid),#fff1a8
OD,Puri,Kakatpur,1,Eastern Coastal Plain (Subhumid–Semi-Arid),#fff1a8
OD,Puri,Konark,1,Eastern Coastal Plain (Subhumid–Semi-Arid),#fff1a8
OD,Puri,Krushna Prasad,1,Eastern Coastal Plain (Subhumid–Semi-Arid),#fff1a8
OD,Puri,Nimapada,1,Eastern Coastal Plain (Subhumid–Semi-Arid),#fff1a8
OD,Puri,Pipili,1,Eastern Coastal Plain (Subhumid–Semi-Arid),#fff1a8
OD,Puri,Puri (M),1,Eastern Coastal Plain (Subhumid–Semi-Arid),#fff1a8
OD,Puri,Ramachandi,1,Eastern Coastal Plain (Subhumid–Semi-Arid),#fff1a8
OD,Puri,Sadar,1,Eastern Coastal Plain (Subhumid–Semi-Arid),#fff1a8
OD,Puri,Satyabadi,1,Eastern Coastal Plain (Subhumid–Semi-Arid),#fff1a8
OD,Rayagada,Ambadala,1,Eastern Plateau (Chhotanagpur) & Eastern Ghats (Subhumid),#5cb7aa
OD,Rayagada,Andirakanch,1,Eastern Plateau (Chhotanagpur) & Eastern Ghats (Subhumid),#5cb7aa
OD,Rayagada,Bishamakatak,1,Eastern Plateau (Chhotanagpur) & Eastern Ghats (Subhumid),#5cb7aa
OD,Rayagada,Chandrapur,1,Eastern Plateau (Chhotanagpur) & Eastern Ghats (Subhumid),#5cb7aa
OD,Rayagada,Doraguda,1,Eastern Plateau (Chhotanagpur) & Eastern Ghats (Subhumid),#5cb7aa
OD,Rayagada,Gudari,1,Eastern Plateau (Chhotanagpur) & Eastern Ghats (Subhumid),#5cb7aa
OD,Rayagada,Gunupur,1,Eastern Plateau (Chhotanagpur) & Eastern Ghats (Subhumid),#5cb7aa
OD,Rayagada,Kalyanasingpur,1,Eastern Plateau (Chhotanagpur) & Eastern Ghats (Subhumid),#5cb7aa
OD,Rayagada,Kashipur,1,Eastern Plateau (Chhotanagpur) & Eastern Ghats (Subhumid),#5cb7aa
OD,Rayagada,Muniguda,1,Eastern Plateau (Chhotanagpur) & Eastern Ghats (Subhumid),#5cb7aa
OD,Rayagada,Padmapur,1,Eastern Plateau (Chhotanagpur) & Eastern Ghats (Subhumid),#5cb7aa
OD,Rayagada,Puttasing,1,Eastern Plateau (Chhotanagpur) & Eastern Ghats (Subhumid),#5cb7aa
OD,Rayagada,Rayagada,1,Eastern Plateau (Chhotanagpur) & Eastern Ghats (Subhumid),#5cb7aa
OD,Rayagada,Seskhal,1,Eastern Plateau (Chhotanagpur) & Eastern Ghats (Subhumid),#5cb7aa
OD,Rayagada,Tikiri,1,Eastern Plateau (Chhotanagpur) & Eastern Ghats (Subhumid),#5cb7aa
OD,Sambalpur,Ainthapali,1,Eastern Plateau (Chhotanagpur) & Eastern Ghats (Subhumid),#5cb7aa
OD,Sambalpur,Burla,1,Eastern Plateau (Chhotanagpur) & Eastern Ghats (Subhumid),#5cb7aa
OD,Sambalpur,Charamal,1,Eastern Plateau (Chhotanagpur) & Eastern Ghats (Subhumid),#5cb7aa
OD,Sambalpur,Dhama,1,Eastern Plateau (Chhotanagpur) & Eastern Ghats (Subhumid),#5cb7aa
OD,Sambalpur,Dhanupali,1,Eastern Plateau (Chhotanagpur) & Eastern Ghats (Subhumid),#5cb7aa
OD,Sambalpur,Govindpur,1,Eastern Plateau (Chhotanagpur) & Eastern Ghats (Subhumid),#5cb7aa
OD,Sambalpur,Hirakud,1,Eastern Plateau (Chhotanagpur) & Eastern Ghats (Subhumid),#5cb7aa
OD,Sambalpur,Jamankira,1,Eastern Plateau (Chhotanagpur) & Eastern Ghats (Subhumid),#5cb7aa
OD,Sambalpur,Jujomura,1,Eastern Plateau (Chhotanagpur) & Eastern Ghats (Subhumid),#5cb7aa
OD,Sambalpur,Katarbaga,1,Eastern Plateau (Chhotanagpur) & Eastern Ghats (Subhumid),#5cb7aa
OD,Sambalpur,Kisinda,1,Eastern Plateau (Chhotanagpur) & Eastern Ghats (Subhumid),#5cb7aa
OD,Sambalpur,Kochinda,1,Eastern Plateau (Chhotanagpur) & Eastern Ghats (Subhumid),#5cb7aa
OD,Sambalpur,Mahulpalli,1,Eastern Plateau (Chhotanagpur) & Eastern Ghats (Subhumid),#5cb7aa
OD,Sambalpur,Naktideul,1,Eastern Plateau (Chhotanagpur) & Eastern Ghats (Subhumid),#5cb7aa
OD,Sambalpur,Rairakhol,1,Eastern Plateau (Chhotanagpur) & Eastern Ghats (Subhumid),#5cb7aa
OD,Sambalpur,Rengali,1,Eastern Plateau (Chhotanagpur) & Eastern Ghats (Subhumid),#5cb7aa
OD,Sambalpur,Sadar,1,Eastern Plateau (Chhotanagpur) & Eastern Ghats (Subhumid),#5cb7aa
OD,Sambalpur,Sambalpur (M),1,Eastern Plateau (Chhotanagpur) & Eastern Ghats (Subhumid),#5cb7aa
OD,Sambalpur,Sasan,1,Eastern Plateau (Chhotanagpur) & Eastern Ghats (Subhumid),#5cb7aa
OD,Sambalpur,Thelkoloi,1,Eastern Plateau (Chhotanagpur) & Eastern Ghats (Subhumid),#5cb7aa
OD,Sonepur,Binika,1,Eastern Plateau (Chhotanagpur) & Eastern Ghats (Subhumid),#5cb7aa
OD,Sonepur,Biramaharajpur,1,Eastern Plateau (Chhotanagpur) & Eastern Ghats (Subhumid),#5cb7aa
OD,Sonepur,Dunguripali,1,Eastern Plateau (Chhotanagpur) & Eastern Ghats (Subhumid),#5cb7aa
OD,Sonepur,Rampur,1,Eastern Plateau (Chhotanagpur) & Eastern Ghats (Subhumid),#5cb7aa
OD,Sonepur,Sonapur,1,Eastern Plateau (Chhotanagpur) & Eastern Ghats (Subhumid),#5cb7aa
OD,Sonepur,Subalaya,1,Eastern Plateau (Chhotanagpur) & Eastern Ghats (Subhumid),#5cb7aa
OD,Sonepur,Tarbha,1,Eastern Plateau (Chhotanagpur) & Eastern Ghats (Subhumid),#5cb7aa
OD,Sonepur,Ulunda,1,Eastern Plateau (Chhotanagpur) & Eastern Ghats (Subhumid),#5cb7aa
OD,Sundargarh,Banei,1,Eastern Plateau (Chhotanagpur) & Eastern Ghats (Subhumid),#5cb7aa
OD,Sundargarh,Baragaon,2,Shared: Eastern Plateau (Chhattisgarh) + Eastern Plateau (Chhotanagpur) & Eastern Ghats (Subhumid),#888888
OD,Sundargarh,Bhasma,1,Eastern Plateau (Chhotanagpur) & Eastern Ghats (Subhumid),#5cb7aa
OD,Sundargarh,Biramitrapur,2,Shared: Eastern Plateau (Chhattisgarh) + Eastern Plateau (Chhotanagpur) & Eastern Ghats (Subhumid),#888888
OD,Sundargarh,Bisra,2,Shared: Eastern Plateau (Chhattisgarh) + Eastern Plateau (Chhotanagpur) & Eastern Ghats (Subhumid),#888888
OD,Sundargarh,Bondamunda,1,Eastern Plateau (Chhotanagpur) & Eastern Ghats (Subhumid),#5cb7aa
OD,Sundargarh,Brahmani Tarang,1,Eastern Plateau (Chhotanagpur) & Eastern Ghats (Subhumid),#5cb7aa
OD,Sundargarh,Chandiposh,1,Eastern Plateau (Chhotanagpur) & Eastern Ghats (Subhumid),#5cb7aa
OD,Sundargarh,Dharuadihi,1,Eastern Plateau (Chhotanagpur) & Eastern Ghats (Subhumid),#5cb7aa
OD,Sundargarh,Gurundia,1,Eastern Plateau (Chhotanagpur) & Eastern Ghats (Subhumid),#5cb7aa
OD,Sundargarh,Hatibari,2,Shared: Eastern Plateau (Chhattisgarh) + Eastern Plateau (Chhotanagpur) & Eastern Ghats (Subhumid),#888888
OD,Sundargarh,Hemgir,2,Shared: Eastern Plateau (Chhattisgarh) + Eastern Plateau (Chhotanagpur) & Eastern Ghats (Subhumid),#888888
OD,Sundargarh,Kamarposh Balang,1,Eastern Plateau (Chhotanagpur) & Eastern Ghats (Subhumid),#5cb7aa
OD,Sundargarh,Kinjirkela,2,Shared: Eastern Plateau (Chhattisgarh) + Eastern Plateau (Chhotanagpur) & Eastern Ghats (Subhumid),#888888
OD,Sundargarh,Koida,1,Eastern Plateau (Chhotanagpur) & Eastern Ghats (Subhumid),#5cb7aa
OD,Sundargarh,Kutra,2,Shared: Eastern Plateau (Chhattisgarh) + Eastern Plateau (Chhotanagpur) & Eastern Ghats (Subhumid),#888888
OD,Sundargarh,Lahunipara,1,Eastern Plateau (Chhotanagpur) & Eastern Ghats (Subhumid),#5cb7aa
OD,Sundargarh,Lathikata,1,Eastern Plateau (Chhotanagpur) & Eastern Ghats (Subhumid),#5cb7aa
OD,Sundargarh,Lephripara,2,Shared: Eastern Plateau (Chhattisgarh) + Eastern Plateau (Chhotanagpur) & Eastern Ghats (Subhumid),#888888
OD,Sundargarh,Mahulapada,1,Eastern Plateau (Chhotanagpur) & Eastern Ghats (Subhumid),#5cb7aa
OD,Sundargarh,Raghunathapali,1,Eastern Plateau (Chhotanagpur) & Eastern Ghats (Subhumid),#5cb7aa
OD,Sundargarh,Raiboga,2,Shared: Eastern Plateau (Chhattisgarh) + Eastern Plateau (Chhotanagpur) & Eastern Ghats (Subhumid),#888888
OD,Sundargarh,Rajagangapur,1,Eastern Plateau (Chhotanagpur) & Eastern Ghats (Subhumid),#5cb7aa
OD,Sundargarh,Raurkela (ITS) P.S.,1,Eastern Plateau (Chhotanagpur) & Eastern Ghats (Subhumid),#5cb7aa
OD,Sundargarh,Raurkela (M),1,Eastern Plateau (Chhotanagpur) & Eastern Ghats (Subhumid),#5cb7aa
OD,Sundargarh,Sundargarh,1,Eastern Plateau (Chhotanagpur) & Eastern Ghats (Subhumid),#5cb7aa
OD,Sundargarh,Sundargarh Town,1,Eastern Plateau (Chhotanagpur) & Eastern Ghats (Subhumid),#5cb7aa
OD,Sundargarh,Talasara,2,Shared: Eastern Plateau (Chhattisgarh) + Eastern Plateau (Chhotanagpur) & Eastern Ghats (Subhumid),#888888
OD,Sundargarh,Tangarapali,1,Eastern Plateau (Chhotanagpur) & Eastern Ghats (Subhumid),#5cb7aa
OD,Sundargarh,Tikaetpali,1,Eastern Plateau (Chhotanagpur) & Eastern Ghats (Subhumid),#5cb7aa
TN,Ariyalur,Ariyalur,1,"Eastern Ghats, TN Uplands & Deccan (Karnataka) Plateau (Semi-Arid)",#f4faad
TN,Ariyalur,Sendurai,1,"Eastern Ghats, TN Uplands & Deccan (Karnataka) Plateau (Semi-Arid)",#f4faad
TN,Ariyalur,Udayarpalayam,2,"Shared: Eastern Coastal Plain (Subhumid–Semi-Arid) + Eastern Ghats, TN Uplands & Deccan (Karnataka) Plateau (Semi-Arid)",#888888
TN,Chengalpattu,Alandur,1,Eastern Coastal Plain (Subhumid–Semi-Arid),#fff1a8
TN,Chengalpattu,Chengalpattu,1,Eastern Coastal Plain (Subhumid–Semi-Arid),#fff1a8
TN,Chengalpattu,Cheyyur,1,Eastern Coastal Plain (Subhumid–Semi-Arid),#fff1a8
TN,Chengalpattu,Maduranthakam,2,"Shared: Eastern Coastal Plain (Subhumid–Semi-Arid) + Eastern Ghats, TN Uplands & Deccan (Karnataka) Plateau (Semi-Arid)",#888888
TN,Chengalpattu,Sholinganallur,1,Eastern Coastal Plain (Subhumid–Semi-Arid),#fff1a8
TN,Chengalpattu,Tambaram,1,Eastern Coastal Plain (Subhumid–Semi-Arid),#fff1a8
TN,Chengalpattu,Tirukalukundram,1,Eastern Coastal Plain (Subhumid–Semi-Arid),#fff1a8
TN,Chennai,Chennai,1,Eastern Coastal Plain (Subhumid–Semi-Arid),#fff1a8
TN,Coimbatore,Coimbatore North,2,"Shared: Eastern Ghats, TN Uplands & Deccan (Karnataka) Plateau (Semi-Arid) + Western Ghats & Coastal Plain (Humid–Perhumid)",#888888
TN,Coimbatore,Coimbatore South,2,"Shared: Eastern Ghats, TN Uplands & Deccan (Karnataka) Plateau (Semi-Arid) + Western Ghats & Coastal Plain (Humid–Perhumid)",#888888
TN,Coimbatore,Mettupalayam,2,"Shared: Eastern Ghats, TN Uplands & Deccan (Karnataka) Plateau (Semi-Arid) + Western Ghats & Coastal Plain (Humid–Perhumid)",#888888
TN,Coimbatore,Pollachi,2,"Shared: Eastern Ghats, TN Uplands & Deccan (Karnataka) Plateau (Semi-Arid) + Western Ghats & Coastal Plain (Humid–Perhumid)",#888888
TN,Coimbatore,Sulur,1,"Eastern Ghats, TN Uplands & Deccan (Karnataka) Plateau (Semi-Arid)",#f4faad
TN,Coimbatore,Valparai,2,"Shared: Eastern Ghats, TN Uplands & Deccan (Karnataka) Plateau (Semi-Arid) + Western Ghats & Coastal Plain (Humid–Perhumid)",#888888
TN,Cuddalore,Chidambaram,1,Eastern Coastal Plain (Subhumid–Semi-Arid),#fff1a8
TN,Cuddalore,Cuddalore,1,Eastern Coastal Plain (Subhumid–Semi-Arid),#fff1a8
TN,Cuddalore,Kattumannarkoil,2,"Shared: Eastern Coastal Plain (Subhumid–Semi-Arid) + Eastern Ghats, TN Uplands & Deccan (Karnataka) Plateau (Semi-Arid)",#888888
TN,Cuddalore,Kurinjipadi,1,Eastern Coastal Plain (Subhumid–Semi-Arid),#fff1a8
TN,Cuddalore,Panruti,2,"Shared: Eastern Coastal Plain (Subhumid–Semi-Arid) + Eastern Ghats, TN Uplands & Deccan (Karnataka) Plateau (Semi-Arid)",#888888
TN,Cuddalore,Tittakudi,1,"Eastern Ghats, TN Uplands & Deccan (Karnataka) Plateau (Semi-Arid)",#f4faad
TN,Cuddalore,Virudhachalam,2,"Shared: Eastern Coastal Plain (Subhumid–Semi-Arid) + Eastern Ghats, TN Uplands & Deccan (Karnataka) Plateau (Semi-Arid)",#888888
TN,Dharmapuri,Dharmapuri,1,"Eastern Ghats, TN Uplands & Deccan (Karnataka) Plateau (Semi-Arid)",#f4faad
TN,Dharmapuri,Harur,1,"Eastern Ghats, TN Uplands & Deccan (Karnataka) Plateau (Semi-Arid)",#f4faad
TN,Dharmapuri,Palakkodu,1,"Eastern Ghats, TN Uplands & Deccan (Karnataka) Plateau (Semi-Arid)",#f4faad
TN,Dharmapuri,Pappireddipatti,1,"Eastern Ghats, TN Uplands & Deccan (Karnataka) Plateau (Semi-Arid)",#f4faad
TN,Dharmapuri,Pennagaram,1,"Eastern Ghats, TN Uplands & Deccan (Karnataka) Plateau (Semi-Arid)",#f4faad
TN,Dindigul,Attur,1,"Eastern Ghats, TN Uplands & Deccan (Karnataka) Plateau (Semi-Arid)",#f4faad
TN,Dindigul,Dindiguleast,1,"Eastern Ghats, TN Uplands & Deccan (Karnataka) Plateau (Semi-Arid)",#f4faad
TN,Dindigul,Kodaikanal,2,"Shared: Eastern Ghats, TN Uplands & Deccan (Karnataka) Plateau (Semi-Arid) + Western Ghats & Coastal Plain (Humid–Perhumid)",#888888
TN,Dindigul,Natham,1,"Eastern Ghats, TN Uplands & Deccan (Karnataka) Plateau (Semi-Arid)",#f4faad
TN,Dindigul,Nilakkottai,1,"Eastern Ghats, TN Uplands & Deccan (Karnataka) Plateau (Semi-Arid)",#f4faad
TN,Dindigul,Oddanchatram,1,"Eastern Ghats, TN Uplands & Deccan (Karnataka) Plateau (Semi-Arid)",#f4faad
TN,Dindigul,Palani,1,"Eastern Ghats, TN Uplands & Deccan (Karnataka) Plateau (Semi-Arid)",#f4faad
TN,Dindigul,Vedasandur,1,"Eastern Ghats, TN Uplands & Deccan (Karnataka) Plateau (Semi-Arid)",#f4faad
TN,Erode,Bhavani,1,"Eastern Ghats, TN Uplands & Deccan (Karnataka) Plateau (Semi-Arid)",#f4faad
TN,Erode,Erode,1,"Eastern Ghats, TN Uplands & Deccan (Karnataka) Plateau (Semi-Arid)",#f4faad
TN,Erode,Gobichettipalayam,1,"Eastern Ghats, TN Uplands & Deccan (Karnataka) Plateau (Semi-Arid)",#f4faad
TN,Erode,Perundurai,1,"Eastern Ghats, TN Uplands & Deccan (Karnataka) Plateau (Semi-Arid)",#f4faad
TN,Erode,Sathyamangalam,2,"Shared: Eastern Ghats, TN Uplands & Deccan (Karnataka) Plateau (Semi-Arid) + Western Ghats & Coastal Plain (Humid–Perhumid)",#888888
TN,Kallakurichi,Kallakkurichi,1,"Eastern Ghats, TN Uplands & Deccan (Karnataka) Plateau (Semi-Arid)",#f4faad
TN,Kallakurichi,Sankarapuram,1,"Eastern Ghats, TN Uplands & Deccan (Karnataka) Plateau (Semi-Arid)",#f4faad
TN,Kallakurichi,Tirukkoyilur,1,"Eastern Ghats, TN Uplands & Deccan (Karnataka) Plateau (Semi-Arid)",#f4faad
TN,Kallakurichi,Ulundurpettai,2,"Shared: Eastern Coastal Plain (Subhumid–Semi-Arid) + Eastern Ghats, TN Uplands & Deccan (Karnataka) Plateau (Semi-Arid)",#888888
TN,Kanchipuram,Kancheepuram,2,"Shared: Eastern Coastal Plain (Subhumid–Semi-Arid) + Eastern Ghats, TN Uplands & Deccan (Karnataka) Plateau (Semi-Arid)",#888888
TN,Kanchipuram,Sriperumbudur,1,Eastern Coastal Plain (Subhumid–Semi-Arid),#fff1a8
TN,Kanchipuram,Uthiramerur,2,"Shared: Eastern Coastal Plain (Subhumid–Semi-Arid) + Eastern Ghats, TN Uplands & Deccan (Karnataka) Plateau (Semi-Arid)",#888888
TN,Kanniyakumari,Agastheeswaram,1,Eastern Coastal Plain (Subhumid–Semi-Arid),#fff1a8
TN,Kanniyakumari,Kalkulam,2,"Shared: Eastern Coastal Plain (Subhumid–Semi-Arid) + Eastern Ghats, TN Uplands & Deccan (Karnataka) Plateau (Semi-Arid)",#888888
TN,Kanniyakumari,Thovala,2,"Shared: Eastern Coastal Plain (Subhumid–Semi-Arid) + Eastern Ghats, TN Uplands & Deccan (Karnataka) Plateau (Semi-Arid)",#888888
TN,Kanniyakumari,Vilavancode,3,"Shared: Eastern Coastal Plain (Subhumid–Semi-Arid) + Eastern Ghats, TN Uplands & Deccan (Karnataka) Plateau (Semi-Arid) + Western Ghats & Coastal Plain (Humid–Perhumid)",#888888
TN,Karur,Aravakurichi,1,"Eastern Ghats, TN Uplands & Deccan (Karnataka) Plateau (Semi-Arid)",#f4faad
TN,Karur,Kadavur,1,"Eastern Ghats, TN Uplands & Deccan (Karnataka) Plateau (Semi-Arid)",#f4faad
TN,Karur,Karur,1,"Eastern Ghats, TN Uplands & Deccan (Karnataka) Plateau (Semi-Arid)",#f4faad
TN,Karur,Krishnarayapuram,1,"Eastern Ghats, TN Uplands & Deccan (Karnataka) Plateau (Semi-Arid)",#f4faad
TN,Karur,Kulithalai,1,"Eastern Ghats, TN Uplands & Deccan (Karnataka) Plateau (Semi-Arid)",#f4faad
TN,Krishnagiri,Denkanikottai,1,"Eastern Ghats, TN Uplands & Deccan (Karnataka) Plateau (Semi-Arid)",#f4faad
TN,Krishnagiri,Hosur,1,"Eastern Ghats, TN Uplands & Deccan (Karnataka) Plateau (Semi-Arid)",#f4faad
TN,Krishnagiri,Krishnagiri,1,"Eastern Ghats, TN Uplands & Deccan (Karnataka) Plateau (Semi-Arid)",#f4faad
TN,Krishnagiri,Pochampalli,1,"Eastern Ghats, TN Uplands & Deccan (Karnataka) Plateau (Semi-Arid)",#f4faad
TN,Krishnagiri,Uthangarai,1,"Eastern Ghats, TN Uplands & Deccan (Karnataka) Plateau (Semi-Arid)",#f4faad
TN,Madurai,Madurai North,1,"Eastern Ghats, TN Uplands & Deccan (Karnataka) Plateau (Semi-Arid)",#f4faad
TN,Madurai,Madurai South,1,"Eastern Ghats, TN Uplands & Deccan (Karnataka) Plateau (Semi-Arid)",#f4faad
TN,Madurai,Melur,1,"Eastern Ghats, TN Uplands & Deccan (Karnataka) Plateau (Semi-Arid)",#f4faad
TN,Madurai,Peraiyur,1,"Eastern Ghats, TN Uplands & Deccan (Karnataka) Plateau (Semi-Arid)",#f4faad
TN,Madurai,Thirumangalam,1,"Eastern Ghats, TN Uplands & Deccan (Karnataka) Plateau (Semi-Arid)",#f4faad
TN,Madurai,Usilampatti,1,"Eastern Ghats, TN Uplands & Deccan (Karnataka) Plateau (Semi-Arid)",#f4faad
TN,Madurai,Vadipatti,1,"Eastern Ghats, TN Uplands & Deccan (Karnataka) Plateau (Semi-Arid)",#f4faad
TN,Nagapattinam,Kilvelur,1,Eastern Coastal Plain (Subhumid–Semi-Arid),#fff1a8
TN,Nagapattinam,Kuthalam,1,Eastern Coastal Plain (Subhumid–Semi-Arid),#fff1a8
TN,Nagapattinam,Mayiladuthurai,1,Eastern Coastal Plain (Subhumid–Semi-Arid),#fff1a8
TN,Nagapattinam,Nagapattinam,1,Eastern Coastal Plain (Subhumid–Semi-Arid),#fff1a8
TN,Nagapattinam,Sirkali,1,Eastern Coastal Plain (Subhumid–Semi-Arid),#fff1a8
TN,Nagapattinam,Tharangambadi,1,Eastern Coastal Plain (Subhumid–Semi-Arid),#fff1a8
TN,Nagapattinam,Thirukkuvalai,1,Eastern Coastal Plain (Subhumid–Semi-Arid),#fff1a8
TN,Nagapattinam,Vedaranyam,1,Eastern Coastal Plain (Subhumid–Semi-Arid),#fff1a8
TN,Namakkal,Namakkal,1,"Eastern Ghats, TN Uplands & Deccan (Karnataka) Plateau (Semi-Arid)",#f4faad
TN,Namakkal,Paramathi-Velur,1,"Eastern Ghats, TN Uplands & Deccan (Karnataka) Plateau (Semi-Arid)",#f4faad
TN,Namakkal,Rasipuram,1,"Eastern Ghats, TN Uplands & Deccan (Karnataka) Plateau (Semi-Arid)",#f4faad
TN,Namakkal,Tiruchengode,1,"Eastern Ghats, TN Uplands & Deccan (Karnataka) Plateau (Semi-Arid)",#f4faad
TN,Perambalur,Kunnam,1,"Eastern Ghats, TN Uplands & Deccan (Karnataka) Plateau (Semi-Arid)",#f4faad
TN,Perambalur,Perambalur,1,"Eastern Ghats, TN Uplands & Deccan (Karnataka) Plateau (Semi-Arid)",#f4faad
TN,Perambalur,Veppanthattai,1,"Eastern Ghats, TN Uplands & Deccan (Karnataka) Plateau (Semi-Arid)",#f4faad
TN,Pudukkottai,Alangudi,2,"Shared: Eastern Coastal Plain (Subhumid–Semi-Arid) + Eastern Ghats, TN Uplands & Deccan (Karnataka) Plateau (Semi-Arid)",#888888
TN,Pudukkottai,Aranthangi,2,"Shared: Eastern Coastal Plain (Subhumid–Semi-Arid) + Eastern Ghats, TN Uplands & Deccan (Karnataka) Plateau (Semi-Arid)",#888888
TN,Pudukkottai,Avudayarkoil,2,"Shared: Eastern Coastal Plain (Subhumid–Semi-Arid) + Eastern Ghats, TN Uplands & Deccan (Karnataka) Plateau (Semi-Arid)",#888888
TN,Pudukkottai,Gandarvakkottai,1,"Eastern Ghats, TN Uplands & Deccan (Karnataka) Plateau (Semi-Arid)",#f4faad
TN,Pudukkottai,Iluppur,1,"Eastern Ghats, TN Uplands & Deccan (Karnataka) Plateau (Semi-Arid)",#f4faad
TN,Pudukkottai,Karambakudi,2,"Shared: Eastern Coastal Plain (Subhumid–Semi-Arid) + Eastern Ghats, TN Uplands & Deccan (Karnataka) Plateau (Semi-Arid)",#888888
TN,Pudukkottai,Kulathur,1,"Eastern Ghats, TN Uplands & Deccan (Karnataka) Plateau (Semi-Arid)",#f4faad
TN,Pudukkottai,Manamelkudi,1,Eastern Coastal Plain (Subhumid–Semi-Arid),#fff1a8
TN,Pudukkottai,Ponnamaravathi,1,"Eastern Ghats, TN Uplands & Deccan (Karnataka) Plateau (Semi-Arid)",#f4faad
TN,Pudukkottai,Pudukkottai,1,"Eastern Ghats, TN Uplands & Deccan (Karnataka) Plateau (Semi-Arid)",#f4faad
TN,Pudukkottai,Thirumayam,1,"Eastern Ghats, TN Uplands & Deccan (Karnataka) Plateau (Semi-Arid)",#f4faad
TN,Ramanathapuram,Kadaladi,1,Eastern Coastal Plain (Subhumid–Semi-Arid),#fff1a8
TN,Ramanathapuram,Kamuthi,2,"Shared: Eastern Coastal Plain (Subhumid–Semi-Arid) + Eastern Ghats, TN Uplands & Deccan (Karnataka) Plateau (Semi-Arid)",#888888
TN,Ramanathapuram,Mudukulathur,2,"Shared: Eastern Coastal Plain (Subhumid–Semi-Arid) + Eastern Ghats, TN Uplands & Deccan (Karnataka) Plateau (Semi-Arid)",#888888
TN,Ramanathapuram,Paramakudi,2,"Shared: Eastern Coastal Plain (Subhumid–Semi-Arid) + Eastern Ghats, TN Uplands & Deccan (Karnataka) Plateau (Semi-Arid)",#888888
TN,Ramanathapuram,Ramanathapuram,1,Eastern Coastal Plain (Subhumid–Semi-Arid),#fff1a8
TN,Ramanathapuram,Rameswaram,1,Eastern Coastal Plain (Subhumid–Semi-Arid),#fff1a8
TN,Ramanathapuram,Tiruvadanai,2,"Shared: Eastern Coastal Plain (Subhumid–Semi-Arid) + Eastern Ghats, TN Uplands & Deccan (Karnataka) Plateau (Semi-Arid)",#888888
TN,Ranipet,Arakonam,2,"Shared: Eastern Coastal Plain (Subhumid–Semi-Arid) + Eastern Ghats, TN Uplands & Deccan (Karnataka) Plateau (Semi-Arid)",#888888
TN,Ranipet,Arcot,1,"Eastern Ghats, TN Uplands & Deccan (Karnataka) Plateau (Semi-Arid)",#f4faad
TN,Ranipet,Wallajah,1,"Eastern Ghats, TN Uplands & Deccan (Karnataka) Plateau (Semi-Arid)",#f4faad
TN,Salem,Attur,1,"Eastern Ghats, TN Uplands & Deccan (Karnataka) Plateau (Semi-Arid)",#f4faad
TN,Salem,Edappadi,1,"Eastern Ghats, TN Uplands & Deccan (Karnataka) Plateau (Semi-Arid)",#f4faad
TN,Salem,Gangavalli,1,"Eastern Ghats, TN Uplands & Deccan (Karnataka) Plateau (Semi-Arid)",#f4faad
TN,Salem,Mettur,1,"Eastern Ghats, TN Uplands & Deccan (Karnataka) Plateau (Semi-Arid)",#f4faad
TN,Salem,Omalur,1,"Eastern Ghats, TN Uplands & Deccan (Karnataka) Plateau (Semi-Arid)",#f4faad
TN,Salem,Salem,1,"Eastern Ghats, TN Uplands & Deccan (Karnataka) Plateau (Semi-Arid)",#f4faad
TN,Salem,Sankari,1,"Eastern Ghats, TN Uplands & Deccan (Karnataka) Plateau (Semi-Arid)",#f4faad
TN,Salem,Vazhapadi,1,"Eastern Ghats, TN Uplands & Deccan (Karnataka) Plateau (Semi-Arid)",#f4faad
TN,Salem,Yercaud,1,"Eastern Ghats, TN Uplands & Deccan (Karnataka) Plateau (Semi-Arid)",#f4faad
TN,Sivaganga,Devakottai,2,"Shared: Eastern Coastal Plain (Subhumid–Semi-Arid) + Eastern Ghats, TN Uplands & Deccan (Karnataka) Plateau (Semi-Arid)",#888888
TN,Sivaganga,Ilayangudi,2,"Shared: Eastern Coastal Plain (Subhumid–Semi-Arid) + Eastern Ghats, TN Uplands & Deccan (Karnataka) Plateau (Semi-Arid)",#888888
TN,Sivaganga,Karaikkudi,1,"Eastern Ghats, TN Uplands & Deccan (Karnataka) Plateau (Semi-Arid)",#f4faad
TN,Sivaganga,Manamadurai,1,"Eastern Ghats, TN Uplands & Deccan (Karnataka) Plateau (Semi-Arid)",#f4faad
TN,Sivaganga,Sivaganga,1,"Eastern Ghats, TN Uplands & Deccan (Karnataka) Plateau (Semi-Arid)",#f4faad
TN,Sivaganga,Thiruppathur,1,"Eastern Ghats, TN Uplands & Deccan (Karnataka) Plateau (Semi-Arid)",#f4faad
TN,Tenkasi,Alangulam,1,"Eastern Ghats, TN Uplands & Deccan (Karnataka) Plateau (Semi-Arid)",#f4faad
TN,Tenkasi,Sankarankoil,1,"Eastern Ghats, TN Uplands & Deccan (Karnataka) Plateau (Semi-Arid)",#f4faad
TN,Tenkasi,Shenkottai,2,"Shared: Eastern Ghats, TN Uplands & Deccan (Karnataka) Plateau (Semi-Arid) + Western Ghats & Coastal Plain (Humid–Perhumid)",#888888
TN,Tenkasi,Sivagiri,2,"Shared: Eastern Ghats, TN Uplands & Deccan (Karnataka) Plateau (Semi-Arid) + Western Ghats & Coastal Plain (Humid–Perhumid)",#888888
TN,Tenkasi,Tenkasi,2,"Shared: Eastern Ghats, TN Uplands & Deccan (Karnataka) Plateau (Semi-Arid) + Western Ghats & Coastal Plain (Humid–Perhumid)",#888888
TN,Tenkasi,Veerakeralamputhur,1,"Eastern Ghats, TN Uplands & Deccan (Karnataka) Plateau (Semi-Arid)",#f4faad
TN,Thanjavur,Kumbakonam,2,"Shared: Eastern Coastal Plain (Subhumid–Semi-Arid) + Eastern Ghats, TN Uplands & Deccan (Karnataka) Plateau (Semi-Arid)",#888888
TN,Thanjavur,Orathanadu,2,"Shared: Eastern Coastal Plain (Subhumid–Semi-Arid) + Eastern Ghats, TN Uplands & Deccan (Karnataka) Plateau (Semi-Arid)",#888888
TN,Thanjavur,Papanasam,1,"Eastern Ghats, TN Uplands & Deccan (Karnataka) Plateau (Semi-Arid)",#f4faad
TN,Thanjavur,Pattukkottai,2,"Shared: Eastern Coastal Plain (Subhumid–Semi-Arid) + Eastern Ghats, TN Uplands & Deccan (Karnataka) Plateau (Semi-Arid)",#888888
TN,Thanjavur,Peravurani,2,"Shared: Eastern Coastal Plain (Subhumid–Semi-Arid) + Eastern Ghats, TN Uplands & Deccan (Karnataka) Plateau (Semi-Arid)",#888888
TN,Thanjavur,Thanjavur,1,"Eastern Ghats, TN Uplands & Deccan (Karnataka) Plateau (Semi-Arid)",#f4faad
TN,Thanjavur,Thiruvaiyaru,1,"Eastern Ghats, TN Uplands & Deccan (Karnataka) Plateau (Semi-Arid)",#f4faad
TN,Thanjavur,Thiruvidaimarudur,2,"Shared: Eastern Coastal Plain (Subhumid–Semi-Arid) + Eastern Ghats, TN Uplands & Deccan (Karnataka) Plateau (Semi-Arid)",#888888
TN,The Nilgiris,Coonoor,2,"Shared: Eastern Ghats, TN Uplands & Deccan (Karnataka) Plateau (Semi-Arid) + Western Ghats & Coastal Plain (Humid–Perhumid)",#888888
TN,The Nilgiris,Gudalur,2,"Shared: Eastern Ghats, TN Uplands & Deccan (Karnataka) Plateau (Semi-Arid) + Western Ghats & Coastal Plain (Humid–Perhumid)",#888888
TN,The Nilgiris,Kotagiri,2,"Shared: Eastern Ghats, TN Uplands & Deccan (Karnataka) Plateau (Semi-Arid) + Western Ghats & Coastal Plain (Humid–Perhumid)",#888888
TN,The Nilgiris,Kundah,2,"Shared: Eastern Ghats, TN Uplands & Deccan (Karnataka) Plateau (Semi-Arid) + Western Ghats & Coastal Plain (Humid–Perhumid)",#888888
TN,The Nilgiris,Panthalur,1,Western Ghats & Coastal Plain (Humid–Perhumid),#5e4fa2
TN,The Nilgiris,Udhagamandalam,2,"Shared: Eastern Ghats, TN Uplands & Deccan (Karnataka) Plateau (Semi-Arid) + Western Ghats & Coastal Plain (Humid–Perhumid)",#888888
TN,Theni,Andipatti,2,"Shared: Eastern Ghats, TN Uplands & Deccan (Karnataka) Plateau (Semi-Arid) + Western Ghats & Coastal Plain (Humid–Perhumid)",#888888
TN,Theni,Bodinayakanur,2,"Shared: Eastern Ghats, TN Uplands & Deccan (Karnataka) Plateau (Semi-Arid) + Western Ghats & Coastal Plain (Humid–Perhumid)",#888888
TN,Theni,Periyakulam,1,"Eastern Ghats, TN Uplands & Deccan (Karnataka) Plateau (Semi-Arid)",#f4faad
TN,Theni,Theni,1,"Eastern Ghats, TN Uplands & Deccan (Karnataka) Plateau (Semi-Arid)",#f4faad
TN,Theni,Uthamapalayam,2,"Shared: Eastern Ghats, TN Uplands & Deccan (Karnataka) Plateau (Semi-Arid) + Western Ghats & Coastal Plain (Humid–Perhumid)",#888888
TN,Thiruvallur,Ambattur,1,Eastern Coastal Plain (Subhumid–Semi-Arid),#fff1a8
TN,Thiruvallur,Gummidipoondi,2,"Shared: Eastern Coastal Plain (Subhumid–Semi-Arid) + Eastern Ghats, TN Uplands & Deccan (Karnataka) Plateau (Semi-Arid)",#888888
TN,Thiruvallur,Mathavaram,1,Eastern Coastal Plain (Subhumid–Semi-Arid),#fff1a8
TN,Thiruvallur,Pallipattu,1,"Eastern Ghats, TN Uplands & Deccan (Karnataka) Plateau (Semi-Arid)",#f4faad
TN,Thiruvallur,Ponneri,1,Eastern Coastal Plain (Subhumid–Semi-Arid),#fff1a8
TN,Thiruvallur,Poonamallee,1,Eastern Coastal Plain (Subhumid–Semi-Arid),#fff1a8
TN,Thiruvallur,Thiruvallur,2,"Shared: Eastern Coastal Plain (Subhumid–Semi-Arid) + Eastern Ghats, TN Uplands & Deccan (Karnataka) Plateau (Semi-Arid)",#888888
TN,Thiruvallur,Tiruttani,2,"Shared: Eastern Coastal Plain (Subhumid–Semi-Arid) + Eastern Ghats, TN Uplands & Deccan (Karnataka) Plateau (Semi-Arid)",#888888
TN,Thiruvallur,Uthukkottai,2,"Shared: Eastern Coastal Plain (Subhumid–Semi-Arid) + Eastern Ghats, TN Uplands & Deccan (Karnataka) Plateau (Semi-Arid)",#888888
TN,Thiruvarur,Kudavasal,2,"Shared: Eastern Coastal Plain (Subhumid–Semi-Arid) + Eastern Ghats, TN Uplands & Deccan (Karnataka) Plateau (Semi-Arid)",#888888
TN,Thiruvarur,Mannargudi,2,"Shared: Eastern Coastal Plain (Subhumid–Semi-Arid) + Eastern Ghats, TN Uplands & Deccan (Karnataka) Plateau (Semi-Arid)",#888888
TN,Thiruvarur,Nannilam,1,Eastern Coastal Plain (Subhumid–Semi-Arid),#fff1a8
TN,Thiruvarur,Needamangalam,2,"Shared: Eastern Coastal Plain (Subhumid–Semi-Arid) + Eastern Ghats, TN Uplands & Deccan (Karnataka) Plateau (Semi-Arid)",#888888
TN,Thiruvarur,Thiruthuraipoondi,1,Eastern Coastal Plain (Subhumid–Semi-Arid),#fff1a8
TN,Thiruvarur,Thiruvarur,1,Eastern Coastal Plain (Subhumid–Semi-Arid),#fff1a8
TN,Thiruvarur,Valangaiman,2,"Shared: Eastern Coastal Plain (Subhumid–Semi-Arid) + Eastern Ghats, TN Uplands & Deccan (Karnataka) Plateau (Semi-Arid)",#888888
TN,Tiruchirappalli,Lalgudi,1,"Eastern Ghats, TN Uplands & Deccan (Karnataka) Plateau (Semi-Arid)",#f4faad
TN,Tiruchirappalli,Manachanallur,1,"Eastern Ghats, TN Uplands & Deccan (Karnataka) Plateau (Semi-Arid)",#f4faad
TN,Tiruchirappalli,Manapparai,1,"Eastern Ghats, TN Uplands & Deccan (Karnataka) Plateau (Semi-Arid)",#f4faad
TN,Tiruchirappalli,Musiri,1,"Eastern Ghats, TN Uplands & Deccan (Karnataka) Plateau (Semi-Arid)",#f4faad
TN,Tiruchirappalli,Srirangam,1,"Eastern Ghats, TN Uplands & Deccan (Karnataka) Plateau (Semi-Arid)",#f4faad
TN,Tiruchirappalli,Thiruverumbur,1,"Eastern Ghats, TN Uplands & Deccan (Karnataka) Plateau (Semi-Arid)",#f4faad
TN,Tiruchirappalli,Thottiyam,1,"Eastern Ghats, TN Uplands & Deccan (Karnataka) Plateau (Semi-Arid)",#f4faad
TN,Tiruchirappalli,Thuraiyur,1,"Eastern Ghats, TN Uplands & Deccan (Karnataka) Plateau (Semi-Arid)",#f4faad
TN,Tiruchirappalli,Tiruchirappalli West,1,"Eastern Ghats, TN Uplands & Deccan (Karnataka) Plateau (Semi-Arid)",#f4faad
TN,Tirunelveli,Ambasamudram,2,"Shared: Eastern Ghats, TN Uplands & Deccan (Karnataka) Plateau (Semi-Arid) + Western Ghats & Coastal Plain (Humid–Perhumid)",#888888
TN,Tirunelveli,Nanguneri,2,"Shared: Eastern Coastal Plain (Subhumid–Semi-Arid) + Eastern Ghats, TN Uplands & Deccan (Karnataka) Plateau (Semi-Arid)",#888888
TN,Tirunelveli,Palayamkottai,1,"Eastern Ghats, TN Uplands & Deccan (Karnataka) Plateau (Semi-Arid)",#f4faad
TN,Tirunelveli,Radhapuram,2,"Shared: Eastern Coastal Plain (Subhumid–Semi-Arid) + Eastern Ghats, TN Uplands & Deccan (Karnataka) Plateau (Semi-Arid)",#888888
TN,Tirunelveli,Tirunelveli,1,"Eastern Ghats, TN Uplands & Deccan (Karnataka) Plateau (Semi-Arid)",#f4faad
TN,Tirupathur,Ambur,1,"Eastern Ghats, TN Uplands & Deccan (Karnataka) Plateau (Semi-Arid)",#f4faad
TN,Tirupathur,Tirupathur,1,"Eastern Ghats, TN Uplands & Deccan (Karnataka) Plateau (Semi-Arid)",#f4faad
TN,Tirupathur,Vaniyambadi,1,"Eastern Ghats, TN Uplands & Deccan (Karnataka) Plateau (Semi-Arid)",#f4faad
TN,Tiruppur,Avanashi,1,"Eastern Ghats, TN Uplands & Deccan (Karnataka) Plateau (Semi-Arid)",#f4faad
TN,Tiruppur,Dharapuram,1,"Eastern Ghats, TN Uplands & Deccan (Karnataka) Plateau (Semi-Arid)",#f4faad
TN,Tiruppur,Kangeyam,1,"Eastern Ghats, TN Uplands & Deccan (Karnataka) Plateau (Semi-Arid)",#f4faad
TN,Tiruppur,Madathukulam,1,"Eastern Ghats, TN Uplands & Deccan (Karnataka) Plateau (Semi-Arid)",#f4faad
TN,Tiruppur,Palladam,1,"Eastern Ghats, TN Uplands & Deccan (Karnataka) Plateau (Semi-Arid)",#f4faad
TN,Tiruppur,Tiruppurnorth,1,"Eastern Ghats, TN Uplands & Deccan (Karnataka) Plateau (Semi-Arid)",#f4faad
TN,Tiruppur,Udumalaipettai,2,"Shared: Eastern Ghats, TN Uplands & Deccan (Karnataka) Plateau (Semi-Arid) + Western Ghats & Coastal Plain (Humid–Perhumid)",#888888
TN,Tiruvannamalai,Arani,1,"Eastern Ghats, TN Uplands & Deccan (Karnataka) Plateau (Semi-Arid)",#f4faad
TN,Tiruvannamalai,Chengam,1,"Eastern Ghats, TN Uplands & Deccan (Karnataka) Plateau (Semi-Arid)",#f4faad
TN,Tiruvannamalai,Cheyyar,2,"Shared: Eastern Coastal Plain (Subhumid–Semi-Arid) + Eastern Ghats, TN Uplands & Deccan (Karnataka) Plateau (Semi-Arid)",#888888
TN,Tiruvannamalai,Polur,1,"Eastern Ghats, TN Uplands & Deccan (Karnataka) Plateau (Semi-Arid)",#f4faad
TN,Tiruvannamalai,Thandrampet,1,"Eastern Ghats, TN Uplands & Deccan (Karnataka) Plateau (Semi-Arid)",#f4faad
TN,Tiruvannamalai,Tiruvannamalai,1,"Eastern Ghats, TN Uplands & Deccan (Karnataka) Plateau (Semi-Arid)",#f4faad
TN,Tiruvannamalai,Vandavasi,2,"Shared: Eastern Coastal Plain (Subhumid–Semi-Arid) + Eastern Ghats, TN Uplands & Deccan (Karnataka) Plateau (Semi-Arid)",#888888
TN,Tuticorin,Ettayapuram,1,"Eastern Ghats, TN Uplands & Deccan (Karnataka) Plateau (Semi-Arid)",#f4faad
TN,Tuticorin,Kovilpatti,1,"Eastern Ghats, TN Uplands & Deccan (Karnataka) Plateau (Semi-Arid)",#f4faad
TN,Tuticorin,Ottapidaram,2,"Shared: Eastern Coastal Plain (Subhumid–Semi-Arid) + Eastern Ghats, TN Uplands & Deccan (Karnataka) Plateau (Semi-Arid)",#888888
TN,Tuticorin,Sathankulam,2,"Shared: Eastern Coastal Plain (Subhumid–Semi-Arid) + Eastern Ghats, TN Uplands & Deccan (Karnataka) Plateau (Semi-Arid)",#888888
TN,Tuticorin,Srivaikuntam,2,"Shared: Eastern Coastal Plain (Subhumid–Semi-Arid) + Eastern Ghats, TN Uplands & Deccan (Karnataka) Plateau (Semi-Arid)",#888888
TN,Tuticorin,Thoothukkudi,2,"Shared: Eastern Coastal Plain (Subhumid–Semi-Arid) + Eastern Ghats, TN Uplands & Deccan (Karnataka) Plateau (Semi-Arid)",#888888
TN,Tuticorin,Tiruchendur,2,"Shared: Eastern Coastal Plain (Subhumid–Semi-Arid) + Eastern Ghats, TN Uplands & Deccan (Karnataka) Plateau (Semi-Arid)",#888888
TN,Tuticorin,Vilathikulam,2,"Shared: Eastern Coastal Plain (Subhumid–Semi-Arid) + Eastern Ghats, TN Uplands & Deccan (Karnataka) Plateau (Semi-Arid)",#888888
TN,Vellore,Gudiyatham,1,"Eastern Ghats, TN Uplands & Deccan (Karnataka) Plateau (Semi-Arid)",#f4faad
TN,Vellore,Katpadi,1,"Eastern Ghats, TN Uplands & Deccan (Karnataka) Plateau (Semi-Arid)",#f4faad
TN,Vellore,Vellore,1,"Eastern Ghats, TN Uplands & Deccan (Karnataka) Plateau (Semi-Arid)",#f4faad
TN,Villupuram,Gingee,1,"Eastern Ghats, TN Uplands & Deccan (Karnataka) Plateau (Semi-Arid)",#f4faad
TN,Villupuram,Tindivanam,2,"Shared: Eastern Coastal Plain (Subhumid–Semi-Arid) + Eastern Ghats, TN Uplands & Deccan (Karnataka) Plateau (Semi-Arid)",#888888
TN,Villupuram,Vanur,1,Eastern Coastal Plain (Subhumid–Semi-Arid),#fff1a8
TN,Villupuram,Viluppuram,2,"Shared: Eastern Coastal Plain (Subhumid–Semi-Arid) + Eastern Ghats, TN Uplands & Deccan (Karnataka) Plateau (Semi-Arid)",#888888
TN,Virudhunagar,Aruppukkottai,1,"Eastern Ghats, TN Uplands & Deccan (Karnataka) Plateau (Semi-Arid)",#f4faad
TN,Virudhunagar,Kariapatti,1,"Eastern Ghats, TN Uplands & Deccan (Karnataka) Plateau (Semi-Arid)",#f4faad
TN,Virudhunagar,Rajapalayam,2,"Shared: Eastern Ghats, TN Uplands & Deccan (Karnataka) Plateau (Semi-Arid) + Western Ghats & Coastal Plain (Humid–Perhumid)",#888888
TN,Virudhunagar,Sattur,1,"Eastern Ghats, TN Uplands & Deccan (Karnataka) Plateau (Semi-Arid)",#f4faad
TN,Virudhunagar,Sivakasi,1,"Eastern Ghats, TN Uplands & Deccan (Karnataka) Plateau (Semi-Arid)",#f4faad
TN,Virudhunagar,Srivilliputhur,2,"Shared: Eastern Ghats, TN Uplands & Deccan (Karnataka) Plateau (Semi-Arid) + Western Ghats & Coastal Plain (Humid–Perhumid)",#888888
TN,Virudhunagar,Tiruchuli,1,"Eastern Ghats, TN Uplands & Deccan (Karnataka) Plateau (Semi-Arid)",#f4faad
TN,Virudhunagar,Virudhunagar,1,"Eastern Ghats, TN Uplands & Deccan (Karnataka) Plateau (Semi-Arid)",#f4faad
TS,Adilabad,Adilabad Urban,1,Deccan Plateau (Semi-Arid),#fa9b58
TS,Adilabad,Bazarhatnoor,1,Deccan Plateau (Semi-Arid),#fa9b58
TS,Adilabad,Bela,1,Deccan Plateau (Semi-Arid),#fa9b58
TS,Adilabad,Boath,1,Deccan Plateau (Semi-Arid),#fa9b58
TS,Adilabad,Gudihatnoor,1,Deccan Plateau (Semi-Arid),#fa9b58
TS,Adilabad,Ichoda,1,Deccan Plateau (Semi-Arid),#fa9b58
TS,Adilabad,Inderavelly,1,Deccan Plateau (Semi-Arid),#fa9b58
TS,Adilabad,Jainath,1,Deccan Plateau (Semi-Arid),#fa9b58
TS,Adilabad,Narnoor,2,Shared: Deccan Plateau (Semi-Arid) + Eastern Plateau (Chhotanagpur) & Eastern Ghats (Subhumid),#888888
TS,Adilabad,Neradigonda,1,Deccan Plateau (Semi-Arid),#fa9b58
TS,Adilabad,Talamadugu,1,Deccan Plateau (Semi-Arid),#fa9b58
TS,Adilabad,Tamsi,1,Deccan Plateau (Semi-Arid),#fa9b58
TS,Adilabad,Utnoor,1,Deccan Plateau (Semi-Arid),#fa9b58
TS,Bhadradri Kothagudem,Aswapuram,1,Deccan Plateau (Telangana) & Eastern Ghats (Semi-Arid),#fece7c
TS,Bhadradri Kothagudem,Aswaraopeta,1,Deccan Plateau (Telangana) & Eastern Ghats (Semi-Arid),#fece7c
TS,Bhadradri Kothagudem,Burgampahad,1,Deccan Plateau (Telangana) & Eastern Ghats (Semi-Arid),#fece7c
TS,Bhadradri Kothagudem,Chandrugonda,1,Deccan Plateau (Telangana) & Eastern Ghats (Semi-Arid),#fece7c
TS,Bhadradri Kothagudem,Cherla,2,Shared: Deccan Plateau (Telangana) & Eastern Ghats (Semi-Arid) + Eastern Plateau (Chhotanagpur) & Eastern Ghats (Subhumid),#888888
TS,Bhadradri Kothagudem,Dammapeta,1,Deccan Plateau (Telangana) & Eastern Ghats (Semi-Arid),#fece7c
TS,Bhadradri Kothagudem,Dummugudem,2,Shared: Deccan Plateau (Telangana) & Eastern Ghats (Semi-Arid) + Eastern Plateau (Chhotanagpur) & Eastern Ghats (Subhumid),#888888
TS,Bhadradri Kothagudem,Gundala,1,Deccan Plateau (Telangana) & Eastern Ghats (Semi-Arid),#fece7c
TS,Bhadradri Kothagudem,Julurpadu,1,Deccan Plateau (Telangana) & Eastern Ghats (Semi-Arid),#fece7c
TS,Bhadradri Kothagudem,Kothagudem,1,Deccan Plateau (Telangana) & Eastern Ghats (Semi-Arid),#fece7c
TS,Bhadradri Kothagudem,Manuguru,1,Deccan Plateau (Telangana) & Eastern Ghats (Semi-Arid),#fece7c
TS,Bhadradri Kothagudem,Mulkalapally,1,Deccan Plateau (Telangana) & Eastern Ghats (Semi-Arid),#fece7c
TS,Bhadradri Kothagudem,Palvoncha,1,Deccan Plateau (Telangana) & Eastern Ghats (Semi-Arid),#fece7c
TS,Bhadradri Kothagudem,Pinapaka,1,Deccan Plateau (Telangana) & Eastern Ghats (Semi-Arid),#fece7c
TS,Bhadradri Kothagudem,Tekulapalli,1,Deccan Plateau (Telangana) & Eastern Ghats (Semi-Arid),#fece7c
TS,Bhadradri Kothagudem,Yellandu,1,Deccan Plateau (Telangana) & Eastern Ghats (Semi-Arid),#fece7c
TS,Hyderabad,Amberpet,1,Deccan Plateau (Telangana) & Eastern Ghats (Semi-Arid),#fece7c
TS,Hyderabad,Ameerpet,1,Deccan Plateau (Telangana) & Eastern Ghats (Semi-Arid),#fece7c
TS,Hyderabad,Asif Nagar,1,Deccan Plateau (Telangana) & Eastern Ghats (Semi-Arid),#fece7c
TS,Hyderabad,Bahadurpura,1,Deccan Plateau (Telangana) & Eastern Ghats (Semi-Arid),#fece7c
TS,Hyderabad,Bandlaguda,1,Deccan Plateau (Telangana) & Eastern Ghats (Semi-Arid),#fece7c
TS,Hyderabad,Charminar,1,Deccan Plateau (Telangana) & Eastern Ghats (Semi-Arid),#fece7c
TS,Hyderabad,Golconda,1,Deccan Plateau (Telangana) & Eastern Ghats (Semi-Arid),#fece7c
TS,Hyderabad,Himayatnagar,1,Deccan Plateau (Telangana) & Eastern Ghats (Semi-Arid),#fece7c
TS,Hyderabad,Khairatabad,1,Deccan Plateau (Telangana) & Eastern Ghats (Semi-Arid),#fece7c
TS,Hyderabad,Marredpally,1,Deccan Plateau (Telangana) & Eastern Ghats (Semi-Arid),#fece7c
TS,Hyderabad,Musheerabad,1,Deccan Plateau (Telangana) & Eastern Ghats (Semi-Arid),#fece7c
TS,Hyderabad,Nampally,1,Deccan Plateau (Telangana) & Eastern Ghats (Semi-Arid),#fece7c
TS,Hyderabad,Saidabad,1,Deccan Plateau (Telangana) & Eastern Ghats (Semi-Arid),#fece7c
TS,Hyderabad,Secunderabad,1,Deccan Plateau (Telangana) & Eastern Ghats (Semi-Arid),#fece7c
TS,Hyderabad,Shaikpet,1,Deccan Plateau (Telangana) & Eastern Ghats (Semi-Arid),#fece7c
TS,Hyderabad,Tirumalgiri,1,Deccan Plateau (Telangana) & Eastern Ghats (Semi-Arid),#fece7c
TS,Jagitial,Dharmapuri,2,Shared: Deccan Plateau (Telangana) & Eastern Ghats (Semi-Arid) + Deccan Plateau (Semi-Arid),#888888
TS,Jagitial,Gollapalli,1,Deccan Plateau (Telangana) & Eastern Ghats (Semi-Arid),#fece7c
TS,Jagitial,Ibrahimpatnam,2,Shared: Deccan Plateau (Telangana) & Eastern Ghats (Semi-Arid) + Deccan Plateau (Semi-Arid),#888888
TS,Jagitial,Jagitial,1,Deccan Plateau (Telangana) & Eastern Ghats (Semi-Arid),#fece7c
TS,Jagitial,Kathlapur,2,Shared: Deccan Plateau (Telangana) & Eastern Ghats (Semi-Arid) + Deccan Plateau (Semi-Arid),#888888
TS,Jagitial,Kodimial,1,Deccan Plateau (Telangana) & Eastern Ghats (Semi-Arid),#fece7c
TS,Jagitial,Korutla,1,Deccan Plateau (Telangana) & Eastern Ghats (Semi-Arid),#fece7c
TS,Jagitial,Mallapur,2,Shared: Deccan Plateau (Telangana) & Eastern Ghats (Semi-Arid) + Deccan Plateau (Semi-Arid),#888888
TS,Jagitial,Mallial,1,Deccan Plateau (Telangana) & Eastern Ghats (Semi-Arid),#fece7c
TS,Jagitial,Medipalli,1,Deccan Plateau (Telangana) & Eastern Ghats (Semi-Arid),#fece7c
TS,Jagitial,Metpalli,2,Shared: Deccan Plateau (Telangana) & Eastern Ghats (Semi-Arid) + Deccan Plateau (Semi-Arid),#888888
TS,Jagitial,Pegadapalli,1,Deccan Plateau (Telangana) & Eastern Ghats (Semi-Arid),#fece7c
TS,Jagitial,Raikal,2,Shared: Deccan Plateau (Telangana) & Eastern Ghats (Semi-Arid) + Deccan Plateau (Semi-Arid),#888888
TS,Jagitial,Sarangapur,2,Shared: Deccan Plateau (Telangana) & Eastern Ghats (Semi-Arid) + Deccan Plateau (Semi-Arid),#888888
TS,Jagitial,Velgatur,1,Deccan Plateau (Telangana) & Eastern Ghats (Semi-Arid),#fece7c
TS,Jangoan,Bachannapet,1,Deccan Plateau (Telangana) & Eastern Ghats (Semi-Arid),#fece7c
TS,Jangoan,Devaruppula,1,Deccan Plateau (Telangana) & Eastern Ghats (Semi-Arid),#fece7c
TS,Jangoan,Ghanpur (Station),1,Deccan Plateau (Telangana) & Eastern Ghats (Semi-Arid),#fece7c
TS,Jangoan,Jangoan,1,Deccan Plateau (Telangana) & Eastern Ghats (Semi-Arid),#fece7c
TS,Jangoan,Kodakandla,1,Deccan Plateau (Telangana) & Eastern Ghats (Semi-Arid),#fece7c
TS,Jangoan,Lingalaghanpur,1,Deccan Plateau (Telangana) & Eastern Ghats (Semi-Arid),#fece7c
TS,Jangoan,Narmetta,1,Deccan Plateau (Telangana) & Eastern Ghats (Semi-Arid),#fece7c
TS,Jangoan,Palakurthy,1,Deccan Plateau (Telangana) & Eastern Ghats (Semi-Arid),#fece7c
TS,Jangoan,Ragunathpally,1,Deccan Plateau (Telangana) & Eastern Ghats (Semi-Arid),#fece7c
TS,Jangoan,Zaffergadh,1,Deccan Plateau (Telangana) & Eastern Ghats (Semi-Arid),#fece7c
TS,Jayashankar Bhupalapally,Bhupalpally,1,Deccan Plateau (Telangana) & Eastern Ghats (Semi-Arid),#fece7c
TS,Jayashankar Bhupalapally,Chityal,1,Deccan Plateau (Telangana) & Eastern Ghats (Semi-Arid),#fece7c
TS,Jayashankar Bhupalapally,Ghanpur (Mulug),1,Deccan Plateau (Telangana) & Eastern Ghats (Semi-Arid),#fece7c
TS,Jayashankar Bhupalapally,Kataram,1,Deccan Plateau (Telangana) & Eastern Ghats (Semi-Arid),#fece7c
TS,Jayashankar Bhupalapally,Mahadevpur,3,Shared: Deccan Plateau (Telangana) & Eastern Ghats (Semi-Arid) + Deccan Plateau (Semi-Arid) + Eastern Plateau (Chhotanagpur) & Eastern Ghats (Subhumid),#888888
TS,Jayashankar Bhupalapally,Malharrao,1,Deccan Plateau (Telangana) & Eastern Ghats (Semi-Arid),#fece7c
TS,Jayashankar Bhupalapally,Mogullapally,1,Deccan Plateau (Telangana) & Eastern Ghats (Semi-Arid),#fece7c
TS,Jayashankar Bhupalapally,Mutharam Mahadevpur,1,Deccan Plateau (Telangana) & Eastern Ghats (Semi-Arid),#fece7c
TS,Jayashankar Bhupalapally,Regonda,1,Deccan Plateau (Telangana) & Eastern Ghats (Semi-Arid),#fece7c
TS,Jogulamba Gadwal,Alampur,1,Deccan Plateau (Telangana) & Eastern Ghats (Semi-Arid),#fece7c
TS,Jogulamba Gadwal,Dharoor,1,Deccan Plateau (Telangana) & Eastern Ghats (Semi-Arid),#fece7c
TS,Jogulamba Gadwal,Gadwal,1,Deccan Plateau (Telangana) & Eastern Ghats (Semi-Arid),#fece7c
TS,Jogulamba Gadwal,Ghattu,1,Deccan Plateau (Telangana) & Eastern Ghats (Semi-Arid),#fece7c
TS,Jogulamba Gadwal,Ieeja,1,Deccan Plateau (Telangana) & Eastern Ghats (Semi-Arid),#fece7c
TS,Jogulamba Gadwal,Itikyala,1,Deccan Plateau (Telangana) & Eastern Ghats (Semi-Arid),#fece7c
TS,Jogulamba Gadwal,Maldakal,1,Deccan Plateau (Telangana) & Eastern Ghats (Semi-Arid),#fece7c
TS,Jogulamba Gadwal,Manopad,1,Deccan Plateau (Telangana) & Eastern Ghats (Semi-Arid),#fece7c
TS,Jogulamba Gadwal,Waddepally,1,Deccan Plateau (Telangana) & Eastern Ghats (Semi-Arid),#fece7c
TS,Kamareddy,Banswada,1,Deccan Plateau (Semi-Arid),#fa9b58
TS,Kamareddy,Bhiknoor,2,Shared: Deccan Plateau (Telangana) & Eastern Ghats (Semi-Arid) + Deccan Plateau (Semi-Arid),#888888
TS,Kamareddy,Bichkunda,2,Shared: Deccan Plateau (Telangana) & Eastern Ghats (Semi-Arid) + Deccan Plateau (Semi-Arid),#888888
TS,Kamareddy,Birkur,1,Deccan Plateau (Semi-Arid),#fa9b58
TS,Kamareddy,Domakonda,2,Shared: Deccan Plateau (Telangana) & Eastern Ghats (Semi-Arid) + Deccan Plateau (Semi-Arid),#888888
TS,Kamareddy,Gandhari,1,Deccan Plateau (Semi-Arid),#fa9b58
TS,Kamareddy,Jukkal,2,Shared: Deccan Plateau (Telangana) & Eastern Ghats (Semi-Arid) + Deccan Plateau (Semi-Arid),#888888
TS,Kamareddy,Kamareddy,1,Deccan Plateau (Semi-Arid),#fa9b58
TS,Kamareddy,Lingampet,1,Deccan Plateau (Semi-Arid),#fa9b58
TS,Kamareddy,Machareddy,1,Deccan Plateau (Semi-Arid),#fa9b58
TS,Kamareddy,Madnoor,1,Deccan Plateau (Semi-Arid),#fa9b58
TS,Kamareddy,Nagireddypet,2,Shared: Deccan Plateau (Telangana) & Eastern Ghats (Semi-Arid) + Deccan Plateau (Semi-Arid),#888888
TS,Kamareddy,Nizamsagar,2,Shared: Deccan Plateau (Telangana) & Eastern Ghats (Semi-Arid) + Deccan Plateau (Semi-Arid),#888888
TS,Kamareddy,Pitlam,2,Shared: Deccan Plateau (Telangana) & Eastern Ghats (Semi-Arid) + Deccan Plateau (Semi-Arid),#888888
TS,Kamareddy,Sadashivanagar,1,Deccan Plateau (Semi-Arid),#fa9b58
TS,Kamareddy,Tadwai,2,Shared: Deccan Plateau (Telangana) & Eastern Ghats (Semi-Arid) + Deccan Plateau (Semi-Arid),#888888
TS,Kamareddy,Yellareddy,1,Deccan Plateau (Semi-Arid),#fa9b58
TS,Karimnagar,Chigurumamidi,1,Deccan Plateau (Telangana) & Eastern Ghats (Semi-Arid),#fece7c
TS,Karimnagar,Choppadandi,1,Deccan Plateau (Telangana) & Eastern Ghats (Semi-Arid),#fece7c
TS,Karimnagar,Gangadhara,1,Deccan Plateau (Telangana) & Eastern Ghats (Semi-Arid),#fece7c
TS,Karimnagar,Huzurabad,1,Deccan Plateau (Telangana) & Eastern Ghats (Semi-Arid),#fece7c
TS,Karimnagar,Jammikunta,1,Deccan Plateau (Telangana) & Eastern Ghats (Semi-Arid),#fece7c
TS,Karimnagar,Karimnagar Rural,1,Deccan Plateau (Telangana) & Eastern Ghats (Semi-Arid),#fece7c
TS,Karimnagar,Manakondur,1,Deccan Plateau (Telangana) & Eastern Ghats (Semi-Arid),#fece7c
TS,Karimnagar,Ramadugu,1,Deccan Plateau (Telangana) & Eastern Ghats (Semi-Arid),#fece7c
TS,Karimnagar,Shankarapatnam,1,Deccan Plateau (Telangana) & Eastern Ghats (Semi-Arid),#fece7c
TS,Karimnagar,Thimmapur Lmd,1,Deccan Plateau (Telangana) & Eastern Ghats (Semi-Arid),#fece7c
TS,Karimnagar,V.Saidapur,1,Deccan Plateau (Telangana) & Eastern Ghats (Semi-Arid),#fece7c
TS,Karimnagar,Veenavanka,1,Deccan Plateau (Telangana) & Eastern Ghats (Semi-Arid),#fece7c
TS,Khammam,Bonakal,1,Deccan Plateau (Telangana) & Eastern Ghats (Semi-Arid),#fece7c
TS,Khammam,Chinthakani,1,Deccan Plateau (Telangana) & Eastern Ghats (Semi-Arid),#fece7c
TS,Khammam,Enkoor,1,Deccan Plateau (Telangana) & Eastern Ghats (Semi-Arid),#fece7c
TS,Khammam,Kalluru,1,Deccan Plateau (Telangana) & Eastern Ghats (Semi-Arid),#fece7c
TS,Khammam,Kamepalli,1,Deccan Plateau (Telangana) & Eastern Ghats (Semi-Arid),#fece7c
TS,Khammam,Khammam (Rural),1,Deccan Plateau (Telangana) & Eastern Ghats (Semi-Arid),#fece7c
TS,Khammam,Konijerla,1,Deccan Plateau (Telangana) & Eastern Ghats (Semi-Arid),#fece7c
TS,Khammam,Kusumanchi,1,Deccan Plateau (Telangana) & Eastern Ghats (Semi-Arid),#fece7c
TS,Khammam,Madhira,1,Deccan Plateau (Telangana) & Eastern Ghats (Semi-Arid),#fece7c
TS,Khammam,Mudigonda,1,Deccan Plateau (Telangana) & Eastern Ghats (Semi-Arid),#fece7c
TS,Khammam,Nelakondapalli,1,Deccan Plateau (Telangana) & Eastern Ghats (Semi-Arid),#fece7c
TS,Khammam,Penuballi,1,Deccan Plateau (Telangana) & Eastern Ghats (Semi-Arid),#fece7c
TS,Khammam,Raghunadhapalem,1,Deccan Plateau (Telangana) & Eastern Ghats (Semi-Arid),#fece7c
TS,Khammam,Sathupalli,1,Deccan Plateau (Telangana) & Eastern Ghats (Semi-Arid),#fece7c
TS,Khammam,Singareni,1,Deccan Plateau (Telangana) & Eastern Ghats (Semi-Arid),#fece7c
TS,Khammam,Thallada,1,Deccan Plateau (Telangana) & Eastern Ghats (Semi-Arid),#fece7c
TS,Khammam,Tirumalayapalem,1,Deccan Plateau (Telangana) & Eastern Ghats (Semi-Arid),#fece7c
TS,Khammam,Vemsoor,1,Deccan Plateau (Telangana) & Eastern Ghats (Semi-Arid),#fece7c
TS,Khammam,Wyra,1,Deccan Plateau (Telangana) & Eastern Ghats (Semi-Arid),#fece7c
TS,Khammam,Yerrupalem,1,Deccan Plateau (Telangana) & Eastern Ghats (Semi-Arid),#fece7c
TS,Kumuram Bheem Asifabad,Asifabad,1,Deccan Plateau (Semi-Arid),#fa9b58
TS,Kumuram Bheem Asifabad,Bejjur,2,Shared: Deccan Plateau (Semi-Arid) + Eastern Plateau (Chhotanagpur) & Eastern Ghats (Subhumid),#888888
TS,Kumuram Bheem Asifabad,Dahegoan,2,Shared: Deccan Plateau (Semi-Arid) + Eastern Plateau (Chhotanagpur) & Eastern Ghats (Subhumid),#888888
TS,Kumuram Bheem Asifabad,Jainoor,1,Deccan Plateau (Semi-Arid),#fa9b58
TS,Kumuram Bheem Asifabad,Kagaznagar,2,Shared: Deccan Plateau (Semi-Arid) + Eastern Plateau (Chhotanagpur) & Eastern Ghats (Subhumid),#888888
TS,Kumuram Bheem Asifabad,Kerameri,2,Shared: Deccan Plateau (Semi-Arid) + Eastern Plateau (Chhotanagpur) & Eastern Ghats (Subhumid),#888888
TS,Kumuram Bheem Asifabad,Koutala,2,Shared: Deccan Plateau (Semi-Arid) + Eastern Plateau (Chhotanagpur) & Eastern Ghats (Subhumid),#888888
TS,Kumuram Bheem Asifabad,Rebbena,1,Deccan Plateau (Semi-Arid),#fa9b58
TS,Kumuram Bheem Asifabad,Sirpur (T),2,Shared: Deccan Plateau (Semi-Arid) + Eastern Plateau (Chhotanagpur) & Eastern Ghats (Subhumid),#888888
TS,Kumuram Bheem Asifabad,Sirpur U,1,Deccan Plateau (Semi-Arid),#fa9b58
TS,Kumuram Bheem Asifabad,Tiryani,1,Deccan Plateau (Semi-Arid),#fa9b58
TS,Kumuram Bheem Asifabad,Wankidi,2,Shared: Deccan Plateau (Semi-Arid) + Eastern Plateau (Chhotanagpur) & Eastern Ghats (Subhumid),#888888
TS,Mahabubabad,Bayyaram,1,Deccan Plateau (Telangana) & Eastern Ghats (Semi-Arid),#fece7c
TS,Mahabubabad,Dornakal,1,Deccan Plateau (Telangana) & Eastern Ghats (Semi-Arid),#fece7c
TS,Mahabubabad,Garla,1,Deccan Plateau (Telangana) & Eastern Ghats (Semi-Arid),#fece7c
TS,Mahabubabad,Gudur,1,Deccan Plateau (Telangana) & Eastern Ghats (Semi-Arid),#fece7c
TS,Mahabubabad,Kesamudram,1,Deccan Plateau (Telangana) & Eastern Ghats (Semi-Arid),#fece7c
TS,Mahabubabad,Kothaguda,1,Deccan Plateau (Telangana) & Eastern Ghats (Semi-Arid),#fece7c
TS,Mahabubabad,Kuravi,1,Deccan Plateau (Telangana) & Eastern Ghats (Semi-Arid),#fece7c
TS,Mahabubabad,Mahabubabad,1,Deccan Plateau (Telangana) & Eastern Ghats (Semi-Arid),#fece7c
TS,Mahabubabad,Maripeda,1,Deccan Plateau (Telangana) & Eastern Ghats (Semi-Arid),#fece7c
TS,Mahabubabad,Narsimhulapet,1,Deccan Plateau (Telangana) & Eastern Ghats (Semi-Arid),#fece7c
TS,Mahabubabad,Nellikudur,1,Deccan Plateau (Telangana) & Eastern Ghats (Semi-Arid),#fece7c
TS,Mahabubabad,Thorrur,1,Deccan Plateau (Telangana) & Eastern Ghats (Semi-Arid),#fece7c
TS,Mahabubnagar,Addakal,1,Deccan Plateau (Telangana) & Eastern Ghats (Semi-Arid),#fece7c
TS,Mahabubnagar,Balanagar,1,Deccan Plateau (Telangana) & Eastern Ghats (Semi-Arid),#fece7c
TS,Mahabubnagar,Bhoothpur,1,Deccan Plateau (Telangana) & Eastern Ghats (Semi-Arid),#fece7c
TS,Mahabubnagar,Chinnachintakunta,1,Deccan Plateau (Telangana) & Eastern Ghats (Semi-Arid),#fece7c
TS,Mahabubnagar,Devarakadra,1,Deccan Plateau (Telangana) & Eastern Ghats (Semi-Arid),#fece7c
TS,Mahabubnagar,Gandeed,1,Deccan Plateau (Telangana) & Eastern Ghats (Semi-Arid),#fece7c
TS,Mahabubnagar,Hanwada,1,Deccan Plateau (Telangana) & Eastern Ghats (Semi-Arid),#fece7c
TS,Mahabubnagar,Jadcherla,1,Deccan Plateau (Telangana) & Eastern Ghats (Semi-Arid),#fece7c
TS,Mahabubnagar,Koilkonda,1,Deccan Plateau (Telangana) & Eastern Ghats (Semi-Arid),#fece7c
TS,Mahabubnagar,Mahabubnagar Urban,1,Deccan Plateau (Telangana) & Eastern Ghats (Semi-Arid),#fece7c
TS,Mahabubnagar,Midjil,1,Deccan Plateau (Telangana) & Eastern Ghats (Semi-Arid),#fece7c
TS,Mahabubnagar,Nawabpet,1,Deccan Plateau (Telangana) & Eastern Ghats (Semi-Arid),#fece7c
TS,Mancherial,Bellampally,1,Deccan Plateau (Semi-Arid),#fa9b58
TS,Mancherial,Bheemini,1,Deccan Plateau (Semi-Arid),#fa9b58
TS,Mancherial,Chennur,2,Shared: Deccan Plateau (Telangana) & Eastern Ghats (Semi-Arid) + Deccan Plateau (Semi-Arid),#888888
TS,Mancherial,Dandepally,2,Shared: Deccan Plateau (Telangana) & Eastern Ghats (Semi-Arid) + Deccan Plateau (Semi-Arid),#888888
TS,Mancherial,Jaipur,2,Shared: Deccan Plateau (Telangana) & Eastern Ghats (Semi-Arid) + Deccan Plateau (Semi-Arid),#888888
TS,Mancherial,Jannaram,1,Deccan Plateau (Semi-Arid),#fa9b58
TS,Mancherial,Kasipet,1,Deccan Plateau (Semi-Arid),#fa9b58
TS,Mancherial,Kotapally,3,Shared: Deccan Plateau (Telangana) & Eastern Ghats (Semi-Arid) + Deccan Plateau (Semi-Arid) + Eastern Plateau (Chhotanagpur) & Eastern Ghats (Subhumid),#888888
TS,Mancherial,Luxettipet,2,Shared: Deccan Plateau (Telangana) & Eastern Ghats (Semi-Arid) + Deccan Plateau (Semi-Arid),#888888
TS,Mancherial,Mancherial,2,Shared: Deccan Plateau (Telangana) & Eastern Ghats (Semi-Arid) + Deccan Plateau (Semi-Arid),#888888
TS,Mancherial,Mandamarri,1,Deccan Plateau (Semi-Arid),#fa9b58
TS,Mancherial,Nennel,1,Deccan Plateau (Semi-Arid),#fa9b58
TS,Mancherial,Tandur,1,Deccan Plateau (Semi-Arid),#fa9b58
TS,Mancherial,Vemanpally,2,Shared: Deccan Plateau (Semi-Arid) + Eastern Plateau (Chhotanagpur) & Eastern Ghats (Subhumid),#888888
TS,Medak,Alladurg,1,Deccan Plateau (Telangana) & Eastern Ghats (Semi-Arid),#fece7c
TS,Medak,Chegunta,1,Deccan Plateau (Telangana) & Eastern Ghats (Semi-Arid),#fece7c
TS,Medak,Kowdipally,1,Deccan Plateau (Telangana) & Eastern Ghats (Semi-Arid),#fece7c
TS,Medak,Kulcharam,1,Deccan Plateau (Telangana) & Eastern Ghats (Semi-Arid),#fece7c
TS,Medak,Medak,2,Shared: Deccan Plateau (Telangana) & Eastern Ghats (Semi-Arid) + Deccan Plateau (Semi-Arid),#888888
TS,Medak,Narsapur,1,Deccan Plateau (Telangana) & Eastern Ghats (Semi-Arid),#fece7c
TS,Medak,Papannapet,2,Shared: Deccan Plateau (Telangana) & Eastern Ghats (Semi-Arid) + Deccan Plateau (Semi-Arid),#888888
TS,Medak,Ramayampet,2,Shared: Deccan Plateau (Telangana) & Eastern Ghats (Semi-Arid) + Deccan Plateau (Semi-Arid),#888888
TS,Medak,Regode,1,Deccan Plateau (Telangana) & Eastern Ghats (Semi-Arid),#fece7c
TS,Medak,Shankarampet (A),2,Shared: Deccan Plateau (Telangana) & Eastern Ghats (Semi-Arid) + Deccan Plateau (Semi-Arid),#888888
TS,Medak,Shankarampet (R),1,Deccan Plateau (Telangana) & Eastern Ghats (Semi-Arid),#fece7c
TS,Medak,Shivampet,1,Deccan Plateau (Telangana) & Eastern Ghats (Semi-Arid),#fece7c
TS,Medak,Tekmal,1,Deccan Plateau (Telangana) & Eastern Ghats (Semi-Arid),#fece7c
TS,Medak,Toopran,1,Deccan Plateau (Telangana) & Eastern Ghats (Semi-Arid),#fece7c
TS,Medak,Yeldurthy,1,Deccan Plateau (Telangana) & Eastern Ghats (Semi-Arid),#fece7c
TS,Medchal Malkajgiri,Balanagar,1,Deccan Plateau (Telangana) & Eastern Ghats (Semi-Arid),#fece7c
TS,Medchal Malkajgiri,Ghatkesar,1,Deccan Plateau (Telangana) & Eastern Ghats (Semi-Arid),#fece7c
TS,Medchal Malkajgiri,Keesara,1,Deccan Plateau (Telangana) & Eastern Ghats (Semi-Arid),#fece7c
TS,Medchal Malkajgiri,Malkajgiri,1,Deccan Plateau (Telangana) & Eastern Ghats (Semi-Arid),#fece7c
TS,Medchal Malkajgiri,Medchal,1,Deccan Plateau (Telangana) & Eastern Ghats (Semi-Arid),#fece7c
TS,Medchal Malkajgiri,Qutballapur,1,Deccan Plateau (Telangana) & Eastern Ghats (Semi-Arid),#fece7c
TS,Medchal Malkajgiri,Shamirpet,1,Deccan Plateau (Telangana) & Eastern Ghats (Semi-Arid),#fece7c
TS,Medchal Malkajgiri,Uppal,1,Deccan Plateau (Telangana) & Eastern Ghats (Semi-Arid),#fece7c
TS,Mulugu,Eturunagaram,2,Shared: Deccan Plateau (Telangana) & Eastern Ghats (Semi-Arid) + Eastern Plateau (Chhotanagpur) & Eastern Ghats (Subhumid),#888888
TS,Mulugu,Govindaraopet,1,Deccan Plateau (Telangana) & Eastern Ghats (Semi-Arid),#fece7c
TS,Mulugu,Mangapet,1,Deccan Plateau (Telangana) & Eastern Ghats (Semi-Arid),#fece7c
TS,Mulugu,Mulug,1,Deccan Plateau (Telangana) & Eastern Ghats (Semi-Arid),#fece7c
TS,Mulugu,Tadvai,1,Deccan Plateau (Telangana) & Eastern Ghats (Semi-Arid),#fece7c
TS,Mulugu,Venkatapur,1,Deccan Plateau (Telangana) & Eastern Ghats (Semi-Arid),#fece7c
TS,Mulugu,Venkatapuram,2,Shared: Deccan Plateau (Telangana) & Eastern Ghats (Semi-Arid) + Eastern Plateau (Chhotanagpur) & Eastern Ghats (Subhumid),#888888
TS,Mulugu,Wajedu,2,Shared: Deccan Plateau (Telangana) & Eastern Ghats (Semi-Arid) + Eastern Plateau (Chhotanagpur) & Eastern Ghats (Subhumid),#888888
TS,Nagarkurnool,Achampet,1,Deccan Plateau (Telangana) & Eastern Ghats (Semi-Arid),#fece7c
TS,Nagarkurnool,Amrabad,1,Deccan Plateau (Telangana) & Eastern Ghats (Semi-Arid),#fece7c
TS,Nagarkurnool,Balmoor,1,Deccan Plateau (Telangana) & Eastern Ghats (Semi-Arid),#fece7c
TS,Nagarkurnool,Bijinapally,1,Deccan Plateau (Telangana) & Eastern Ghats (Semi-Arid),#fece7c
TS,Nagarkurnool,Kalwakurthy,1,Deccan Plateau (Telangana) & Eastern Ghats (Semi-Arid),#fece7c
TS,Nagarkurnool,Kodair,1,Deccan Plateau (Telangana) & Eastern Ghats (Semi-Arid),#fece7c
TS,Nagarkurnool,Kollapur,1,Deccan Plateau (Telangana) & Eastern Ghats (Semi-Arid),#fece7c
TS,Nagarkurnool,Lingal,1,Deccan Plateau (Telangana) & Eastern Ghats (Semi-Arid),#fece7c
TS,Nagarkurnool,Nagarkurnool,1,Deccan Plateau (Telangana) & Eastern Ghats (Semi-Arid),#fece7c
TS,Nagarkurnool,Peddakothapally,1,Deccan Plateau (Telangana) & Eastern Ghats (Semi-Arid),#fece7c
TS,Nagarkurnool,Tadoor,1,Deccan Plateau (Telangana) & Eastern Ghats (Semi-Arid),#fece7c
TS,Nagarkurnool,Telkapally,1,Deccan Plateau (Telangana) & Eastern Ghats (Semi-Arid),#fece7c
TS,Nagarkurnool,Thimmajipet,1,Deccan Plateau (Telangana) & Eastern Ghats (Semi-Arid),#fece7c
TS,Nagarkurnool,Uppununthala,1,Deccan Plateau (Telangana) & Eastern Ghats (Semi-Arid),#fece7c
TS,Nagarkurnool,Vangoor,1,Deccan Plateau (Telangana) & Eastern Ghats (Semi-Arid),#fece7c
TS,Nagarkurnool,Veldanda,1,Deccan Plateau (Telangana) & Eastern Ghats (Semi-Arid),#fece7c
TS,Nalgonda,Anumula,1,Deccan Plateau (Telangana) & Eastern Ghats (Semi-Arid),#fece7c
TS,Nalgonda,Chandampeta,1,Deccan Plateau (Telangana) & Eastern Ghats (Semi-Arid),#fece7c
TS,Nalgonda,Chandur,1,Deccan Plateau (Telangana) & Eastern Ghats (Semi-Arid),#fece7c
TS,Nalgonda,Chinthapally,1,Deccan Plateau (Telangana) & Eastern Ghats (Semi-Arid),#fece7c
TS,Nalgonda,Chityal,1,Deccan Plateau (Telangana) & Eastern Ghats (Semi-Arid),#fece7c
TS,Nalgonda,Dameracherla,1,Deccan Plateau (Telangana) & Eastern Ghats (Semi-Arid),#fece7c
TS,Nalgonda,Devarakonda,1,Deccan Plateau (Telangana) & Eastern Ghats (Semi-Arid),#fece7c
TS,Nalgonda,Gundlapally,1,Deccan Plateau (Telangana) & Eastern Ghats (Semi-Arid),#fece7c
TS,Nalgonda,Gurrampode,1,Deccan Plateau (Telangana) & Eastern Ghats (Semi-Arid),#fece7c
TS,Nalgonda,Kanagal,1,Deccan Plateau (Telangana) & Eastern Ghats (Semi-Arid),#fece7c
TS,Nalgonda,Kattangur,1,Deccan Plateau (Telangana) & Eastern Ghats (Semi-Arid),#fece7c
TS,Nalgonda,Kethepally,1,Deccan Plateau (Telangana) & Eastern Ghats (Semi-Arid),#fece7c
TS,Nalgonda,Marriguda,1,Deccan Plateau (Telangana) & Eastern Ghats (Semi-Arid),#fece7c
TS,Nalgonda,Miryalaguda,1,Deccan Plateau (Telangana) & Eastern Ghats (Semi-Arid),#fece7c
TS,Nalgonda,Munugode,1,Deccan Plateau (Telangana) & Eastern Ghats (Semi-Arid),#fece7c
TS,Nalgonda,Nakrekal,1,Deccan Plateau (Telangana) & Eastern Ghats (Semi-Arid),#fece7c
TS,Nalgonda,Nalgonda,1,Deccan Plateau (Telangana) & Eastern Ghats (Semi-Arid),#fece7c
TS,Nalgonda,Nampally,1,Deccan Plateau (Telangana) & Eastern Ghats (Semi-Arid),#fece7c
TS,Nalgonda,Narketpally,1,Deccan Plateau (Telangana) & Eastern Ghats (Semi-Arid),#fece7c
TS,Nalgonda,Nidmanoor,1,Deccan Plateau (Telangana) & Eastern Ghats (Semi-Arid),#fece7c
TS,Nalgonda,Pedda Adesherlapally,1,Deccan Plateau (Telangana) & Eastern Ghats (Semi-Arid),#fece7c
TS,Nalgonda,Peddavoora,1,Deccan Plateau (Telangana) & Eastern Ghats (Semi-Arid),#fece7c
TS,Nalgonda,Shaligouraram,1,Deccan Plateau (Telangana) & Eastern Ghats (Semi-Arid),#fece7c
TS,Nalgonda,Thipparthy,1,Deccan Plateau (Telangana) & Eastern Ghats (Semi-Arid),#fece7c
TS,Nalgonda,Tripuraram,1,Deccan Plateau (Telangana) & Eastern Ghats (Semi-Arid),#fece7c
TS,Nalgonda,Vemulapally,1,Deccan Plateau (Telangana) & Eastern Ghats (Semi-Arid),#fece7c
TS,Narayanpet,Damargidda,2,Shared: Deccan Plateau (Telangana) & Eastern Ghats (Semi-Arid) + Deccan Plateau (Semi-Arid),#888888
TS,Narayanpet,Dhanwada,1,Deccan Plateau (Telangana) & Eastern Ghats (Semi-Arid),#fece7c
TS,Narayanpet,Kosgi,1,Deccan Plateau (Telangana) & Eastern Ghats (Semi-Arid),#fece7c
TS,Narayanpet,Maddur,1,Deccan Plateau (Telangana) & Eastern Ghats (Semi-Arid),#fece7c
TS,Narayanpet,Maganoor,2,Shared: Deccan Plateau (Telangana) & Eastern Ghats (Semi-Arid) + Deccan Plateau (Semi-Arid),#888888
TS,Narayanpet,Makthal,1,Deccan Plateau (Telangana) & Eastern Ghats (Semi-Arid),#fece7c
TS,Narayanpet,Narayanpet,2,Shared: Deccan Plateau (Telangana) & Eastern Ghats (Semi-Arid) + Deccan Plateau (Semi-Arid),#888888
TS,Narayanpet,Narwa,1,Deccan Plateau (Telangana) & Eastern Ghats (Semi-Arid),#fece7c
TS,Narayanpet,Utkoor,2,Shared: Deccan Plateau (Telangana) & Eastern Ghats (Semi-Arid) + Deccan Plateau (Semi-Arid),#888888
TS,Nirmal,Bhainsa,1,Deccan Plateau (Semi-Arid),#fa9b58
TS,Nirmal,Dilawarpur,1,Deccan Plateau (Semi-Arid),#fa9b58
TS,Nirmal,Kaddam Peddur,2,Shared: Deccan Plateau (Telangana) & Eastern Ghats (Semi-Arid) + Deccan Plateau (Semi-Arid),#888888
TS,Nirmal,Khanapur,1,Deccan Plateau (Semi-Arid),#fa9b58
TS,Nirmal,Kubeer,1,Deccan Plateau (Semi-Arid),#fa9b58
TS,Nirmal,Kuntala,1,Deccan Plateau (Semi-Arid),#fa9b58
TS,Nirmal,Laxmanchanda,1,Deccan Plateau (Semi-Arid),#fa9b58
TS,Nirmal,Lokeswaram,1,Deccan Plateau (Semi-Arid),#fa9b58
TS,Nirmal,Mamada,1,Deccan Plateau (Semi-Arid),#fa9b58
TS,Nirmal,Mudhole,1,Deccan Plateau (Semi-Arid),#fa9b58
TS,Nirmal,Nirmal U,1,Deccan Plateau (Semi-Arid),#fa9b58
TS,Nirmal,Sarangapur,1,Deccan Plateau (Semi-Arid),#fa9b58
TS,Nirmal,Tanoor,1,Deccan Plateau (Semi-Arid),#fa9b58
TS,Nizamabad,Armoor,1,Deccan Plateau (Semi-Arid),#fa9b58
TS,Nizamabad,Balkonda,1,Deccan Plateau (Semi-Arid),#fa9b58
TS,Nizamabad,Bheemgal,1,Deccan Plateau (Semi-Arid),#fa9b58
TS,Nizamabad,Bodhan,1,Deccan Plateau (Semi-Arid),#fa9b58
TS,Nizamabad,Dharpally,1,Deccan Plateau (Semi-Arid),#fa9b58
TS,Nizamabad,Dichpally,1,Deccan Plateau (Semi-Arid),#fa9b58
TS,Nizamabad,Jakranpally,1,Deccan Plateau (Semi-Arid),#fa9b58
TS,Nizamabad,Kammarpally,2,Shared: Deccan Plateau (Telangana) & Eastern Ghats (Semi-Arid) + Deccan Plateau (Semi-Arid),#888888
TS,Nizamabad,Kotagiri,1,Deccan Plateau (Semi-Arid),#fa9b58
TS,Nizamabad,Makloor,1,Deccan Plateau (Semi-Arid),#fa9b58
TS,Nizamabad,Morthad,1,Deccan Plateau (Semi-Arid),#fa9b58
TS,Nizamabad,Nandipet,1,Deccan Plateau (Semi-Arid),#fa9b58
TS,Nizamabad,Navipet,1,Deccan Plateau (Semi-Arid),#fa9b58
TS,Nizamabad,Nizamabad North,1,Deccan Plateau (Semi-Arid),#fa9b58
TS,Nizamabad,Renjal,1,Deccan Plateau (Semi-Arid),#fa9b58
TS,Nizamabad,Sirikonda,1,Deccan Plateau (Semi-Arid),#fa9b58
TS,Nizamabad,Vailpoor,1,Deccan Plateau (Semi-Arid),#fa9b58
TS,Nizamabad,Varni,1,Deccan Plateau (Semi-Arid),#fa9b58
TS,Nizamabad,Yedapally,1,Deccan Plateau (Semi-Arid),#fa9b58
TS,Peddapalli,Dharmaram,1,Deccan Plateau (Telangana) & Eastern Ghats (Semi-Arid),#fece7c
TS,Peddapalli,Eligaid,1,Deccan Plateau (Telangana) & Eastern Ghats (Semi-Arid),#fece7c
TS,Peddapalli,Julapalli,1,Deccan Plateau (Telangana) & Eastern Ghats (Semi-Arid),#fece7c
TS,Peddapalli,Kamanpur,1,Deccan Plateau (Telangana) & Eastern Ghats (Semi-Arid),#fece7c
TS,Peddapalli,Manthani,1,Deccan Plateau (Telangana) & Eastern Ghats (Semi-Arid),#fece7c
TS,Peddapalli,Mutharam (Manthani),1,Deccan Plateau (Telangana) & Eastern Ghats (Semi-Arid),#fece7c
TS,Peddapalli,Odela,1,Deccan Plateau (Telangana) & Eastern Ghats (Semi-Arid),#fece7c
TS,Peddapalli,Peddapalli,1,Deccan Plateau (Telangana) & Eastern Ghats (Semi-Arid),#fece7c
TS,Peddapalli,Ramagundam,2,Shared: Deccan Plateau (Telangana) & Eastern Ghats (Semi-Arid) + Deccan Plateau (Semi-Arid),#888888
TS,Peddapalli,Srirampur,1,Deccan Plateau (Telangana) & Eastern Ghats (Semi-Arid),#fece7c
TS,Peddapalli,Sulthanabad,1,Deccan Plateau (Telangana) & Eastern Ghats (Semi-Arid),#fece7c
TS,Rajanna Sircilla,Boinpalli,1,Deccan Plateau (Telangana) & Eastern Ghats (Semi-Arid),#fece7c
TS,Rajanna Sircilla,Chandurthi,2,Shared: Deccan Plateau (Telangana) & Eastern Ghats (Semi-Arid) + Deccan Plateau (Semi-Arid),#888888
TS,Rajanna Sircilla,Gambhiraopet,2,Shared: Deccan Plateau (Telangana) & Eastern Ghats (Semi-Arid) + Deccan Plateau (Semi-Arid),#888888
TS,Rajanna Sircilla,Illanthakunta,1,Deccan Plateau (Telangana) & Eastern Ghats (Semi-Arid),#fece7c
TS,Rajanna Sircilla,Konaraopet,2,Shared: Deccan Plateau (Telangana) & Eastern Ghats (Semi-Arid) + Deccan Plateau (Semi-Arid),#888888
TS,Rajanna Sircilla,Mustabad,1,Deccan Plateau (Telangana) & Eastern Ghats (Semi-Arid),#fece7c
TS,Rajanna Sircilla,Sircilla,1,Deccan Plateau (Telangana) & Eastern Ghats (Semi-Arid),#fece7c
TS,Rajanna Sircilla,Vemulawada,1,Deccan Plateau (Telangana) & Eastern Ghats (Semi-Arid),#fece7c
TS,Rajanna Sircilla,Yellareddipet,2,Shared: Deccan Plateau (Telangana) & Eastern Ghats (Semi-Arid) + Deccan Plateau (Semi-Arid),#888888
TS,Ranga Reddy,Amangal,1,Deccan Plateau (Telangana) & Eastern Ghats (Semi-Arid),#fece7c
TS,Ranga Reddy,Chevella,1,Deccan Plateau (Telangana) & Eastern Ghats (Semi-Arid),#fece7c
TS,Ranga Reddy,Farooqnagar,1,Deccan Plateau (Telangana) & Eastern Ghats (Semi-Arid),#fece7c
TS,Ranga Reddy,Hayathnagar,1,Deccan Plateau (Telangana) & Eastern Ghats (Semi-Arid),#fece7c
TS,Ranga Reddy,Ibrahimpatnam,1,Deccan Plateau (Telangana) & Eastern Ghats (Semi-Arid),#fece7c
TS,Ranga Reddy,Kandukur,1,Deccan Plateau (Telangana) & Eastern Ghats (Semi-Arid),#fece7c
TS,Ranga Reddy,Keshampet,1,Deccan Plateau (Telangana) & Eastern Ghats (Semi-Arid),#fece7c
TS,Ranga Reddy,Kondurg,1,Deccan Plateau (Telangana) & Eastern Ghats (Semi-Arid),#fece7c
TS,Ranga Reddy,Kothur,1,Deccan Plateau (Telangana) & Eastern Ghats (Semi-Arid),#fece7c
TS,Ranga Reddy,Madgul,1,Deccan Plateau (Telangana) & Eastern Ghats (Semi-Arid),#fece7c
TS,Ranga Reddy,Maheshwaram,1,Deccan Plateau (Telangana) & Eastern Ghats (Semi-Arid),#fece7c
TS,Ranga Reddy,Manchal,1,Deccan Plateau (Telangana) & Eastern Ghats (Semi-Arid),#fece7c
TS,Ranga Reddy,Moinabad,1,Deccan Plateau (Telangana) & Eastern Ghats (Semi-Arid),#fece7c
TS,Ranga Reddy,Rajendranagar,1,Deccan Plateau (Telangana) & Eastern Ghats (Semi-Arid),#fece7c
TS,Ranga Reddy,Saroornagar,1,Deccan Plateau (Telangana) & Eastern Ghats (Semi-Arid),#fece7c
TS,Ranga Reddy,Serilingampally,1,Deccan Plateau (Telangana) & Eastern Ghats (Semi-Arid),#fece7c
TS,Ranga Reddy,Shabad,1,Deccan Plateau (Telangana) & Eastern Ghats (Semi-Arid),#fece7c
TS,Ranga Reddy,Shamshabad,1,Deccan Plateau (Telangana) & Eastern Ghats (Semi-Arid),#fece7c
TS,Ranga Reddy,Shankarpalle,1,Deccan Plateau (Telangana) & Eastern Ghats (Semi-Arid),#fece7c
TS,Ranga Reddy,Thalakondapally,1,Deccan Plateau (Telangana) & Eastern Ghats (Semi-Arid),#fece7c
TS,Ranga Reddy,Yacharam,1,Deccan Plateau (Telangana) & Eastern Ghats (Semi-Arid),#fece7c
TS,Sangareddy,Andole,1,Deccan Plateau (Telangana) & Eastern Ghats (Semi-Arid),#fece7c
TS,Sangareddy,Hathnoora,1,Deccan Plateau (Telangana) & Eastern Ghats (Semi-Arid),#fece7c
TS,Sangareddy,Jharasangam,1,Deccan Plateau (Telangana) & Eastern Ghats (Semi-Arid),#fece7c
TS,Sangareddy,Jinnaram,1,Deccan Plateau (Telangana) & Eastern Ghats (Semi-Arid),#fece7c
TS,Sangareddy,Kalher,2,Shared: Deccan Plateau (Telangana) & Eastern Ghats (Semi-Arid) + Deccan Plateau (Semi-Arid),#888888
TS,Sangareddy,Kangti,2,Shared: Deccan Plateau (Telangana) & Eastern Ghats (Semi-Arid) + Deccan Plateau (Semi-Arid),#888888
TS,Sangareddy,Kohir,2,Shared: Deccan Plateau (Telangana) & Eastern Ghats (Semi-Arid) + Deccan Plateau (Semi-Arid),#888888
TS,Sangareddy,Kondapur,1,Deccan Plateau (Telangana) & Eastern Ghats (Semi-Arid),#fece7c
TS,Sangareddy,Manoor,2,Shared: Deccan Plateau (Telangana) & Eastern Ghats (Semi-Arid) + Deccan Plateau (Semi-Arid),#888888
TS,Sangareddy,Munipally,1,Deccan Plateau (Telangana) & Eastern Ghats (Semi-Arid),#fece7c
TS,Sangareddy,Narayankhed,1,Deccan Plateau (Telangana) & Eastern Ghats (Semi-Arid),#fece7c
TS,Sangareddy,Nyalkal,2,Shared: Deccan Plateau (Telangana) & Eastern Ghats (Semi-Arid) + Deccan Plateau (Semi-Arid),#888888
TS,Sangareddy,Patancheru,1,Deccan Plateau (Telangana) & Eastern Ghats (Semi-Arid),#fece7c
TS,Sangareddy,Pulkal,1,Deccan Plateau (Telangana) & Eastern Ghats (Semi-Arid),#fece7c
TS,Sangareddy,Raikode,1,Deccan Plateau (Telangana) & Eastern Ghats (Semi-Arid),#fece7c
TS,Sangareddy,Ramchandrapuram,1,Deccan Plateau (Telangana) & Eastern Ghats (Semi-Arid),#fece7c
TS,Sangareddy,Sadasivpet,1,Deccan Plateau (Telangana) & Eastern Ghats (Semi-Arid),#fece7c
TS,Sangareddy,Sangareddy,1,Deccan Plateau (Telangana) & Eastern Ghats (Semi-Arid),#fece7c
TS,Sangareddy,Zahirabad,2,Shared: Deccan Plateau (Telangana) & Eastern Ghats (Semi-Arid) + Deccan Plateau (Semi-Arid),#888888
TS,Siddipet,Bejjanki,1,Deccan Plateau (Telangana) & Eastern Ghats (Semi-Arid),#fece7c
TS,Siddipet,Cherial,1,Deccan Plateau (Telangana) & Eastern Ghats (Semi-Arid),#fece7c
TS,Siddipet,Chinnakodur,1,Deccan Plateau (Telangana) & Eastern Ghats (Semi-Arid),#fece7c
TS,Siddipet,Doultabad,1,Deccan Plateau (Telangana) & Eastern Ghats (Semi-Arid),#fece7c
TS,Siddipet,Dubbak,1,Deccan Plateau (Telangana) & Eastern Ghats (Semi-Arid),#fece7c
TS,Siddipet,Gajwel,1,Deccan Plateau (Telangana) & Eastern Ghats (Semi-Arid),#fece7c
TS,Siddipet,Husnabad,1,Deccan Plateau (Telangana) & Eastern Ghats (Semi-Arid),#fece7c
TS,Siddipet,Jagdevpur,1,Deccan Plateau (Telangana) & Eastern Ghats (Semi-Arid),#fece7c
TS,Siddipet,Koheda,1,Deccan Plateau (Telangana) & Eastern Ghats (Semi-Arid),#fece7c
TS,Siddipet,Kondapak,1,Deccan Plateau (Telangana) & Eastern Ghats (Semi-Arid),#fece7c
TS,Siddipet,Maddur,1,Deccan Plateau (Telangana) & Eastern Ghats (Semi-Arid),#fece7c
TS,Siddipet,Mirdoddi,1,Deccan Plateau (Telangana) & Eastern Ghats (Semi-Arid),#fece7c
TS,Siddipet,Mulug,1,Deccan Plateau (Telangana) & Eastern Ghats (Semi-Arid),#fece7c
TS,Siddipet,Nangnoor,1,Deccan Plateau (Telangana) & Eastern Ghats (Semi-Arid),#fece7c
TS,Siddipet,Siddipet Urban,1,Deccan Plateau (Telangana) & Eastern Ghats (Semi-Arid),#fece7c
TS,Siddipet,Thoguta,1,Deccan Plateau (Telangana) & Eastern Ghats (Semi-Arid),#fece7c
TS,Siddipet,Wargal,1,Deccan Plateau (Telangana) & Eastern Ghats (Semi-Arid),#fece7c
TS,Suryapet,Atmakur (S),1,Deccan Plateau (Telangana) & Eastern Ghats (Semi-Arid),#fece7c
TS,Suryapet,Chilkur,1,Deccan Plateau (Telangana) & Eastern Ghats (Semi-Arid),#fece7c
TS,Suryapet,Chivemla,1,Deccan Plateau (Telangana) & Eastern Ghats (Semi-Arid),#fece7c
TS,Suryapet,Garidepally,1,Deccan Plateau (Telangana) & Eastern Ghats (Semi-Arid),#fece7c
TS,Suryapet,Huzurnagar,1,Deccan Plateau (Telangana) & Eastern Ghats (Semi-Arid),#fece7c
TS,Suryapet,Jajireddygudem,1,Deccan Plateau (Telangana) & Eastern Ghats (Semi-Arid),#fece7c
TS,Suryapet,Kodad,1,Deccan Plateau (Telangana) & Eastern Ghats (Semi-Arid),#fece7c
TS,Suryapet,Mattampally,1,Deccan Plateau (Telangana) & Eastern Ghats (Semi-Arid),#fece7c
TS,Suryapet,Mellachervu,1,Deccan Plateau (Telangana) & Eastern Ghats (Semi-Arid),#fece7c
TS,Suryapet,Mothey,1,Deccan Plateau (Telangana) & Eastern Ghats (Semi-Arid),#fece7c
TS,Suryapet,Munagala,1,Deccan Plateau (Telangana) & Eastern Ghats (Semi-Arid),#fece7c
TS,Suryapet,Nadigudem,1,Deccan Plateau (Telangana) & Eastern Ghats (Semi-Arid),#fece7c
TS,Suryapet,Nereducherla,1,Deccan Plateau (Telangana) & Eastern Ghats (Semi-Arid),#fece7c
TS,Suryapet,Nuthanakal,1,Deccan Plateau (Telangana) & Eastern Ghats (Semi-Arid),#fece7c
TS,Suryapet,Penpahad,1,Deccan Plateau (Telangana) & Eastern Ghats (Semi-Arid),#fece7c
TS,Suryapet,Suryapet,1,Deccan Plateau (Telangana) & Eastern Ghats (Semi-Arid),#fece7c
TS,Suryapet,Thirumalagiri,1,Deccan Plateau (Telangana) & Eastern Ghats (Semi-Arid),#fece7c
TS,Suryapet,Thungaturthy,1,Deccan Plateau (Telangana) & Eastern Ghats (Semi-Arid),#fece7c
TS,Vikarabad,Bantwaram,2,Shared: Deccan Plateau (Telangana) & Eastern Ghats (Semi-Arid) + Deccan Plateau (Semi-Arid),#888888
TS,Vikarabad,Basheerabad,2,Shared: Deccan Plateau (Telangana) & Eastern Ghats (Semi-Arid) + Deccan Plateau (Semi-Arid),#888888
TS,Vikarabad,Bomaraspeta,1,Deccan Plateau (Telangana) & Eastern Ghats (Semi-Arid),#fece7c
TS,Vikarabad,Dharur,1,Deccan Plateau (Telangana) & Eastern Ghats (Semi-Arid),#fece7c
TS,Vikarabad,Doma,1,Deccan Plateau (Telangana) & Eastern Ghats (Semi-Arid),#fece7c
TS,Vikarabad,Doulathabad,2,Shared: Deccan Plateau (Telangana) & Eastern Ghats (Semi-Arid) + Deccan Plateau (Semi-Arid),#888888
TS,Vikarabad,Kodangal,2,Shared: Deccan Plateau (Telangana) & Eastern Ghats (Semi-Arid) + Deccan Plateau (Semi-Arid),#888888
TS,Vikarabad,Kulkacharla,1,Deccan Plateau (Telangana) & Eastern Ghats (Semi-Arid),#fece7c
TS,Vikarabad,Marpalle,2,Shared: Deccan Plateau (Telangana) & Eastern Ghats (Semi-Arid) + Deccan Plateau (Semi-Arid),#888888
TS,Vikarabad,Mominpet,1,Deccan Plateau (Telangana) & Eastern Ghats (Semi-Arid),#fece7c
TS,Vikarabad,Nawabpet,1,Deccan Plateau (Telangana) & Eastern Ghats (Semi-Arid),#fece7c
TS,Vikarabad,Pargi,1,Deccan Plateau (Telangana) & Eastern Ghats (Semi-Arid),#fece7c
TS,Vikarabad,Peddemul,2,Shared: Deccan Plateau (Telangana) & Eastern Ghats (Semi-Arid) + Deccan Plateau (Semi-Arid),#888888
TS,Vikarabad,Pudur,1,Deccan Plateau (Telangana) & Eastern Ghats (Semi-Arid),#fece7c
TS,Vikarabad,Tandur,2,Shared: Deccan Plateau (Telangana) & Eastern Ghats (Semi-Arid) + Deccan Plateau (Semi-Arid),#888888
TS,Vikarabad,Vikarabad,1,Deccan Plateau (Telangana) & Eastern Ghats (Semi-Arid),#fece7c
TS,Vikarabad,Yelal,1,Deccan Plateau (Telangana) & Eastern Ghats (Semi-Arid),#fece7c
TS,Wanaparthy,Atmakur,1,Deccan Plateau (Telangana) & Eastern Ghats (Semi-Arid),#fece7c
TS,Wanaparthy,Ghanpur,1,Deccan Plateau (Telangana) & Eastern Ghats (Semi-Arid),#fece7c
TS,Wanaparthy,Gopalpeta,1,Deccan Plateau (Telangana) & Eastern Ghats (Semi-Arid),#fece7c
TS,Wanaparthy,Kothakota,1,Deccan Plateau (Telangana) & Eastern Ghats (Semi-Arid),#fece7c
TS,Wanaparthy,Pangal,1,Deccan Plateau (Telangana) & Eastern Ghats (Semi-Arid),#fece7c
TS,Wanaparthy,Pebbair,1,Deccan Plateau (Telangana) & Eastern Ghats (Semi-Arid),#fece7c
TS,Wanaparthy,Peddamandadi,1,Deccan Plateau (Telangana) & Eastern Ghats (Semi-Arid),#fece7c
TS,Wanaparthy,Wanaparthy,1,Deccan Plateau (Telangana) & Eastern Ghats (Semi-Arid),#fece7c
TS,Wanaparthy,Weepangandla,1,Deccan Plateau (Telangana) & Eastern Ghats (Semi-Arid),#fece7c
TS,Warangal Rural,Athmakur,1,Deccan Plateau (Telangana) & Eastern Ghats (Semi-Arid),#fece7c
TS,Warangal Rural,Chennaraopet,1,Deccan Plateau (Telangana) & Eastern Ghats (Semi-Arid),#fece7c
TS,Warangal Rural,Duggondi,1,Deccan Plateau (Telangana) & Eastern Ghats (Semi-Arid),#fece7c
TS,Warangal Rural,Geesugonda,1,Deccan Plateau (Telangana) & Eastern Ghats (Semi-Arid),#fece7c
TS,Warangal Rural,Khanapur,1,Deccan Plateau (Telangana) & Eastern Ghats (Semi-Arid),#fece7c
TS,Warangal Rural,Nallabelli,1,Deccan Plateau (Telangana) & Eastern Ghats (Semi-Arid),#fece7c
TS,Warangal Rural,Narsampet,1,Deccan Plateau (Telangana) & Eastern Ghats (Semi-Arid),#fece7c
TS,Warangal Rural,Nekkonda,1,Deccan Plateau (Telangana) & Eastern Ghats (Semi-Arid),#fece7c
TS,Warangal Rural,Parkal,1,Deccan Plateau (Telangana) & Eastern Ghats (Semi-Arid),#fece7c
TS,Warangal Rural,Parvathagiri,1,Deccan Plateau (Telangana) & Eastern Ghats (Semi-Arid),#fece7c
TS,Warangal Rural,Rayaparthy,1,Deccan Plateau (Telangana) & Eastern Ghats (Semi-Arid),#fece7c
TS,Warangal Rural,Sangem,1,Deccan Plateau (Telangana) & Eastern Ghats (Semi-Arid),#fece7c
TS,Warangal Rural,Shayampet,1,Deccan Plateau (Telangana) & Eastern Ghats (Semi-Arid),#fece7c
TS,Warangal Rural,Wardhannapet,1,Deccan Plateau (Telangana) & Eastern Ghats (Semi-Arid),#fece7c
TS,Warangal Urban,Bheemadevarpalli,1,Deccan Plateau (Telangana) & Eastern Ghats (Semi-Arid),#fece7c
TS,Warangal Urban,Dharmasagar,1,Deccan Plateau (Telangana) & Eastern Ghats (Semi-Arid),#fece7c
TS,Warangal Urban,Elkathurthy,1,Deccan Plateau (Telangana) & Eastern Ghats (Semi-Arid),#fece7c
TS,Warangal Urban,Hanamkonda,1,Deccan Plateau (Telangana) & Eastern Ghats (Semi-Arid),#fece7c
TS,Warangal Urban,Hasanparthy,1,Deccan Plateau (Telangana) & Eastern Ghats (Semi-Arid),#fece7c
TS,Warangal Urban,Kamalapur,1,Deccan Plateau (Telangana) & Eastern Ghats (Semi-Arid),#fece7c
TS,Warangal Urban,Warangal,1,Deccan Plateau (Telangana) & Eastern Ghats (Semi-Arid),#fece7c
TS,Yadadri Bhuvanagiri,Alair,1,Deccan Plateau (Telangana) & Eastern Ghats (Semi-Arid),#fece7c
TS,Yadadri Bhuvanagiri,Atmakur (M),1,Deccan Plateau (Telangana) & Eastern Ghats (Semi-Arid),#fece7c
TS,Yadadri Bhuvanagiri,B Pochampally,1,Deccan Plateau (Telangana) & Eastern Ghats (Semi-Arid),#fece7c
TS,Yadadri Bhuvanagiri,Bhongir,1,Deccan Plateau (Telangana) & Eastern Ghats (Semi-Arid),#fece7c
TS,Yadadri Bhuvanagiri,Bibinagar,1,Deccan Plateau (Telangana) & Eastern Ghats (Semi-Arid),#fece7c
TS,Yadadri Bhuvanagiri,Bommalaramaram,1,Deccan Plateau (Telangana) & Eastern Ghats (Semi-Arid),#fece7c
TS,Yadadri Bhuvanagiri,Choutuppal,1,Deccan Plateau (Telangana) & Eastern Ghats (Semi-Arid),#fece7c
TS,Yadadri Bhuvanagiri,Gundala,1,Deccan Plateau (Telangana) & Eastern Ghats (Semi-Arid),#fece7c
TS,Yadadri Bhuvanagiri,Mothkur,1,Deccan Plateau (Telangana) & Eastern Ghats (Semi-Arid),#fece7c
TS,Yadadri Bhuvanagiri,Narayanpur,1,Deccan Plateau (Telangana) & Eastern Ghats (Semi-Arid),#fece7c
TS,Yadadri Bhuvanagiri,Rajapeta,1,Deccan Plateau (Telangana) & Eastern Ghats (Semi-Arid),#fece7c
TS,Yadadri Bhuvanagiri,Ramannapet,1,Deccan Plateau (Telangana) & Eastern Ghats (Semi-Arid),#fece7c
TS,Yadadri Bhuvanagiri,Thurkapally,1,Deccan Plateau (Telangana) & Eastern Ghats (Semi-Arid),#fece7c
TS,Yadadri Bhuvanagiri,Valigonda,1,Deccan Plateau (Telangana) & Eastern Ghats (Semi-Arid),#fece7c
TS,Yadadri Bhuvanagiri,Yadagirigutta,1,Deccan Plateau (Telangana) & Eastern Ghats (Semi-Arid),#fece7c
WB,24 Paraganas North,Amdanga,1,Assam & Bengal Plain (Subhumid–Humid),#9e0142
WB,24 Paraganas North,Baduria,1,Assam & Bengal Plain (Subhumid–Humid),#9e0142
WB,24 Paraganas North,Bagda,1,Assam & Bengal Plain (Subhumid–Humid),#9e0142
WB,24 Paraganas North,Barasat - I,1,Assam & Bengal Plain (Subhumid–Humid),#9e0142
WB,24 Paraganas North,Barasat - II,1,Assam & Bengal Plain (Subhumid–Humid),#9e0142
WB,24 Paraganas North,Barrackpur - I,1,Assam & Bengal Plain (Subhumid–Humid),#9e0142
WB,24 Paraganas North,Barrackpur - II,1,Assam & Bengal Plain (Subhumid–Humid),#9e0142
WB,24 Paraganas North,Basirhat - I,1,Assam & Bengal Plain (Subhumid–Humid),#9e0142
WB,24 Paraganas North,Basirhat - II,1,Assam & Bengal Plain (Subhumid–Humid),#9e0142
WB,24 Paraganas North,Bongaon,1,Assam & Bengal Plain (Subhumid–Humid),#9e0142
WB,24 Paraganas North,Deganga,1,Assam & Bengal Plain (Subhumid–Humid),#9e0142
WB,24 Paraganas North,Gaighata,1,Assam & Bengal Plain (Subhumid–Humid),#9e0142
WB,24 Paraganas North,Habra - I,1,Assam & Bengal Plain (Subhumid–Humid),#9e0142
WB,24 Paraganas North,Habra - II,1,Assam & Bengal Plain (Subhumid–Humid),#9e0142
WB,24 Paraganas North,Haroa,1,Assam & Bengal Plain (Subhumid–Humid),#9e0142
WB,24 Paraganas North,Hasnabad,1,Assam & Bengal Plain (Subhumid–Humid),#9e0142
WB,24 Paraganas North,Hingalganj,1,Assam & Bengal Plain (Subhumid–Humid),#9e0142
WB,24 Paraganas North,Minakhan,1,Assam & Bengal Plain (Subhumid–Humid),#9e0142
WB,24 Paraganas North,Rajarhat,1,Assam & Bengal Plain (Subhumid–Humid),#9e0142
WB,24 Paraganas North,Sandeshkhali - I,1,Assam & Bengal Plain (Subhumid–Humid),#9e0142
WB,24 Paraganas North,Sandeshkhali - II,1,Assam & Bengal Plain (Subhumid–Humid),#9e0142
WB,24 Paraganas North,Swarupnagar,1,Assam & Bengal Plain (Subhumid–Humid),#9e0142
WB,24 Paraganas South,Baruipur,1,Assam & Bengal Plain (Subhumid–Humid),#9e0142
WB,24 Paraganas South,Basanti,1,Assam & Bengal Plain (Subhumid–Humid),#9e0142
WB,24 Paraganas South,Bhangar - I,1,Assam & Bengal Plain (Subhumid–Humid),#9e0142
WB,24 Paraganas South,Bhangar - II,1,Assam & Bengal Plain (Subhumid–Humid),#9e0142
WB,24 Paraganas South,Bishnupur - I,1,Assam & Bengal Plain (Subhumid–Humid),#9e0142
WB,24 Paraganas South,Bishnupur - II,1,Assam & Bengal Plain (Subhumid–Humid),#9e0142
WB,24 Paraganas South,Budge Budge - I,1,Assam & Bengal Plain (Subhumid–Humid),#9e0142
WB,24 Paraganas South,Budge Budge - II,1,Assam & Bengal Plain (Subhumid–Humid),#9e0142
WB,24 Paraganas South,Canning - I,1,Assam & Bengal Plain (Subhumid–Humid),#9e0142
WB,24 Paraganas South,Canning - II,1,Assam & Bengal Plain (Subhumid–Humid),#9e0142
WB,24 Paraganas South,Diamond Harbour - I,1,Assam & Bengal Plain (Subhumid–Humid),#9e0142
WB,24 Paraganas South,Diamond Harbour - II,1,Assam & Bengal Plain (Subhumid–Humid),#9e0142
WB,24 Paraganas South,Falta,1,Assam & Bengal Plain (Subhumid–Humid),#9e0142
WB,24 Paraganas South,Gosaba,1,Assam & Bengal Plain (Subhumid–Humid),#9e0142
WB,24 Paraganas South,Jaynagar - I,1,Assam & Bengal Plain (Subhumid–Humid),#9e0142
WB,24 Paraganas South,Jaynagar - II,1,Assam & Bengal Plain (Subhumid–Humid),#9e0142
WB,24 Paraganas South,Kakdwip,1,Assam & Bengal Plain (Subhumid–Humid),#9e0142
WB,24 Paraganas South,Kulpi,1,Assam & Bengal Plain (Subhumid–Humid),#9e0142
WB,24 Paraganas South,Kultali,1,Assam & Bengal Plain (Subhumid–Humid),#9e0142
WB,24 Paraganas South,Magrahat - I,1,Assam & Bengal Plain (Subhumid–Humid),#9e0142
WB,24 Paraganas South,Magrahat - II,1,Assam & Bengal Plain (Subhumid–Humid),#9e0142
WB,24 Paraganas South,Mandirbazar,1,Assam & Bengal Plain (Subhumid–Humid),#9e0142
WB,24 Paraganas South,Mathurapur - I,1,Assam & Bengal Plain (Subhumid–Humid),#9e0142
WB,24 Paraganas South,Mathurapur - II,1,Assam & Bengal Plain (Subhumid–Humid),#9e0142
WB,24 Paraganas South,Namkhana,1,Assam & Bengal Plain (Subhumid–Humid),#9e0142
WB,24 Paraganas South,Patharpratima,1,Assam & Bengal Plain (Subhumid–Humid),#9e0142
WB,24 Paraganas South,Sagar,1,Assam & Bengal Plain (Subhumid–Humid),#9e0142
WB,24 Paraganas South,Sonarpur,1,Assam & Bengal Plain (Subhumid–Humid),#9e0142
WB,24 Paraganas South,Thakurpukur Mahestola,1,Assam & Bengal Plain (Subhumid–Humid),#9e0142
WB,Alipurduar,Alipurduar - I,2,Shared: Assam & Bengal Plain (Subhumid–Humid) + Eastern Himalayas (Perhumid),#888888
WB,Alipurduar,Alipurduar - II,2,Shared: Assam & Bengal Plain (Subhumid–Humid) + Eastern Himalayas (Perhumid),#888888
WB,Alipurduar,Falakata,2,Shared: Assam & Bengal Plain (Subhumid–Humid) + Eastern Himalayas (Perhumid),#888888
WB,Alipurduar,Kalchini,1,Eastern Himalayas (Perhumid),#d1ed9c
WB,Alipurduar,Kumargram,2,Shared: Assam & Bengal Plain (Subhumid–Humid) + Eastern Himalayas (Perhumid),#888888
WB,Alipurduar,Madarihat,1,Eastern Himalayas (Perhumid),#d1ed9c
WB,Bankura,Bankura - I,1,Eastern Plateau (Chhotanagpur) & Eastern Ghats (Subhumid),#5cb7aa
WB,Bankura,Bankura - II,2,Shared: Assam & Bengal Plain (Subhumid–Humid) + Eastern Plateau (Chhotanagpur) & Eastern Ghats (Subhumid),#888888
WB,Bankura,Barjora,2,Shared: Assam & Bengal Plain (Subhumid–Humid) + Eastern Plateau (Chhotanagpur) & Eastern Ghats (Subhumid),#888888
WB,Bankura,Chhatna,1,Eastern Plateau (Chhotanagpur) & Eastern Ghats (Subhumid),#5cb7aa
WB,Bankura,Gangajalghati,1,Eastern Plateau (Chhotanagpur) & Eastern Ghats (Subhumid),#5cb7aa
WB,Bankura,Hirbandh,1,Eastern Plateau (Chhotanagpur) & Eastern Ghats (Subhumid),#5cb7aa
WB,Bankura,Indpur,1,Eastern Plateau (Chhotanagpur) & Eastern Ghats (Subhumid),#5cb7aa
WB,Bankura,Indus,1,Assam & Bengal Plain (Subhumid–Humid),#9e0142
WB,Bankura,Jaypur,1,Assam & Bengal Plain (Subhumid–Humid),#9e0142
WB,Bankura,Khatra,1,Eastern Plateau (Chhotanagpur) & Eastern Ghats (Subhumid),#5cb7aa
WB,Bankura,Kotulpur,1,Assam & Bengal Plain (Subhumid–Humid),#9e0142
WB,Bankura,Mejhia,1,Eastern Plateau (Chhotanagpur) & Eastern Ghats (Subhumid),#5cb7aa
WB,Bankura,Onda,2,Shared: Assam & Bengal Plain (Subhumid–Humid) + Eastern Plateau (Chhotanagpur) & Eastern Ghats (Subhumid),#888888
WB,Bankura,Patrasayer,1,Assam & Bengal Plain (Subhumid–Humid),#9e0142
WB,Bankura,Raipur,1,Eastern Plateau (Chhotanagpur) & Eastern Ghats (Subhumid),#5cb7aa
WB,Bankura,Ranibundh,1,Eastern Plateau (Chhotanagpur) & Eastern Ghats (Subhumid),#5cb7aa
WB,Bankura,Saltora,1,Eastern Plateau (Chhotanagpur) & Eastern Ghats (Subhumid),#5cb7aa
WB,Bankura,Sarenga,1,Eastern Plateau (Chhotanagpur) & Eastern Ghats (Subhumid),#5cb7aa
WB,Bankura,Simlapal,2,Shared: Assam & Bengal Plain (Subhumid–Humid) + Eastern Plateau (Chhotanagpur) & Eastern Ghats (Subhumid),#888888
WB,Bankura,Sonamukhi,1,Assam & Bengal Plain (Subhumid–Humid),#9e0142
WB,Bankura,Taldangra,2,Shared: Assam & Bengal Plain (Subhumid–Humid) + Eastern Plateau (Chhotanagpur) & Eastern Ghats (Subhumid),#888888
WB,Bankura,Vishnupur,1,Assam & Bengal Plain (Subhumid–Humid),#9e0142
WB,Birbhum,Bolpur Sriniketan,1,Assam & Bengal Plain (Subhumid–Humid),#9e0142
WB,Birbhum,Dubrajpur,2,Shared: Assam & Bengal Plain (Subhumid–Humid) + Eastern Plateau (Chhotanagpur) & Eastern Ghats (Subhumid),#888888
WB,Birbhum,Illambazar,2,Shared: Assam & Bengal Plain (Subhumid–Humid) + Eastern Plateau (Chhotanagpur) & Eastern Ghats (Subhumid),#888888
WB,Birbhum,Khoyrasol,1,Eastern Plateau (Chhotanagpur) & Eastern Ghats (Subhumid),#5cb7aa
WB,Birbhum,Labpur,1,Assam & Bengal Plain (Subhumid–Humid),#9e0142
WB,Birbhum,Mayureswar - I,1,Assam & Bengal Plain (Subhumid–Humid),#9e0142
WB,Birbhum,Mayureswar - II,1,Assam & Bengal Plain (Subhumid–Humid),#9e0142
WB,Birbhum,Mohammad Bazar,2,Shared: Assam & Bengal Plain (Subhumid–Humid) + Eastern Plateau (Chhotanagpur) & Eastern Ghats (Subhumid),#888888
WB,Birbhum,Murarai - I,2,Shared: Assam & Bengal Plain (Subhumid–Humid) + Eastern Plateau (Chhotanagpur) & Eastern Ghats (Subhumid),#888888
WB,Birbhum,Murarai - II,1,Assam & Bengal Plain (Subhumid–Humid),#9e0142
WB,Birbhum,Nalhati - I,2,Shared: Assam & Bengal Plain (Subhumid–Humid) + Eastern Plateau (Chhotanagpur) & Eastern Ghats (Subhumid),#888888
WB,Birbhum,Nalhati - II,1,Assam & Bengal Plain (Subhumid–Humid),#9e0142
WB,Birbhum,Nanoor,1,Assam & Bengal Plain (Subhumid–Humid),#9e0142
WB,Birbhum,Rajnagar,1,Eastern Plateau (Chhotanagpur) & Eastern Ghats (Subhumid),#5cb7aa
WB,Birbhum,Rampurhat - I,2,Shared: Assam & Bengal Plain (Subhumid–Humid) + Eastern Plateau (Chhotanagpur) & Eastern Ghats (Subhumid),#888888
WB,Birbhum,Rampurhat - II,1,Assam & Bengal Plain (Subhumid–Humid),#9e0142
WB,Birbhum,Sainthia,2,Shared: Assam & Bengal Plain (Subhumid–Humid) + Eastern Plateau (Chhotanagpur) & Eastern Ghats (Subhumid),#888888
WB,Birbhum,Suri - I,2,Shared: Assam & Bengal Plain (Subhumid–Humid) + Eastern Plateau (Chhotanagpur) & Eastern Ghats (Subhumid),#888888
WB,Birbhum,Suri - II,2,Shared: Assam & Bengal Plain (Subhumid–Humid) + Eastern Plateau (Chhotanagpur) & Eastern Ghats (Subhumid),#888888
WB,Coochbehar,Cooch Behar - I,1,Assam & Bengal Plain (Subhumid–Humid),#9e0142
WB,Coochbehar,Cooch Behar - II,2,Shared: Assam & Bengal Plain (Subhumid–Humid) + Eastern Himalayas (Perhumid),#888888
WB,Coochbehar,Dinhata - I,1,Assam & Bengal Plain (Subhumid–Humid),#9e0142
WB,Coochbehar,Dinhata - II,1,Assam & Bengal Plain (Subhumid–Humid),#9e0142
WB,Coochbehar,Haldibari,1,Assam & Bengal Plain (Subhumid–Humid),#9e0142
WB,Coochbehar,Mathabhanga - I,1,Assam & Bengal Plain (Subhumid–Humid),#9e0142
WB,Coochbehar,Mathabhanga - II,1,Assam & Bengal Plain (Subhumid–Humid),#9e0142
WB,Coochbehar,Mekliganj,1,Assam & Bengal Plain (Subhumid–Humid),#9e0142
WB,Coochbehar,Sitai,1,Assam & Bengal Plain (Subhumid–Humid),#9e0142
WB,Coochbehar,Sitalkuchi,1,Assam & Bengal Plain (Subhumid–Humid),#9e0142
WB,Coochbehar,Tufanganj - I,2,Shared: Assam & Bengal Plain (Subhumid–Humid) + Eastern Himalayas (Perhumid),#888888
WB,Coochbehar,Tufanganj - II,2,Shared: Assam & Bengal Plain (Subhumid–Humid) + Eastern Himalayas (Perhumid),#888888
WB,Darjeeling,Darjeeling Pulbazar,1,Eastern Himalayas (Perhumid),#d1ed9c
WB,Darjeeling,Jorebunglow Sukiapokhri,1,Eastern Himalayas (Perhumid),#d1ed9c
WB,Darjeeling,Kharibari,1,Assam & Bengal Plain (Subhumid–Humid),#9e0142
WB,Darjeeling,Kurseong,1,Eastern Himalayas (Perhumid),#d1ed9c
WB,Darjeeling,Matigara,2,Shared: Assam & Bengal Plain (Subhumid–Humid) + Eastern Himalayas (Perhumid),#888888
WB,Darjeeling,Mirik,2,Shared: Assam & Bengal Plain (Subhumid–Humid) + Eastern Himalayas (Perhumid),#888888
WB,Darjeeling,Naxalbari,2,Shared: Assam & Bengal Plain (Subhumid–Humid) + Eastern Himalayas (Perhumid),#888888
WB,Darjeeling,Phansidewa,2,Shared: Assam & Bengal Plain (Subhumid–Humid) + Eastern Plain (Subhumid Moist),#888888
WB,Darjeeling,Rangli Rangliot,1,Eastern Himalayas (Perhumid),#d1ed9c
WB,Dinajpur Dakshin,Balurghat,1,Assam & Bengal Plain (Subhumid–Humid),#9e0142
WB,Dinajpur Dakshin,Bansihari,1,Assam & Bengal Plain (Subhumid–Humid),#9e0142
WB,Dinajpur Dakshin,Gangarampur,1,Assam & Bengal Plain (Subhumid–Humid),#9e0142
WB,Dinajpur Dakshin,Harirampur,1,Assam & Bengal Plain (Subhumid–Humid),#9e0142
WB,Dinajpur Dakshin,Hilli,1,Assam & Bengal Plain (Subhumid–Humid),#9e0142
WB,Dinajpur Dakshin,Kumarganj,1,Assam & Bengal Plain (Subhumid–Humid),#9e0142
WB,Dinajpur Dakshin,Kushmundi,1,Assam & Bengal Plain (Subhumid–Humid),#9e0142
WB,Dinajpur Dakshin,Tapan,1,Assam & Bengal Plain (Subhumid–Humid),#9e0142
WB,Dinajpur Uttar,Chopra,2,Shared: Assam & Bengal Plain (Subhumid–Humid) + Eastern Plain (Subhumid Moist),#888888
WB,Dinajpur Uttar,Goalpokhar - I,2,Shared: Assam & Bengal Plain (Subhumid–Humid) + Eastern Plain (Subhumid Moist),#888888
WB,Dinajpur Uttar,Goalpokhar - II,2,Shared: Assam & Bengal Plain (Subhumid–Humid) + Eastern Plain (Subhumid Moist),#888888
WB,Dinajpur Uttar,Hemtabad,1,Assam & Bengal Plain (Subhumid–Humid),#9e0142
WB,Dinajpur Uttar,Islampur,2,Shared: Assam & Bengal Plain (Subhumid–Humid) + Eastern Plain (Subhumid Moist),#888888
WB,Dinajpur Uttar,Itahar,2,Shared: Assam & Bengal Plain (Subhumid–Humid) + Eastern Plain (Subhumid Moist),#888888
WB,Dinajpur Uttar,Kaliaganj,1,Assam & Bengal Plain (Subhumid–Humid),#9e0142
WB,Dinajpur Uttar,Karandighi,2,Shared: Assam & Bengal Plain (Subhumid–Humid) + Eastern Plain (Subhumid Moist),#888888
WB,Dinajpur Uttar,Raiganj,2,Shared: Assam & Bengal Plain (Subhumid–Humid) + Eastern Plain (Subhumid Moist),#888888
WB,Hooghly,Arambag,1,Assam & Bengal Plain (Subhumid–Humid),#9e0142
WB,Hooghly,Balagarh,1,Assam & Bengal Plain (Subhumid–Humid),#9e0142
WB,Hooghly,Chanditala - I,1,Assam & Bengal Plain (Subhumid–Humid),#9e0142
WB,Hooghly,Chanditala - II,1,Assam & Bengal Plain (Subhumid–Humid),#9e0142
WB,Hooghly,Chinsurah - Magra,1,Assam & Bengal Plain (Subhumid–Humid),#9e0142
WB,Hooghly,Dhaniakhali,1,Assam & Bengal Plain (Subhumid–Humid),#9e0142
WB,Hooghly,Goghat - I,1,Assam & Bengal Plain (Subhumid–Humid),#9e0142
WB,Hooghly,Goghat - II,1,Assam & Bengal Plain (Subhumid–Humid),#9e0142
WB,Hooghly,Haripal,1,Assam & Bengal Plain (Subhumid–Humid),#9e0142
WB,Hooghly,Jangipara,1,Assam & Bengal Plain (Subhumid–Humid),#9e0142
WB,Hooghly,Khanakul - I,1,Assam & Bengal Plain (Subhumid–Humid),#9e0142
WB,Hooghly,Khanakul - II,1,Assam & Bengal Plain (Subhumid–Humid),#9e0142
WB,Hooghly,Pandua,1,Assam & Bengal Plain (Subhumid–Humid),#9e0142
WB,Hooghly,Polba - Dadpur,1,Assam & Bengal Plain (Subhumid–Humid),#9e0142
WB,Hooghly,Pursura,1,Assam & Bengal Plain (Subhumid–Humid),#9e0142
WB,Hooghly,Serampur Uttarpara,1,Assam & Bengal Plain (Subhumid–Humid),#9e0142
WB,Hooghly,Singur,1,Assam & Bengal Plain (Subhumid–Humid),#9e0142
WB,Hooghly,Tarakeswar,1,Assam & Bengal Plain (Subhumid–Humid),#9e0142
WB,Howrah,Amta - I,1,Assam & Bengal Plain (Subhumid–Humid),#9e0142
WB,Howrah,Amta - II,1,Assam & Bengal Plain (Subhumid–Humid),#9e0142
WB,Howrah,Bagnan - I,1,Assam & Bengal Plain (Subhumid–Humid),#9e0142
WB,Howrah,Bagnan - II,1,Assam & Bengal Plain (Subhumid–Humid),#9e0142
WB,Howrah,Bally Jagachha,1,Assam & Bengal Plain (Subhumid–Humid),#9e0142
WB,Howrah,Domjur,1,Assam & Bengal Plain (Subhumid–Humid),#9e0142
WB,Howrah,Jagatballavpur,1,Assam & Bengal Plain (Subhumid–Humid),#9e0142
WB,Howrah,Panchla,1,Assam & Bengal Plain (Subhumid–Humid),#9e0142
WB,Howrah,Sankrail,1,Assam & Bengal Plain (Subhumid–Humid),#9e0142
WB,Howrah,Shyampur - I,1,Assam & Bengal Plain (Subhumid–Humid),#9e0142
WB,Howrah,Shyampur - II,1,Assam & Bengal Plain (Subhumid–Humid),#9e0142
WB,Howrah,Udaynarayanpur,1,Assam & Bengal Plain (Subhumid–Humid),#9e0142
WB,Howrah,Uluberia - I,1,Assam & Bengal Plain (Subhumid–Humid),#9e0142
WB,Howrah,Uluberia - II,1,Assam & Bengal Plain (Subhumid–Humid),#9e0142
WB,Jalpaiguri,Dhupguri,2,Shared: Assam & Bengal Plain (Subhumid–Humid) + Eastern Himalayas (Perhumid),#888888
WB,Jalpaiguri,Jalpaiguri,2,Shared: Assam & Bengal Plain (Subhumid–Humid) + Eastern Himalayas (Perhumid),#888888
WB,Jalpaiguri,Mal,2,Shared: Assam & Bengal Plain (Subhumid–Humid) + Eastern Himalayas (Perhumid),#888888
WB,Jalpaiguri,Matiali,1,Eastern Himalayas (Perhumid),#d1ed9c
WB,Jalpaiguri,Maynaguri,2,Shared: Assam & Bengal Plain (Subhumid–Humid) + Eastern Himalayas (Perhumid),#888888
WB,Jalpaiguri,Nagrakata,1,Eastern Himalayas (Perhumid),#d1ed9c
WB,Jalpaiguri,Rajganj,2,Shared: Assam & Bengal Plain (Subhumid–Humid) + Eastern Himalayas (Perhumid),#888888
WB,Jhargram,Binpur - I,1,Eastern Plateau (Chhotanagpur) & Eastern Ghats (Subhumid),#5cb7aa
WB,Jhargram,Binpur - II,1,Eastern Plateau (Chhotanagpur) & Eastern Ghats (Subhumid),#5cb7aa
WB,Jhargram,Gopiballavpur - I,1,Eastern Plateau (Chhotanagpur) & Eastern Ghats (Subhumid),#5cb7aa
WB,Jhargram,Gopiballavpur - II,1,Eastern Plateau (Chhotanagpur) & Eastern Ghats (Subhumid),#5cb7aa
WB,Jhargram,Jamboni,1,Eastern Plateau (Chhotanagpur) & Eastern Ghats (Subhumid),#5cb7aa
WB,Jhargram,Jhargram,2,Shared: Assam & Bengal Plain (Subhumid–Humid) + Eastern Plateau (Chhotanagpur) & Eastern Ghats (Subhumid),#888888
WB,Jhargram,Nayagram,2,Shared: Assam & Bengal Plain (Subhumid–Humid) + Eastern Plateau (Chhotanagpur) & Eastern Ghats (Subhumid),#888888
WB,Jhargram,Sankrail,2,Shared: Assam & Bengal Plain (Subhumid–Humid) + Eastern Plateau (Chhotanagpur) & Eastern Ghats (Subhumid),#888888
WB,Kalimpong,Gorubathan,1,Eastern Himalayas (Perhumid),#d1ed9c
WB,Kalimpong,Kalimpong - II,1,Eastern Himalayas (Perhumid),#d1ed9c
WB,Kalimpong,Kalimpong -I,1,Eastern Himalayas (Perhumid),#d1ed9c
WB,Kolkata,Kolkata,1,Assam & Bengal Plain (Subhumid–Humid),#9e0142
WB,Maldah,Bamangola,1,Assam & Bengal Plain (Subhumid–Humid),#9e0142
WB,Maldah,Chanchal - I,2,Shared: Assam & Bengal Plain (Subhumid–Humid) + Eastern Plain (Subhumid Moist),#888888
WB,Maldah,Chanchal - II,1,Assam & Bengal Plain (Subhumid–Humid),#9e0142
WB,Maldah,English Bazar,1,Assam & Bengal Plain (Subhumid–Humid),#9e0142
WB,Maldah,Gazole,1,Assam & Bengal Plain (Subhumid–Humid),#9e0142
WB,Maldah,Habibpur,1,Assam & Bengal Plain (Subhumid–Humid),#9e0142
WB,Maldah,Harischandrapur - I,2,Shared: Assam & Bengal Plain (Subhumid–Humid) + Eastern Plain (Subhumid Moist),#888888
WB,Maldah,Harischandrapur - II,2,Shared: Assam & Bengal Plain (Subhumid–Humid) + Eastern Plain (Subhumid Moist),#888888
WB,Maldah,Kaliachak - I,1,Assam & Bengal Plain (Subhumid–Humid),#9e0142
WB,Maldah,Kaliachak - II,2,Shared: Assam & Bengal Plain (Subhumid–Humid) + Eastern Plateau (Chhotanagpur) & Eastern Ghats (Subhumid),#888888
WB,Maldah,Kaliachak - III,2,Shared: Assam & Bengal Plain (Subhumid–Humid) + Eastern Plateau (Chhotanagpur) & Eastern Ghats (Subhumid),#888888
WB,Maldah,Maldah (Old),1,Assam & Bengal Plain (Subhumid–Humid),#9e0142
WB,Maldah,Manikchak,3,Shared: Assam & Bengal Plain (Subhumid–Humid) + Eastern Plain (Subhumid Moist) + Eastern Plateau (Chhotanagpur) & Eastern Ghats (Subhumid),#888888
WB,Maldah,Ratua - I,2,Shared: Assam & Bengal Plain (Subhumid–Humid) + Eastern Plain (Subhumid Moist),#888888
WB,Maldah,Ratua - II,1,Assam & Bengal Plain (Subhumid–Humid),#9e0142
WB,Medinipur East,Bhagawanpur - I,2,Shared: Assam & Bengal Plain (Subhumid–Humid) + Eastern Coastal Plain (Subhumid–Semi-Arid),#888888
WB,Medinipur East,Bhagawanpur - II,1,Eastern Coastal Plain (Subhumid–Semi-Arid),#fff1a8
WB,Medinipur East,Chandipur,2,Shared: Assam & Bengal Plain (Subhumid–Humid) + Eastern Coastal Plain (Subhumid–Semi-Arid),#888888
WB,Medinipur East,Contai - I,1,Eastern Coastal Plain (Subhumid–Semi-Arid),#fff1a8
WB,Medinipur East,Contai - III,1,Eastern Coastal Plain (Subhumid–Semi-Arid),#fff1a8
WB,Medinipur East,Deshopran,1,Eastern Coastal Plain (Subhumid–Semi-Arid),#fff1a8
WB,Medinipur East,Egra - I,1,Eastern Coastal Plain (Subhumid–Semi-Arid),#fff1a8
WB,Medinipur East,Egra - II,1,Eastern Coastal Plain (Subhumid–Semi-Arid),#fff1a8
WB,Medinipur East,Haldia,2,Shared: Assam & Bengal Plain (Subhumid–Humid) + Eastern Coastal Plain (Subhumid–Semi-Arid),#888888
WB,Medinipur East,Khejuri - I,1,Eastern Coastal Plain (Subhumid–Semi-Arid),#fff1a8
WB,Medinipur East,Khejuri - II,1,Eastern Coastal Plain (Subhumid–Semi-Arid),#fff1a8
WB,Medinipur East,Kolaghat,1,Assam & Bengal Plain (Subhumid–Humid),#9e0142
WB,Medinipur East,Mahisadal,1,Assam & Bengal Plain (Subhumid–Humid),#9e0142
WB,Medinipur East,Moyna,1,Assam & Bengal Plain (Subhumid–Humid),#9e0142
WB,Medinipur East,Nanda Kumar,1,Assam & Bengal Plain (Subhumid–Humid),#9e0142
WB,Medinipur East,Nandigram - I,1,Eastern Coastal Plain (Subhumid–Semi-Arid),#fff1a8
WB,Medinipur East,Nandigram - II,2,Shared: Assam & Bengal Plain (Subhumid–Humid) + Eastern Coastal Plain (Subhumid–Semi-Arid),#888888
WB,Medinipur East,Panskura,1,Assam & Bengal Plain (Subhumid–Humid),#9e0142
WB,Medinipur East,Potashpur - I,2,Shared: Assam & Bengal Plain (Subhumid–Humid) + Eastern Coastal Plain (Subhumid–Semi-Arid),#888888
WB,Medinipur East,Potashpur - II,1,Eastern Coastal Plain (Subhumid–Semi-Arid),#fff1a8
WB,Medinipur East,Ramnagar - I,1,Eastern Coastal Plain (Subhumid–Semi-Arid),#fff1a8
WB,Medinipur East,Ramnagar - II,1,Eastern Coastal Plain (Subhumid–Semi-Arid),#fff1a8
WB,Medinipur East,Sahid Matangini,1,Assam & Bengal Plain (Subhumid–Humid),#9e0142
WB,Medinipur East,Sutahata,1,Assam & Bengal Plain (Subhumid–Humid),#9e0142
WB,Medinipur East,Tamluk,1,Assam & Bengal Plain (Subhumid–Humid),#9e0142
WB,Medinipur West,Chandrakona - I,1,Assam & Bengal Plain (Subhumid–Humid),#9e0142
WB,Medinipur West,Chandrakona - II,1,Assam & Bengal Plain (Subhumid–Humid),#9e0142
WB,Medinipur West,Dantan - I,3,Shared: Assam & Bengal Plain (Subhumid–Humid) + Eastern Coastal Plain (Subhumid–Semi-Arid) + Eastern Plateau (Chhotanagpur) & Eastern Ghats (Subhumid),#888888
WB,Medinipur West,Dantan - II,2,Shared: Assam & Bengal Plain (Subhumid–Humid) + Eastern Coastal Plain (Subhumid–Semi-Arid),#888888
WB,Medinipur West,Daspur - I,1,Assam & Bengal Plain (Subhumid–Humid),#9e0142
WB,Medinipur West,Daspur - II,1,Assam & Bengal Plain (Subhumid–Humid),#9e0142
WB,Medinipur West,Debra,1,Assam & Bengal Plain (Subhumid–Humid),#9e0142
WB,Medinipur West,Garbeta - I,1,Assam & Bengal Plain (Subhumid–Humid),#9e0142
WB,Medinipur West,Garbeta - II,2,Shared: Assam & Bengal Plain (Subhumid–Humid) + Eastern Plateau (Chhotanagpur) & Eastern Ghats (Subhumid),#888888
WB,Medinipur West,Garbeta - III,1,Assam & Bengal Plain (Subhumid–Humid),#9e0142
WB,Medinipur West,Ghatal,1,Assam & Bengal Plain (Subhumid–Humid),#9e0142
WB,Medinipur West,Keshiary,2,Shared: Assam & Bengal Plain (Subhumid–Humid) + Eastern Plateau (Chhotanagpur) & Eastern Ghats (Subhumid),#888888
WB,Medinipur West,Keshpur,1,Assam & Bengal Plain (Subhumid–Humid),#9e0142
WB,Medinipur West,Kharagpur - I,2,Shared: Assam & Bengal Plain (Subhumid–Humid) + Eastern Plateau (Chhotanagpur) & Eastern Ghats (Subhumid),#888888
WB,Medinipur West,Kharagpur - II,1,Assam & Bengal Plain (Subhumid–Humid),#9e0142
WB,Medinipur West,Midnapore,2,Shared: Assam & Bengal Plain (Subhumid–Humid) + Eastern Plateau (Chhotanagpur) & Eastern Ghats (Subhumid),#888888
WB,Medinipur West,Mohanpur,1,Eastern Coastal Plain (Subhumid–Semi-Arid),#fff1a8
WB,Medinipur West,Narayangarh,2,Shared: Assam & Bengal Plain (Subhumid–Humid) + Eastern Coastal Plain (Subhumid–Semi-Arid),#888888
WB,Medinipur West,Pingla,1,Assam & Bengal Plain (Subhumid–Humid),#9e0142
WB,Medinipur West,Sabang,2,Shared: Assam & Bengal Plain (Subhumid–Humid) + Eastern Coastal Plain (Subhumid–Semi-Arid),#888888
WB,Medinipur West,Salbani,2,Shared: Assam & Bengal Plain (Subhumid–Humid) + Eastern Plateau (Chhotanagpur) & Eastern Ghats (Subhumid),#888888
WB,Murshidabad,Beldanga - I,1,Assam & Bengal Plain (Subhumid–Humid),#9e0142
WB,Murshidabad,Beldanga - II,1,Assam & Bengal Plain (Subhumid–Humid),#9e0142
WB,Murshidabad,Berhampore,1,Assam & Bengal Plain (Subhumid–Humid),#9e0142
WB,Murshidabad,Bhagawangola - I,1,Assam & Bengal Plain (Subhumid–Humid),#9e0142
WB,Murshidabad,Bhagawangola - II,1,Assam & Bengal Plain (Subhumid–Humid),#9e0142
WB,Murshidabad,Bharatpur - I,1,Assam & Bengal Plain (Subhumid–Humid),#9e0142
WB,Murshidabad,Bharatpur - II,1,Assam & Bengal Plain (Subhumid–Humid),#9e0142
WB,Murshidabad,Burwan,1,Assam & Bengal Plain (Subhumid–Humid),#9e0142
WB,Murshidabad,Domkal,1,Assam & Bengal Plain (Subhumid–Humid),#9e0142
WB,Murshidabad,Farakka,2,Shared: Assam & Bengal Plain (Subhumid–Humid) + Eastern Plateau (Chhotanagpur) & Eastern Ghats (Subhumid),#888888
WB,Murshidabad,Hariharpara,1,Assam & Bengal Plain (Subhumid–Humid),#9e0142
WB,Murshidabad,Jalangi,1,Assam & Bengal Plain (Subhumid–Humid),#9e0142
WB,Murshidabad,Kandi,1,Assam & Bengal Plain (Subhumid–Humid),#9e0142
WB,Murshidabad,Khargram,1,Assam & Bengal Plain (Subhumid–Humid),#9e0142
WB,Murshidabad,Lalgola,1,Assam & Bengal Plain (Subhumid–Humid),#9e0142
WB,Murshidabad,Murshidabad Jiaganj,1,Assam & Bengal Plain (Subhumid–Humid),#9e0142
WB,Murshidabad,Nabagram,1,Assam & Bengal Plain (Subhumid–Humid),#9e0142
WB,Murshidabad,Nawda,1,Assam & Bengal Plain (Subhumid–Humid),#9e0142
WB,Murshidabad,Raghunathganj - I,1,Assam & Bengal Plain (Subhumid–Humid),#9e0142
WB,Murshidabad,Raghunathganj - II,1,Assam & Bengal Plain (Subhumid–Humid),#9e0142
WB,Murshidabad,Raninagar - I,1,Assam & Bengal Plain (Subhumid–Humid),#9e0142
WB,Murshidabad,Raninagar - II,1,Assam & Bengal Plain (Subhumid–Humid),#9e0142
WB,Murshidabad,Sagardighi,1,Assam & Bengal Plain (Subhumid–Humid),#9e0142
WB,Murshidabad,Samserganj,2,Shared: Assam & Bengal Plain (Subhumid–Humid) + Eastern Plateau (Chhotanagpur) & Eastern Ghats (Subhumid),#888888
WB,Murshidabad,Suti - I,2,Shared: Assam & Bengal Plain (Subhumid–Humid) + Eastern Plateau (Chhotanagpur) & Eastern Ghats (Subhumid),#888888
WB,Murshidabad,Suti - II,2,Shared: Assam & Bengal Plain (Subhumid–Humid) + Eastern Plateau (Chhotanagpur) & Eastern Ghats (Subhumid),#888888
WB,Nadia,Chakdah,1,Assam & Bengal Plain (Subhumid–Humid),#9e0142
WB,Nadia,Chapra,1,Assam & Bengal Plain (Subhumid–Humid),#9e0142
WB,Nadia,Hanskhali,1,Assam & Bengal Plain (Subhumid–Humid),#9e0142
WB,Nadia,Haringhata,1,Assam & Bengal Plain (Subhumid–Humid),#9e0142
WB,Nadia,Kaliganj,1,Assam & Bengal Plain (Subhumid–Humid),#9e0142
WB,Nadia,Karimpur - I,1,Assam & Bengal Plain (Subhumid–Humid),#9e0142
WB,Nadia,Karimpur - II,1,Assam & Bengal Plain (Subhumid–Humid),#9e0142
WB,Nadia,Krishnaganj,1,Assam & Bengal Plain (Subhumid–Humid),#9e0142
WB,Nadia,Krishnagar - I,1,Assam & Bengal Plain (Subhumid–Humid),#9e0142
WB,Nadia,Krishnagar - II,1,Assam & Bengal Plain (Subhumid–Humid),#9e0142
WB,Nadia,Nabadwip,1,Assam & Bengal Plain (Subhumid–Humid),#9e0142
WB,Nadia,Nakashipara,1,Assam & Bengal Plain (Subhumid–Humid),#9e0142
WB,Nadia,Ranaghat - I,1,Assam & Bengal Plain (Subhumid–Humid),#9e0142
WB,Nadia,Ranaghat - II,1,Assam & Bengal Plain (Subhumid–Humid),#9e0142
WB,Nadia,Santipur,1,Assam & Bengal Plain (Subhumid–Humid),#9e0142
WB,Nadia,Tehatta - I,1,Assam & Bengal Plain (Subhumid–Humid),#9e0142
WB,Nadia,Tehatta - II,1,Assam & Bengal Plain (Subhumid–Humid),#9e0142
WB,Paschim Bardhaman,Barabani,1,Eastern Plateau (Chhotanagpur) & Eastern Ghats (Subhumid),#5cb7aa
WB,Paschim Bardhaman,Faridpur Durgapur,2,Shared: Assam & Bengal Plain (Subhumid–Humid) + Eastern Plateau (Chhotanagpur) & Eastern Ghats (Subhumid),#888888
WB,Paschim Bardhaman,Jamuria,1,Eastern Plateau (Chhotanagpur) & Eastern Ghats (Subhumid),#5cb7aa
WB,Paschim Bardhaman,Kanksa,2,Shared: Assam & Bengal Plain (Subhumid–Humid) + Eastern Plateau (Chhotanagpur) & Eastern Ghats (Subhumid),#888888
WB,Paschim Bardhaman,Ondal,1,Eastern Plateau (Chhotanagpur) & Eastern Ghats (Subhumid),#5cb7aa
WB,Paschim Bardhaman,Pandabeswar,1,Eastern Plateau (Chhotanagpur) & Eastern Ghats (Subhumid),#5cb7aa
WB,Paschim Bardhaman,Raniganj,1,Eastern Plateau (Chhotanagpur) & Eastern Ghats (Subhumid),#5cb7aa
WB,Paschim Bardhaman,Salanpur,1,Eastern Plateau (Chhotanagpur) & Eastern Ghats (Subhumid),#5cb7aa
WB,Purba Bardhaman,Ausgram - I,1,Assam & Bengal Plain (Subhumid–Humid),#9e0142
WB,Purba Bardhaman,Ausgram - II,1,Assam & Bengal Plain (Subhumid–Humid),#9e0142
WB,Purba Bardhaman,Bhatar,1,Assam & Bengal Plain (Subhumid–Humid),#9e0142
WB,Purba Bardhaman,Burdwan - I,1,Assam & Bengal Plain (Subhumid–Humid),#9e0142
WB,Purba Bardhaman,Burdwan - II,1,Assam & Bengal Plain (Subhumid–Humid),#9e0142
WB,Purba Bardhaman,Galsi - I,1,Assam & Bengal Plain (Subhumid–Humid),#9e0142
WB,Purba Bardhaman,Galsi - II,1,Assam & Bengal Plain (Subhumid–Humid),#9e0142
WB,Purba Bardhaman,Jamalpur,1,Assam & Bengal Plain (Subhumid–Humid),#9e0142
WB,Purba Bardhaman,Kalna - I,1,Assam & Bengal Plain (Subhumid–Humid),#9e0142
WB,Purba Bardhaman,Kalna - II,1,Assam & Bengal Plain (Subhumid–Humid),#9e0142
WB,Purba Bardhaman,Katwa - I,1,Assam & Bengal Plain (Subhumid–Humid),#9e0142
WB,Purba Bardhaman,Katwa - II,1,Assam & Bengal Plain (Subhumid–Humid),#9e0142
WB,Purba Bardhaman,Ketugram - I,1,Assam & Bengal Plain (Subhumid–Humid),#9e0142
WB,Purba Bardhaman,Ketugram - II,1,Assam & Bengal Plain (Subhumid–Humid),#9e0142
WB,Purba Bardhaman,Khandaghosh,1,Assam & Bengal Plain (Subhumid–Humid),#9e0142
WB,Purba Bardhaman,Mangolkote,1,Assam & Bengal Plain (Subhumid–Humid),#9e0142
WB,Purba Bardhaman,Manteswar,1,Assam & Bengal Plain (Subhumid–Humid),#9e0142
WB,Purba Bardhaman,Memari - I,1,Assam & Bengal Plain (Subhumid–Humid),#9e0142
WB,Purba Bardhaman,Memari - II,1,Assam & Bengal Plain (Subhumid–Humid),#9e0142
WB,Purba Bardhaman,Purbasthali - I,1,Assam & Bengal Plain (Subhumid–Humid),#9e0142
WB,Purba Bardhaman,Purbasthali - II,1,Assam & Bengal Plain (Subhumid–Humid),#9e0142
WB,Purba Bardhaman,Raina - I,1,Assam & Bengal Plain (Subhumid–Humid),#9e0142
WB,Purba Bardhaman,Raina - II,1,Assam & Bengal Plain (Subhumid–Humid),#9e0142
WB,Purulia,Arsha,1,Eastern Plateau (Chhotanagpur) & Eastern Ghats (Subhumid),#5cb7aa
WB,Purulia,Bagmundi,1,Eastern Plateau (Chhotanagpur) & Eastern Ghats (Subhumid),#5cb7aa
WB,Purulia,Balarampur,1,Eastern Plateau (Chhotanagpur) & Eastern Ghats (Subhumid),#5cb7aa
WB,Purulia,Barabazar,1,Eastern Plateau (Chhotanagpur) & Eastern Ghats (Subhumid),#5cb7aa
WB,Purulia,Bundwan,1,Eastern Plateau (Chhotanagpur) & Eastern Ghats (Subhumid),#5cb7aa
WB,Purulia,Hura,1,Eastern Plateau (Chhotanagpur) & Eastern Ghats (Subhumid),#5cb7aa
WB,Purulia,Jaipur,1,Eastern Plateau (Chhotanagpur) & Eastern Ghats (Subhumid),#5cb7aa
WB,Purulia,Jhalda - I,1,Eastern Plateau (Chhotanagpur) & Eastern Ghats (Subhumid),#5cb7aa
WB,Purulia,Jhalda - II,1,Eastern Plateau (Chhotanagpur) & Eastern Ghats (Subhumid),#5cb7aa
WB,Purulia,Kashipur,1,Eastern Plateau (Chhotanagpur) & Eastern Ghats (Subhumid),#5cb7aa
WB,Purulia,Manbazar - I,1,Eastern Plateau (Chhotanagpur) & Eastern Ghats (Subhumid),#5cb7aa
WB,Purulia,Manbazar - II,1,Eastern Plateau (Chhotanagpur) & Eastern Ghats (Subhumid),#5cb7aa
WB,Purulia,Neturia,1,Eastern Plateau (Chhotanagpur) & Eastern Ghats (Subhumid),#5cb7aa
WB,Purulia,Para,1,Eastern Plateau (Chhotanagpur) & Eastern Ghats (Subhumid),#5cb7aa
WB,Purulia,Puncha,1,Eastern Plateau (Chhotanagpur) & Eastern Ghats (Subhumid),#5cb7aa
WB,Purulia,Purulia - I,1,Eastern Plateau (Chhotanagpur) & Eastern Ghats (Subhumid),#5cb7aa
WB,Purulia,Purulia - II,1,Eastern Plateau (Chhotanagpur) & Eastern Ghats (Subhumid),#5cb7aa
WB,Purulia,Raghunathpur - I,1,Eastern Plateau (Chhotanagpur) & Eastern Ghats (Subhumid),#5cb7aa
WB,Purulia,Raghunathpur - II,1,Eastern Plateau (Chhotanagpur) & Eastern Ghats (Subhumid),#5cb7aa
WB,Purulia,Santuri,1,Eastern Plateau (Chhotanagpur) & Eastern Ghats (Subhumid),#5cb7aa
